subject_id,visit_name,visit_date,visit_status,treatment_assignment,visit_completed,visit_not_completed_reason,visit_comments
ONC-0001,Screening,2026-03-23,Completed,Placebo,Yes,,
ONC-0001,Baseline,2026-03-24,Completed,Placebo,Yes,,
ONC-0001,Week 2,2026-04-06,Completed,Placebo,Yes,,
ONC-0001,Week 4,2026-04-18,Completed,Placebo,Yes,,
ONC-0001,Week 8,2026-05-20,Completed,Placebo,Yes,,
ONC-0001,Week 12,2026-06-11,Completed,Placebo,Yes,,
ONC-0001,End of Study,2026-06-25,Completed,Placebo,Yes,,
ONC-0002,Screening,2026-05-31,Completed,Placebo,Yes,,
ONC-0002,Baseline,2026-06-01,Completed,Placebo,Yes,,
ONC-0002,Week 2,2026-06-16,Completed,Placebo,Yes,,
ONC-0002,Week 4,2026-07-01,Completed,Placebo,Yes,,
ONC-0002,Week 8,2026-07-20,Completed,Placebo,Yes,,
ONC-0002,Week 12,2026-08-29,Completed,Placebo,Yes,,
ONC-0002,End of Study,2026-08-24,Completed,Placebo,Yes,,
ONC-0003,Screening,2026-02-23,Completed,ABC-101 50 mg,Yes,,
ONC-0003,Baseline,2026-02-24,Completed,ABC-101 50 mg,Yes,,
ONC-0003,Week 2,2026-03-06,Completed,ABC-101 50 mg,Yes,,
ONC-0003,Week 4,2026-03-25,Completed,ABC-101 50 mg,Yes,,
ONC-0003,Week 8,2026-04-18,Completed,ABC-101 50 mg,Yes,,
ONC-0003,Week 12,2026-05-13,Completed,ABC-101 50 mg,Yes,,
ONC-0003,End of Study,2026-05-23,Completed,ABC-101 50 mg,Yes,,
ONC-0004,Screening,2026-05-23,Completed,ABC-101 50 mg,Yes,,
ONC-0004,Baseline,2026-05-24,Completed,ABC-101 50 mg,Yes,,
ONC-0004,Week 2,2026-06-09,Completed,ABC-101 50 mg,Yes,,
ONC-0004,Week 4,2026-06-20,Missed,ABC-101 50 mg,No,,
ONC-0004,Week 8,2026-07-22,Completed,ABC-101 50 mg,Yes,,
ONC-0004,Week 12,2026-08-22,Completed,ABC-101 50 mg,Yes,,
ONC-0004,End of Study,2026-08-17,Completed,ABC-101 50 mg,Yes,,
ONC-0005,Screening,2026-04-04,Completed,Placebo,Yes,,
ONC-0005,Baseline,2026-04-05,Completed,Placebo,Yes,,
ONC-0005,Week 2,2026-04-16,Completed,Placebo,Yes,,
ONC-0005,Week 4,2026-05-03,Missed,Placebo,No,Missed appointment,
ONC-0005,Week 8,2026-05-29,Completed,Placebo,Yes,,
ONC-0005,Week 12,2026-06-20,Completed,Placebo,Yes,,
ONC-0005,End of Study,2026-07-08,Completed,Placebo,Yes,,
ONC-0006,Screening,2026-05-06,Completed,Placebo,Yes,,
ONC-0006,Baseline,2026-05-07,Completed,Placebo,Yes,,
ONC-0006,Week 2,2026-05-18,Completed,Placebo,Yes,,
ONC-0006,Week 4,2026-06-04,Completed,Placebo,Yes,,
ONC-0006,Week 8,2026-06-24,Completed,Placebo,Yes,,
ONC-0006,Week 12,2026-08-02,Completed,Placebo,Yes,,
ONC-0006,End of Study,2026-08-02,Completed,Placebo,Yes,,
ONC-0007,Screening,2026-01-13,Completed,ABC-101 50 mg,Yes,,
ONC-0007,Baseline,2026-01-14,Completed,ABC-101 50 mg,Yes,,
ONC-0007,Week 2,2026-01-24,Completed,ABC-101 50 mg,Yes,,
ONC-0007,Week 4,2026-02-07,Missed,ABC-101 50 mg,No,Subject withdrew before visit,
ONC-0007,Week 8,2026-03-14,Completed,ABC-101 50 mg,Yes,,
ONC-0007,Week 12,2026-04-05,Completed,ABC-101 50 mg,Yes,,
ONC-0007,End of Study,2026-04-18,Completed,ABC-101 50 mg,Yes,,
ONC-0008,Screening,2026-06-10,Completed,ABC-101 100 mg,Yes,,
ONC-0008,Baseline,2026-06-11,Completed,ABC-101 100 mg,Yes,,
ONC-0008,Week 2,2026-06-27,Completed,ABC-101 100 mg,Yes,,
ONC-0008,Week 4,2026-07-12,Completed,ABC-101 100 mg,Yes,,
ONC-0008,Week 8,2026-08-03,Completed,ABC-101 100 mg,Yes,,
ONC-0008,Week 12,2026-08-30,Completed,ABC-101 100 mg,Yes,,
ONC-0008,End of Study,2026-09-12,Completed,ABC-101 100 mg,Yes,,
ONC-0009,Screening,2026-06-28,Completed,Placebo,Yes,,
ONC-0010,Screening,2026-04-03,Completed,ABC-101 100 mg,Yes,,
ONC-0010,Baseline,2026-04-04,Completed,ABC-101 100 mg,Yes,,
ONC-0010,Week 2,2026-04-20,Completed,ABC-101 100 mg,Yes,,
ONC-0010,Week 4,2026-05-02,Completed,ABC-101 100 mg,Yes,,
ONC-0010,Week 8,2026-05-25,Completed,ABC-101 100 mg,Yes,,
ONC-0010,Week 12,2026-06-26,Completed,ABC-101 100 mg,Yes,,
ONC-0010,End of Study,2026-07-01,Completed,ABC-101 100 mg,Yes,,
ONC-0011,Screening,2026-03-16,Completed,ABC-101 100 mg,Yes,,
ONC-0011,Baseline,2026-03-17,Completed,ABC-101 100 mg,Yes,,
ONC-0011,Week 2,2026-03-27,Completed,ABC-101 100 mg,Yes,,
ONC-0011,Week 4,2026-04-09,Completed,ABC-101 100 mg,Yes,,
ONC-0011,Week 8,2026-05-17,Completed,ABC-101 100 mg,Yes,,
ONC-0011,Week 12,2026-06-15,Completed,ABC-101 100 mg,Yes,,
ONC-0011,End of Study,2026-06-20,Completed,ABC-101 100 mg,Yes,,
ONC-0012,Screening,2026-04-19,Completed,ABC-101 100 mg,Yes,,
ONC-0012,Baseline,2026-04-20,Completed,ABC-101 100 mg,Yes,,
ONC-0012,Week 2,2026-05-06,Completed,ABC-101 100 mg,Yes,,
ONC-0012,Week 4,2026-05-19,Completed,ABC-101 100 mg,Yes,,
ONC-0012,Week 8,2026-06-19,Completed,ABC-101 100 mg,Yes,,
ONC-0012,Week 12,2026-07-19,Completed,ABC-101 100 mg,Yes,,
ONC-0012,End of Study,2026-07-15,Completed,ABC-101 100 mg,Yes,,
ONC-0013,Screening,2026-01-24,Completed,Placebo,Yes,,
ONC-0014,Screening,2026-02-09,Completed,ABC-101 100 mg,Yes,,
ONC-0014,Baseline,2026-02-10,Completed,ABC-101 100 mg,Yes,,
ONC-0014,Week 2,2026-02-25,Completed,ABC-101 100 mg,Yes,,
ONC-0014,Week 4,2026-03-10,Completed,ABC-101 100 mg,Yes,,
ONC-0014,Week 8,2026-04-11,Completed,ABC-101 100 mg,Yes,,
ONC-0014,Week 12,2026-04-30,Completed,ABC-101 100 mg,Yes,,
ONC-0014,End of Study,2026-05-10,Completed,ABC-101 100 mg,Yes,,
ONC-0015,Screening,2026-06-27,Completed,Placebo,Yes,,
ONC-0015,Baseline,2026-06-28,Completed,Placebo,Yes,,
ONC-0015,Week 2,2026-07-14,Completed,Placebo,Yes,,
ONC-0015,Week 4,2026-07-27,Completed,Placebo,Yes,,
ONC-0015,Week 8,2026-08-17,Completed,Placebo,Yes,,
ONC-0015,Week 12,2026-09-18,Completed,Placebo,Yes,,
ONC-0015,End of Study,2026-09-28,Completed,Placebo,Yes,,
ONC-0016,Screening,2026-04-10,Completed,ABC-101 50 mg,Yes,,
ONC-0016,Baseline,2026-04-11,Completed,ABC-101 50 mg,Yes,,
ONC-0016,Week 2,2026-04-21,Completed,ABC-101 50 mg,Yes,,
ONC-0016,Week 4,2026-05-12,Completed,ABC-101 50 mg,Yes,,
ONC-0016,Week 8,2026-05-29,Completed,ABC-101 50 mg,Yes,,
ONC-0016,Week 12,2026-06-26,Completed,ABC-101 50 mg,Yes,,
ONC-0016,End of Study,2026-07-13,Completed,ABC-101 50 mg,Yes,,
ONC-0017,Screening,2026-06-15,Completed,ABC-101 50 mg,Yes,,
ONC-0017,Baseline,2026-06-16,Completed,ABC-101 50 mg,Yes,,
ONC-0017,Week 2,2026-06-26,Completed,ABC-101 50 mg,Yes,,
ONC-0017,Week 4,2026-07-08,Completed,ABC-101 50 mg,Yes,,
ONC-0017,Week 8,2026-08-17,Completed,ABC-101 50 mg,Yes,,
ONC-0017,Week 12,2026-09-09,Completed,ABC-101 50 mg,Yes,,
ONC-0017,End of Study,2026-09-11,Completed,ABC-101 50 mg,Yes,,
ONC-0018,Screening,2026-05-27,Completed,Placebo,Yes,,
ONC-0018,Baseline,2026-05-28,Completed,Placebo,Yes,,
ONC-0018,Week 2,2026-06-12,Completed,Placebo,Yes,,
ONC-0018,Week 4,2026-06-22,Completed,Placebo,Yes,,
ONC-0018,Week 8,2026-07-16,Completed,Placebo,Yes,,
ONC-0018,Week 12,2026-08-21,Completed,Placebo,Yes,,
ONC-0018,End of Study,2026-08-21,Completed,Placebo,Yes,,
ONC-0019,Screening,2026-04-13,Completed,ABC-101 100 mg,Yes,,
ONC-0019,Baseline,2026-04-14,Completed,ABC-101 100 mg,Yes,,
ONC-0019,Week 2,2026-04-26,Completed,ABC-101 100 mg,Yes,,
ONC-0019,Week 4,2026-05-12,Completed,ABC-101 100 mg,Yes,,
ONC-0019,Week 8,2026-06-13,Completed,ABC-101 100 mg,Yes,,
ONC-0019,Week 12,2026-07-09,Missed,ABC-101 100 mg,No,Scheduling conflict,
ONC-0019,End of Study,2026-07-13,Completed,ABC-101 100 mg,Yes,,
ONC-0020,Screening,2026-05-04,Completed,ABC-101 50 mg,Yes,,
ONC-0020,Baseline,2026-05-05,Completed,ABC-101 50 mg,Yes,,
ONC-0020,Week 2,2026-05-21,Completed,ABC-101 50 mg,Yes,,
ONC-0020,Week 4,2026-05-29,Completed,ABC-101 50 mg,Yes,,
ONC-0020,Week 8,2026-07-06,Completed,ABC-101 50 mg,Yes,,
ONC-0020,Week 12,2026-08-02,Completed,ABC-101 50 mg,Yes,,
ONC-0020,End of Study,2026-07-28,Completed,ABC-101 50 mg,Yes,,
ONC-0021,Screening,2026-04-10,Completed,ABC-101 50 mg,Yes,,
ONC-0021,Baseline,2026-04-11,Completed,ABC-101 50 mg,Yes,,
ONC-0021,Week 2,2026-04-21,Missed,ABC-101 50 mg,No,Subject unavailable,
ONC-0021,Week 4,2026-05-05,Completed,ABC-101 50 mg,Yes,,
ONC-0021,Week 8,2026-05-30,Completed,ABC-101 50 mg,Yes,,
ONC-0021,Week 12,2026-07-05,Completed,ABC-101 50 mg,Yes,,
ONC-0021,End of Study,2026-07-14,Completed,ABC-101 50 mg,Yes,,
ONC-0022,Screening,2026-04-17,Completed,Placebo,Yes,,
ONC-0022,Baseline,2026-04-18,Completed,Placebo,Yes,,
ONC-0022,Week 2,2026-04-30,Completed,Placebo,Yes,,
ONC-0022,Week 4,2026-05-13,Completed,Placebo,Yes,,
ONC-0022,Week 8,2026-06-16,Completed,Placebo,Yes,,
ONC-0022,Week 12,2026-07-05,Missed,Placebo,No,Subject withdrew before visit,
ONC-0022,End of Study,2026-07-13,Completed,Placebo,Yes,,
ONC-0023,Screening,2026-02-24,Completed,Placebo,Yes,,
ONC-0023,Baseline,2026-02-25,Completed,Placebo,Yes,,
ONC-0023,Week 2,2026-03-08,Completed,Placebo,Yes,,
ONC-0023,Week 4,2026-03-24,Completed,Placebo,Yes,,
ONC-0023,Week 8,2026-04-28,Completed,Placebo,Yes,,
ONC-0023,Week 12,2026-05-24,Completed,Placebo,Yes,,
ONC-0023,End of Study,2026-05-25,Completed,Placebo,Yes,,
ONC-0024,Screening,2026-04-01,Completed,Placebo,Yes,,
ONC-0024,Baseline,2026-04-02,Completed,Placebo,Yes,,
ONC-0024,Week 2,2026-04-14,Completed,Placebo,Yes,,
ONC-0024,Week 4,2026-05-03,Completed,Placebo,Yes,,
ONC-0024,Week 8,2026-06-01,Completed,Placebo,Yes,,
ONC-0024,Week 12,2026-06-24,Completed,Placebo,Yes,,
ONC-0024,End of Study,2026-06-24,Completed,Placebo,Yes,,
ONC-0025,Screening,2026-03-17,Completed,ABC-101 50 mg,Yes,,
ONC-0025,Baseline,2026-03-18,Completed,ABC-101 50 mg,Yes,,
ONC-0025,Week 2,2026-03-30,Completed,ABC-101 50 mg,Yes,,
ONC-0025,Week 4,2026-04-17,Completed,ABC-101 50 mg,Yes,,
ONC-0025,Week 8,2026-05-08,Completed,ABC-101 50 mg,Yes,,
ONC-0025,Week 12,2026-06-11,Completed,ABC-101 50 mg,Yes,,
ONC-0025,End of Study,2026-06-20,Completed,ABC-101 50 mg,Yes,,
ONC-0026,Screening,2026-02-17,Completed,ABC-101 100 mg,Yes,,
ONC-0026,Baseline,2026-02-18,Completed,ABC-101 100 mg,Yes,,
ONC-0026,Week 2,2026-03-03,Completed,ABC-101 100 mg,Yes,,
ONC-0026,Week 4,2026-03-19,Completed,ABC-101 100 mg,Yes,,
ONC-0026,Week 8,2026-04-08,Completed,ABC-101 100 mg,Yes,,
ONC-0026,Week 12,2026-05-08,Completed,ABC-101 100 mg,Yes,,
ONC-0026,End of Study,2026-05-11,Completed,ABC-101 100 mg,Yes,,
ONC-0027,Screening,2026-01-17,Completed,ABC-101 100 mg,Yes,,
ONC-0027,Baseline,2026-01-18,Completed,ABC-101 100 mg,Yes,,
ONC-0027,Week 2,2026-02-03,Completed,ABC-101 100 mg,Yes,,
ONC-0027,Week 4,2026-02-18,Completed,ABC-101 100 mg,Yes,,
ONC-0027,Week 8,2026-03-07,Completed,ABC-101 100 mg,Yes,,
ONC-0027,Week 12,2026-04-09,Completed,ABC-101 100 mg,Yes,,
ONC-0027,End of Study,2026-04-22,Completed,ABC-101 100 mg,Yes,,
ONC-0028,Screening,2026-05-28,Completed,ABC-101 100 mg,Yes,,
ONC-0028,Baseline,2026-05-29,Completed,ABC-101 100 mg,Yes,,
ONC-0028,Week 2,2026-06-10,Completed,ABC-101 100 mg,Yes,,
ONC-0028,Week 4,2026-06-23,Completed,ABC-101 100 mg,Yes,,
ONC-0028,Week 8,2026-07-30,Completed,ABC-101 100 mg,Yes,,
ONC-0028,Week 12,2026-08-14,Completed,ABC-101 100 mg,Yes,,
ONC-0028,End of Study,2026-08-26,Completed,ABC-101 100 mg,Yes,,
ONC-0029,Screening,2026-06-02,Completed,ABC-101 100 mg,Yes,,
ONC-0029,Baseline,2026-06-03,Completed,ABC-101 100 mg,Yes,,
ONC-0029,Week 2,2026-06-17,Completed,ABC-101 100 mg,Yes,,
ONC-0029,Week 4,2026-06-27,Completed,ABC-101 100 mg,Yes,,
ONC-0029,Week 8,2026-07-31,Completed,ABC-101 100 mg,Yes,,
ONC-0029,Week 12,2026-08-23,Completed,ABC-101 100 mg,Yes,,
ONC-0029,End of Study,2026-09-03,Completed,ABC-101 100 mg,Yes,,
ONC-0030,Screening,2026-01-15,Completed,ABC-101 50 mg,Yes,,
ONC-0030,Baseline,2026-01-16,Completed,ABC-101 50 mg,Yes,,
ONC-0030,Week 2,2026-02-01,Completed,ABC-101 50 mg,Yes,,
ONC-0030,Week 4,2026-02-11,Completed,ABC-101 50 mg,Yes,,
ONC-0030,Week 8,2026-03-12,Completed,ABC-101 50 mg,Yes,,
ONC-0030,Week 12,2026-04-15,Completed,ABC-101 50 mg,Yes,,
ONC-0030,End of Study,2026-04-16,Completed,ABC-101 50 mg,Yes,,
ONC-0031,Screening,2026-03-23,Completed,ABC-101 50 mg,Yes,,
ONC-0031,Baseline,2026-03-24,Completed,ABC-101 50 mg,Yes,,
ONC-0031,Week 2,2026-04-05,Completed,ABC-101 50 mg,Yes,,
ONC-0031,Week 4,2026-04-17,Completed,ABC-101 50 mg,Yes,,
ONC-0031,Week 8,2026-05-24,Completed,ABC-101 50 mg,Yes,,
ONC-0031,Week 12,2026-06-18,Completed,ABC-101 50 mg,Yes,,
ONC-0031,End of Study,2026-06-23,Completed,ABC-101 50 mg,Yes,,
ONC-0032,Screening,2026-01-10,Completed,ABC-101 100 mg,Yes,,
ONC-0032,Baseline,2026-01-11,Completed,ABC-101 100 mg,Yes,,
ONC-0032,Week 2,2026-01-23,Completed,ABC-101 100 mg,Yes,,
ONC-0032,Week 4,2026-02-10,Completed,ABC-101 100 mg,Yes,,
ONC-0032,Week 8,2026-03-07,Completed,ABC-101 100 mg,Yes,,
ONC-0032,Week 12,2026-03-28,Completed,ABC-101 100 mg,Yes,,
ONC-0032,End of Study,2026-04-08,Completed,ABC-101 100 mg,Yes,,
ONC-0033,Screening,2026-06-19,Completed,ABC-101 100 mg,Yes,,
ONC-0033,Baseline,2026-06-20,Completed,ABC-101 100 mg,Yes,,
ONC-0033,Week 2,2026-07-01,Completed,ABC-101 100 mg,Yes,,
ONC-0033,Week 4,2026-07-14,Completed,ABC-101 100 mg,Yes,,
ONC-0033,Week 8,2026-08-17,Completed,ABC-101 100 mg,Yes,,
ONC-0033,Week 12,2026-09-12,Completed,ABC-101 100 mg,Yes,,
ONC-0033,End of Study,2026-09-16,Missed,ABC-101 100 mg,No,Scheduling conflict,
ONC-0034,Screening,2026-02-28,Completed,Placebo,Yes,,
ONC-0034,Baseline,2026-03-01,Completed,Placebo,Yes,,
ONC-0034,Week 2,2026-03-16,Completed,Placebo,Yes,,
ONC-0034,Week 4,2026-03-25,Completed,Placebo,Yes,,
ONC-0034,Week 8,2026-04-18,Completed,Placebo,Yes,,
ONC-0034,Week 12,2026-05-24,Completed,Placebo,Yes,,
ONC-0034,End of Study,2026-05-22,Completed,Placebo,Yes,,
ONC-0035,Screening,2026-05-22,Completed,ABC-101 50 mg,Yes,,
ONC-0035,Baseline,2026-05-23,Completed,ABC-101 50 mg,Yes,,
ONC-0035,Week 2,2026-06-08,Completed,ABC-101 50 mg,Yes,,
ONC-0035,Week 4,2026-06-15,Completed,ABC-101 50 mg,Yes,,
ONC-0035,Week 8,2026-07-17,Completed,ABC-101 50 mg,Yes,,
ONC-0035,Week 12,2026-08-13,Completed,ABC-101 50 mg,Yes,,
ONC-0035,End of Study,2026-08-16,Completed,ABC-101 50 mg,Yes,,
ONC-0036,Screening,2026-06-10,Completed,ABC-101 100 mg,Yes,,
ONC-0036,Baseline,2026-06-11,Completed,ABC-101 100 mg,Yes,,
ONC-0036,Week 2,2026-06-23,Completed,ABC-101 100 mg,Yes,,
ONC-0036,Week 4,2026-07-03,Completed,ABC-101 100 mg,Yes,,
ONC-0036,Week 8,2026-08-11,Completed,ABC-101 100 mg,Yes,,
ONC-0036,Week 12,2026-08-30,Completed,ABC-101 100 mg,Yes,,
ONC-0036,End of Study,2026-09-05,Completed,ABC-101 100 mg,Yes,,
ONC-0037,Screening,2026-03-01,Completed,ABC-101 100 mg,Yes,,
ONC-0037,Baseline,2026-03-02,Completed,ABC-101 100 mg,Yes,,
ONC-0037,Week 2,2026-03-15,Completed,ABC-101 100 mg,Yes,,
ONC-0037,Week 4,2026-03-28,Completed,ABC-101 100 mg,Yes,,
ONC-0037,Week 8,2026-04-26,Completed,ABC-101 100 mg,Yes,,
ONC-0037,Week 12,2026-05-17,Missed,ABC-101 100 mg,No,Scheduling conflict,
ONC-0037,End of Study,2026-05-31,Completed,ABC-101 100 mg,Yes,,
ONC-0038,Screening,2026-03-21,Completed,Placebo,Yes,,
ONC-0038,Baseline,2026-03-22,Completed,Placebo,Yes,,
ONC-0038,Week 2,2026-04-02,Completed,Placebo,Yes,,
ONC-0038,Week 4,2026-04-13,Completed,Placebo,Yes,,
ONC-0038,Week 8,2026-05-21,Completed,Placebo,Yes,,
ONC-0038,Week 12,2026-06-18,Completed,Placebo,Yes,,
ONC-0038,End of Study,2026-06-17,Completed,Placebo,Yes,,
ONC-0039,Screening,2026-06-13,Completed,ABC-101 50 mg,Yes,,
ONC-0040,Screening,2026-05-17,Completed,Placebo,Yes,,
ONC-0040,Baseline,2026-05-18,Completed,Placebo,Yes,,
ONC-0040,Week 2,2026-06-02,Completed,Placebo,Yes,,
ONC-0040,Week 4,2026-06-12,Completed,Placebo,Yes,,
ONC-0040,Week 8,2026-07-18,Completed,Placebo,Yes,,
ONC-0040,Week 12,2026-08-13,Completed,Placebo,Yes,,
ONC-0040,End of Study,2026-08-11,Completed,Placebo,Yes,,
ONC-0041,Screening,2026-05-11,Completed,Placebo,Yes,,
ONC-0041,Baseline,2026-05-12,Completed,Placebo,Yes,,
ONC-0041,Week 2,2026-05-28,Completed,Placebo,Yes,,
ONC-0041,Week 4,2026-06-13,Completed,Placebo,Yes,,
ONC-0041,Week 8,2026-07-07,Completed,Placebo,Yes,,
ONC-0041,Week 12,2026-08-05,Completed,Placebo,Yes,,
ONC-0041,End of Study,2026-08-16,Completed,Placebo,Yes,,
ONC-0042,Screening,2026-02-11,Completed,Placebo,Yes,,
ONC-0042,Baseline,2026-02-12,Completed,Placebo,Yes,,
ONC-0042,Week 2,2026-02-27,Completed,Placebo,Yes,,
ONC-0042,Week 4,2026-03-11,Completed,Placebo,Yes,,
ONC-0042,Week 8,2026-04-13,Completed,Placebo,Yes,,
ONC-0042,Week 12,2026-05-08,Completed,Placebo,Yes,,
ONC-0042,End of Study,2026-05-12,Completed,Placebo,Yes,,
ONC-0043,Screening,2026-06-15,Completed,ABC-101 50 mg,Yes,,
ONC-0043,Baseline,2026-06-16,Completed,ABC-101 50 mg,Yes,,
ONC-0043,Week 2,2026-06-27,Completed,ABC-101 50 mg,Yes,,
ONC-0043,Week 4,2026-07-15,Completed,ABC-101 50 mg,Yes,,
ONC-0043,Week 8,2026-08-08,Completed,ABC-101 50 mg,Yes,,
ONC-0043,Week 12,2026-09-06,Completed,ABC-101 50 mg,Yes,,
ONC-0043,End of Study,2026-09-19,Completed,ABC-101 50 mg,Yes,,
ONC-0044,Screening,2026-05-12,Completed,Placebo,Yes,,
ONC-0044,Baseline,2026-05-13,Completed,Placebo,Yes,,
ONC-0044,Week 2,2026-05-26,Completed,Placebo,Yes,,
ONC-0044,Week 4,2026-06-14,Completed,Placebo,Yes,,
ONC-0044,Week 8,2026-07-06,Completed,Placebo,Yes,,
ONC-0044,Week 12,2026-07-29,Completed,Placebo,Yes,,
ONC-0044,End of Study,2026-08-11,Completed,Placebo,Yes,,
ONC-0045,Screening,2026-03-05,Completed,ABC-101 100 mg,Yes,,
ONC-0045,Baseline,2026-03-06,Completed,ABC-101 100 mg,Yes,,
ONC-0045,Week 2,2026-03-17,Completed,ABC-101 100 mg,Yes,,
ONC-0045,Week 4,2026-03-30,Completed,ABC-101 100 mg,Yes,,
ONC-0045,Week 8,2026-05-06,Completed,ABC-101 100 mg,Yes,,
ONC-0045,Week 12,2026-05-21,Completed,ABC-101 100 mg,Yes,,
ONC-0045,End of Study,2026-06-05,Completed,ABC-101 100 mg,Yes,,
ONC-0046,Screening,2026-05-02,Completed,Placebo,Yes,,
ONC-0046,Baseline,2026-05-03,Completed,Placebo,Yes,,
ONC-0046,Week 2,2026-05-16,Completed,Placebo,Yes,,
ONC-0046,Week 4,2026-05-29,Completed,Placebo,Yes,,
ONC-0046,Week 8,2026-06-27,Completed,Placebo,Yes,,
ONC-0046,Week 12,2026-07-25,Completed,Placebo,Yes,,
ONC-0046,End of Study,2026-08-01,Completed,Placebo,Yes,,
ONC-0047,Screening,2026-01-23,Completed,ABC-101 100 mg,Yes,,
ONC-0048,Screening,2026-04-14,Completed,ABC-101 100 mg,Yes,,
ONC-0048,Baseline,2026-04-15,Completed,ABC-101 100 mg,Yes,,
ONC-0048,Week 2,2026-04-28,Completed,ABC-101 100 mg,Yes,,
ONC-0048,Week 4,2026-05-11,Completed,ABC-101 100 mg,Yes,,
ONC-0048,Week 8,2026-06-13,Completed,ABC-101 100 mg,Yes,,
ONC-0048,Week 12,2026-07-09,Completed,ABC-101 100 mg,Yes,,
ONC-0048,End of Study,2026-07-19,Completed,ABC-101 100 mg,Yes,,
ONC-0049,Screening,2026-04-08,Completed,ABC-101 100 mg,Yes,,
ONC-0049,Baseline,2026-04-09,Completed,ABC-101 100 mg,Yes,,
ONC-0049,Week 2,2026-04-19,Completed,ABC-101 100 mg,Yes,,
ONC-0049,Week 4,2026-05-03,Completed,ABC-101 100 mg,Yes,,
ONC-0049,Week 8,2026-06-09,Completed,ABC-101 100 mg,Yes,,
ONC-0049,Week 12,2026-07-03,Completed,ABC-101 100 mg,Yes,,
ONC-0049,End of Study,2026-07-10,Completed,ABC-101 100 mg,Yes,,
ONC-0050,Screening,2026-03-09,Completed,ABC-101 50 mg,Yes,,
ONC-0050,Baseline,2026-03-10,Completed,ABC-101 50 mg,Yes,,
ONC-0050,Week 2,2026-03-24,Completed,ABC-101 50 mg,Yes,,
ONC-0050,Week 4,2026-04-10,Missed,ABC-101 50 mg,No,Subject withdrew before visit,
ONC-0050,Week 8,2026-04-27,Completed,ABC-101 50 mg,Yes,,
ONC-0050,Week 12,2026-05-27,Completed,ABC-101 50 mg,Yes,,
ONC-0050,End of Study,2026-06-10,Completed,ABC-101 50 mg,Yes,,
ONC-0051,Screening,2026-04-28,Completed,ABC-101 50 mg,Yes,,
ONC-0051,Baseline,2026-04-29,Completed,ABC-101 50 mg,Yes,,
ONC-0051,Week 2,2026-05-10,Completed,ABC-101 50 mg,Yes,,
ONC-0051,Week 4,2026-05-27,Completed,ABC-101 50 mg,Yes,,
ONC-0051,Week 8,2026-06-21,Completed,ABC-101 50 mg,Yes,,
ONC-0051,Week 12,2026-07-25,Completed,ABC-101 50 mg,Yes,,
ONC-0051,End of Study,2026-07-21,Completed,ABC-101 50 mg,Yes,,
ONC-0052,Screening,2026-06-23,Completed,ABC-101 100 mg,Yes,,
ONC-0052,Baseline,2026-06-24,Completed,ABC-101 100 mg,Yes,,
ONC-0052,Week 2,2026-07-06,Completed,ABC-101 100 mg,Yes,,
ONC-0052,Week 4,2026-07-26,Completed,ABC-101 100 mg,Yes,,
ONC-0052,Week 8,2026-08-23,Completed,ABC-101 100 mg,Yes,,
ONC-0052,Week 12,2026-09-10,Completed,ABC-101 100 mg,Yes,,
ONC-0052,End of Study,2026-09-22,Completed,ABC-101 100 mg,Yes,,
ONC-0053,Screening,2026-03-10,Completed,ABC-101 100 mg,Yes,,
ONC-0053,Baseline,2026-03-11,Completed,ABC-101 100 mg,Yes,,
ONC-0053,Week 2,2026-03-21,Completed,ABC-101 100 mg,Yes,,
ONC-0053,Week 4,2026-04-06,Completed,ABC-101 100 mg,Yes,,
ONC-0053,Week 8,2026-05-11,Completed,ABC-101 100 mg,Yes,,
ONC-0053,Week 12,2026-06-03,Completed,ABC-101 100 mg,Yes,,
ONC-0053,End of Study,2026-06-12,Completed,ABC-101 100 mg,Yes,,
ONC-0054,Screening,2026-03-28,Completed,ABC-101 100 mg,Yes,,
ONC-0054,Baseline,2026-03-29,Completed,ABC-101 100 mg,Yes,,
ONC-0054,Week 2,2026-04-08,Completed,ABC-101 100 mg,Yes,,
ONC-0054,Week 4,2026-04-20,Completed,ABC-101 100 mg,Yes,,
ONC-0054,Week 8,2026-05-16,Completed,ABC-101 100 mg,Yes,,
ONC-0054,Week 12,2026-06-20,Completed,ABC-101 100 mg,Yes,,
ONC-0054,End of Study,2026-07-01,Completed,ABC-101 100 mg,Yes,,
ONC-0055,Screening,2026-04-28,Completed,ABC-101 50 mg,Yes,,
ONC-0056,Screening,2026-03-26,Completed,Placebo,Yes,,
ONC-0056,Baseline,2026-03-27,Completed,Placebo,Yes,,
ONC-0056,Week 2,2026-04-06,Completed,Placebo,Yes,,
ONC-0056,Week 4,2026-04-21,Completed,Placebo,Yes,,
ONC-0056,Week 8,2026-05-15,Completed,Placebo,Yes,,
ONC-0056,Week 12,2026-06-14,Completed,Placebo,Yes,,
ONC-0056,End of Study,2026-06-26,Completed,Placebo,Yes,,
ONC-0057,Screening,2026-02-04,Completed,ABC-101 50 mg,Yes,,
ONC-0058,Screening,2026-06-18,Completed,ABC-101 100 mg,Yes,,
ONC-0058,Baseline,2026-06-19,Completed,ABC-101 100 mg,Yes,,
ONC-0058,Week 2,2026-07-03,Completed,ABC-101 100 mg,Yes,,
ONC-0058,Week 4,2026-07-14,Completed,ABC-101 100 mg,Yes,,
ONC-0058,Week 8,2026-08-19,Completed,ABC-101 100 mg,Yes,,
ONC-0058,Week 12,2026-09-13,Completed,ABC-101 100 mg,Yes,,
ONC-0058,End of Study,2026-09-22,Completed,ABC-101 100 mg,Yes,,
ONC-0059,Screening,2026-06-14,Completed,ABC-101 50 mg,Yes,,
ONC-0059,Baseline,2026-06-15,Completed,ABC-101 50 mg,Yes,,
ONC-0059,Week 2,2026-06-28,Completed,ABC-101 50 mg,Yes,,
ONC-0059,Week 4,2026-07-10,Completed,ABC-101 50 mg,Yes,,
ONC-0059,Week 8,2026-08-11,Completed,ABC-101 50 mg,Yes,,
ONC-0059,Week 12,2026-09-12,Completed,ABC-101 50 mg,Yes,,
ONC-0059,End of Study,2026-09-05,Completed,ABC-101 50 mg,Yes,,
ONC-0060,Screening,2026-04-13,Completed,Placebo,Yes,,
ONC-0060,Baseline,2026-04-14,Completed,Placebo,Yes,,
ONC-0060,Week 2,2026-04-29,Completed,Placebo,Yes,,
ONC-0060,Week 4,2026-05-15,Completed,Placebo,Yes,,
ONC-0060,Week 8,2026-06-09,Completed,Placebo,Yes,,
ONC-0060,Week 12,2026-07-12,Completed,Placebo,Yes,,
ONC-0060,End of Study,2026-07-11,Completed,Placebo,Yes,,
ONC-0061,Screening,2026-03-18,Completed,ABC-101 50 mg,Yes,,
ONC-0062,Screening,2026-03-07,Completed,ABC-101 50 mg,Yes,,
ONC-0062,Baseline,2026-03-08,Completed,ABC-101 50 mg,Yes,,
ONC-0062,Week 2,2026-03-24,Completed,ABC-101 50 mg,Yes,,
ONC-0062,Week 4,2026-04-02,Completed,ABC-101 50 mg,Yes,,
ONC-0062,Week 8,2026-05-03,Completed,ABC-101 50 mg,Yes,,
ONC-0062,Week 12,2026-05-31,Completed,ABC-101 50 mg,Yes,,
ONC-0062,End of Study,2026-06-12,Completed,ABC-101 50 mg,Yes,,
ONC-0063,Screening,2026-04-20,Completed,ABC-101 50 mg,Yes,,
ONC-0063,Baseline,2026-04-21,Completed,ABC-101 50 mg,Yes,,
ONC-0063,Week 2,2026-05-05,Completed,ABC-101 50 mg,Yes,,
ONC-0063,Week 4,2026-05-17,Completed,ABC-101 50 mg,Yes,,
ONC-0063,Week 8,2026-06-16,Completed,ABC-101 50 mg,Yes,,
ONC-0063,Week 12,2026-07-08,Completed,ABC-101 50 mg,Yes,,
ONC-0063,End of Study,2026-07-14,Completed,ABC-101 50 mg,Yes,,
ONC-0064,Screening,2026-04-04,Completed,Placebo,Yes,,
ONC-0064,Baseline,2026-04-05,Completed,Placebo,Yes,,
ONC-0064,Week 2,2026-04-20,Completed,Placebo,Yes,,
ONC-0064,Week 4,2026-05-05,Completed,Placebo,Yes,,
ONC-0064,Week 8,2026-06-06,Completed,Placebo,Yes,,
ONC-0064,Week 12,2026-07-04,Completed,Placebo,Yes,,
ONC-0064,End of Study,2026-06-26,Completed,Placebo,Yes,,
ONC-0065,Screening,2026-01-16,Completed,Placebo,Yes,,
ONC-0065,Baseline,2026-01-17,Completed,Placebo,Yes,,
ONC-0065,Week 2,2026-01-29,Completed,Placebo,Yes,,
ONC-0065,Week 4,2026-02-16,Completed,Placebo,Yes,,
ONC-0065,Week 8,2026-03-06,Completed,Placebo,Yes,,
ONC-0065,Week 12,2026-04-14,Completed,Placebo,Yes,,
ONC-0065,End of Study,2026-04-09,Completed,Placebo,Yes,,
ONC-0066,Screening,2026-02-13,Completed,Placebo,Yes,,
ONC-0067,Screening,2026-05-12,Completed,ABC-101 50 mg,Yes,,
ONC-0067,Baseline,2026-05-13,Completed,ABC-101 50 mg,Yes,,
ONC-0067,Week 2,2026-05-25,Completed,ABC-101 50 mg,Yes,,
ONC-0067,Week 4,2026-06-08,Completed,ABC-101 50 mg,Yes,,
ONC-0067,Week 8,2026-07-12,Completed,ABC-101 50 mg,Yes,,
ONC-0067,Week 12,2026-08-06,Completed,ABC-101 50 mg,Yes,,
ONC-0067,End of Study,2026-08-16,Completed,ABC-101 50 mg,Yes,,
ONC-0068,Screening,2026-05-01,Completed,ABC-101 100 mg,Yes,,
ONC-0068,Baseline,2026-05-02,Completed,ABC-101 100 mg,Yes,,
ONC-0068,Week 2,2026-05-15,Completed,ABC-101 100 mg,Yes,,
ONC-0068,Week 4,2026-06-01,Completed,ABC-101 100 mg,Yes,,
ONC-0068,Week 8,2026-06-19,Completed,ABC-101 100 mg,Yes,,
ONC-0068,Week 12,2026-07-26,Completed,ABC-101 100 mg,Yes,,
ONC-0068,End of Study,2026-08-04,Completed,ABC-101 100 mg,Yes,,
ONC-0069,Screening,2026-05-09,Completed,ABC-101 100 mg,Yes,,
ONC-0069,Baseline,2026-05-10,Completed,ABC-101 100 mg,Yes,,
ONC-0069,Week 2,2026-05-21,Completed,ABC-101 100 mg,Yes,,
ONC-0069,Week 4,2026-06-03,Completed,ABC-101 100 mg,Yes,,
ONC-0069,Week 8,2026-07-06,Completed,ABC-101 100 mg,Yes,,
ONC-0069,Week 12,2026-08-02,Completed,ABC-101 100 mg,Yes,,
ONC-0069,End of Study,2026-08-08,Completed,ABC-101 100 mg,Yes,,
ONC-0070,Screening,2026-05-18,Completed,Placebo,Yes,,
ONC-0070,Baseline,2026-05-19,Completed,Placebo,Yes,,
ONC-0070,Week 2,2026-06-01,Completed,Placebo,Yes,,
ONC-0070,Week 4,2026-06-20,Completed,Placebo,Yes,,
ONC-0070,Week 8,2026-07-07,Completed,Placebo,Yes,,
ONC-0070,Week 12,2026-08-10,Completed,Placebo,Yes,,
ONC-0070,End of Study,2026-08-21,Completed,Placebo,Yes,,
ONC-0071,Screening,2026-06-05,Completed,Placebo,Yes,,
ONC-0071,Baseline,2026-06-06,Completed,Placebo,Yes,,
ONC-0071,Week 2,2026-06-19,Completed,Placebo,Yes,,
ONC-0071,Week 4,2026-07-02,Completed,Placebo,Yes,,
ONC-0071,Week 8,2026-07-28,Completed,Placebo,Yes,,
ONC-0071,Week 12,2026-09-02,Completed,Placebo,Yes,,
ONC-0071,End of Study,2026-08-30,Completed,Placebo,Yes,,
ONC-0072,Screening,2026-02-22,Completed,Placebo,Yes,,
ONC-0072,Baseline,2026-02-23,Completed,Placebo,Yes,,
ONC-0072,Week 2,2026-03-07,Completed,Placebo,Yes,,
ONC-0072,Week 4,2026-03-22,Completed,Placebo,Yes,,
ONC-0072,Week 8,2026-04-23,Completed,Placebo,Yes,,
ONC-0072,Week 12,2026-05-21,Completed,Placebo,Yes,,
ONC-0072,End of Study,2026-05-24,Completed,Placebo,Yes,,
ONC-0073,Screening,2026-04-04,Completed,ABC-101 50 mg,Yes,,
ONC-0073,Baseline,2026-04-05,Completed,ABC-101 50 mg,Yes,,
ONC-0073,Week 2,2026-04-15,Completed,ABC-101 50 mg,Yes,,
ONC-0073,Week 4,2026-04-28,Completed,ABC-101 50 mg,Yes,,
ONC-0073,Week 8,2026-05-23,Completed,ABC-101 50 mg,Yes,,
ONC-0073,Week 12,2026-07-04,Completed,ABC-101 50 mg,Yes,,
ONC-0073,End of Study,2026-07-06,Completed,ABC-101 50 mg,Yes,,
ONC-0074,Screening,2026-04-27,Completed,Placebo,Yes,,
ONC-0074,Baseline,2026-04-28,Completed,Placebo,Yes,,
ONC-0074,Week 2,2026-05-12,Completed,Placebo,Yes,,
ONC-0074,Week 4,2026-05-26,Completed,Placebo,Yes,,
ONC-0074,Week 8,2026-06-29,Completed,Placebo,Yes,,
ONC-0074,Week 12,2026-07-26,Completed,Placebo,Yes,,
ONC-0074,End of Study,2026-07-28,Completed,Placebo,Yes,,
ONC-0075,Screening,2026-03-30,Completed,ABC-101 50 mg,Yes,,
ONC-0075,Baseline,2026-03-31,Completed,ABC-101 50 mg,Yes,,
ONC-0075,Week 2,2026-04-11,Completed,ABC-101 50 mg,Yes,,
ONC-0075,Week 4,2026-04-22,Completed,ABC-101 50 mg,Yes,,
ONC-0075,Week 8,2026-05-27,Completed,ABC-101 50 mg,Yes,,
ONC-0075,Week 12,2026-06-16,Completed,ABC-101 50 mg,Yes,,
ONC-0075,End of Study,2026-07-03,Completed,ABC-101 50 mg,Yes,,
ONC-0076,Screening,2026-05-25,Completed,ABC-101 100 mg,Yes,,
ONC-0076,Baseline,2026-05-26,Completed,ABC-101 100 mg,Yes,,
ONC-0076,Week 2,2026-06-10,Completed,ABC-101 100 mg,Yes,,
ONC-0076,Week 4,2026-06-20,Completed,ABC-101 100 mg,Yes,,
ONC-0076,Week 8,2026-07-18,Completed,ABC-101 100 mg,Yes,,
ONC-0076,Week 12,2026-08-10,Completed,ABC-101 100 mg,Yes,,
ONC-0076,End of Study,2026-08-20,Completed,ABC-101 100 mg,Yes,,
ONC-0077,Screening,2026-04-11,Completed,Placebo,Yes,,
ONC-0077,Baseline,2026-04-12,Completed,Placebo,Yes,,
ONC-0077,Week 2,2026-04-26,Completed,Placebo,Yes,,
ONC-0077,Week 4,2026-05-05,Completed,Placebo,Yes,,
ONC-0077,Week 8,2026-06-01,Completed,Placebo,Yes,,
ONC-0077,Week 12,2026-07-11,Missed,Placebo,No,Subject withdrew before visit,
ONC-0077,End of Study,2026-07-06,Completed,Placebo,Yes,,
ONC-0078,Screening,2026-02-09,Completed,Placebo,Yes,,
ONC-0078,Baseline,2026-02-10,Completed,Placebo,Yes,,
ONC-0078,Week 2,2026-02-24,Completed,Placebo,Yes,,
ONC-0078,Week 4,2026-03-04,Completed,Placebo,Yes,,
ONC-0078,Week 8,2026-04-08,Completed,Placebo,Yes,,
ONC-0078,Week 12,2026-04-30,Completed,Placebo,Yes,,
ONC-0078,End of Study,2026-05-09,Completed,Placebo,Yes,,
ONC-0079,Screening,2026-04-18,Completed,Placebo,Yes,,
ONC-0079,Baseline,2026-04-19,Completed,Placebo,Yes,,
ONC-0079,Week 2,2026-05-02,Completed,Placebo,Yes,,
ONC-0079,Week 4,2026-05-13,Completed,Placebo,Yes,,
ONC-0079,Week 8,2026-06-19,Completed,Placebo,Yes,,
ONC-0079,Week 12,2026-07-09,Completed,Placebo,Yes,,
ONC-0079,End of Study,2026-07-18,Completed,Placebo,Yes,,
ONC-0080,Screening,2026-01-05,Completed,Placebo,Yes,,
ONC-0080,Baseline,2026-01-06,Completed,Placebo,Yes,,
ONC-0080,Week 2,2026-01-22,Completed,Placebo,Yes,,
ONC-0080,Week 4,2026-02-07,Completed,Placebo,Yes,,
ONC-0080,Week 8,2026-03-03,Completed,Placebo,Yes,,
ONC-0080,Week 12,2026-04-02,Completed,Placebo,Yes,,
ONC-0080,End of Study,2026-04-01,Completed,Placebo,Yes,,
ONC-0081,Screening,2026-05-29,Completed,Placebo,Yes,,
ONC-0081,Baseline,2026-05-30,Completed,Placebo,Yes,,
ONC-0081,Week 2,2026-06-12,Completed,Placebo,Yes,,
ONC-0081,Week 4,2026-06-29,Completed,Placebo,Yes,,
ONC-0081,Week 8,2026-07-20,Missed,Placebo,No,Subject withdrew before visit,
ONC-0081,Week 12,2026-08-22,Completed,Placebo,Yes,,
ONC-0081,End of Study,2026-08-26,Completed,Placebo,Yes,,
ONC-0082,Screening,2026-04-28,Completed,ABC-101 50 mg,Yes,,
ONC-0082,Baseline,2026-04-29,Completed,ABC-101 50 mg,Yes,,
ONC-0082,Week 2,2026-05-12,Completed,ABC-101 50 mg,Yes,,
ONC-0082,Week 4,2026-05-31,Completed,ABC-101 50 mg,Yes,,
ONC-0082,Week 8,2026-06-28,Completed,ABC-101 50 mg,Yes,,
ONC-0082,Week 12,2026-07-17,Completed,ABC-101 50 mg,Yes,,
ONC-0082,End of Study,2026-07-22,Completed,ABC-101 50 mg,Yes,,
ONC-0083,Screening,2026-05-15,Completed,Placebo,Yes,,
ONC-0083,Baseline,2026-05-16,Completed,Placebo,Yes,,
ONC-0083,Week 2,2026-06-01,Completed,Placebo,Yes,,
ONC-0083,Week 4,2026-06-14,Completed,Placebo,Yes,,
ONC-0083,Week 8,2026-07-15,Completed,Placebo,Yes,,
ONC-0083,Week 12,2026-08-13,Completed,Placebo,Yes,,
ONC-0083,End of Study,2026-08-15,Completed,Placebo,Yes,,
ONC-0084,Screening,2026-05-21,Completed,ABC-101 50 mg,Yes,,
ONC-0084,Baseline,2026-05-22,Completed,ABC-101 50 mg,Yes,,
ONC-0084,Week 2,2026-06-03,Completed,ABC-101 50 mg,Yes,,
ONC-0084,Week 4,2026-06-21,Completed,ABC-101 50 mg,Yes,,
ONC-0084,Week 8,2026-07-22,Completed,ABC-101 50 mg,Yes,,
ONC-0084,Week 12,2026-08-18,Completed,ABC-101 50 mg,Yes,,
ONC-0084,End of Study,2026-08-17,Completed,ABC-101 50 mg,Yes,,
ONC-0085,Screening,2026-01-13,Completed,ABC-101 50 mg,Yes,,
ONC-0085,Baseline,2026-01-14,Completed,ABC-101 50 mg,Yes,,
ONC-0085,Week 2,2026-01-30,Completed,ABC-101 50 mg,Yes,,
ONC-0085,Week 4,2026-02-13,Completed,ABC-101 50 mg,Yes,,
ONC-0085,Week 8,2026-03-05,Completed,ABC-101 50 mg,Yes,,
ONC-0085,Week 12,2026-04-05,Completed,ABC-101 50 mg,Yes,,
ONC-0085,End of Study,2026-04-09,Completed,ABC-101 50 mg,Yes,,
ONC-0086,Screening,2026-01-19,Completed,ABC-101 100 mg,Yes,,
ONC-0086,Baseline,2026-01-20,Completed,ABC-101 100 mg,Yes,,
ONC-0086,Week 2,2026-01-30,Completed,ABC-101 100 mg,Yes,,
ONC-0086,Week 4,2026-02-15,Completed,ABC-101 100 mg,Yes,,
ONC-0086,Week 8,2026-03-19,Completed,ABC-101 100 mg,Yes,,
ONC-0086,Week 12,2026-04-11,Completed,ABC-101 100 mg,Yes,,
ONC-0086,End of Study,2026-04-21,Completed,ABC-101 100 mg,Yes,,
ONC-0087,Screening,2026-04-01,Completed,Placebo,Yes,,
ONC-0087,Baseline,2026-04-02,Completed,Placebo,Yes,,
ONC-0087,Week 2,2026-04-14,Completed,Placebo,Yes,,
ONC-0087,Week 4,2026-04-28,Completed,Placebo,Yes,,
ONC-0087,Week 8,2026-05-30,Completed,Placebo,Yes,,
ONC-0087,Week 12,2026-06-24,Completed,Placebo,Yes,,
ONC-0087,End of Study,2026-07-01,Completed,Placebo,Yes,,
ONC-0088,Screening,2026-02-15,Completed,Placebo,Yes,,
ONC-0088,Baseline,2026-02-16,Completed,Placebo,Yes,,
ONC-0088,Week 2,2026-02-26,Completed,Placebo,Yes,,
ONC-0088,Week 4,2026-03-17,Completed,Placebo,Yes,,
ONC-0088,Week 8,2026-04-07,Completed,Placebo,Yes,,
ONC-0088,Week 12,2026-05-12,Completed,Placebo,Yes,,
ONC-0088,End of Study,2026-05-15,Completed,Placebo,Yes,,
ONC-0089,Screening,2026-01-05,Completed,ABC-101 100 mg,Yes,,
ONC-0089,Baseline,2026-01-06,Completed,ABC-101 100 mg,Yes,,
ONC-0089,Week 2,2026-01-17,Completed,ABC-101 100 mg,Yes,,
ONC-0089,Week 4,2026-02-01,Completed,ABC-101 100 mg,Yes,,
ONC-0089,Week 8,2026-03-03,Completed,ABC-101 100 mg,Yes,,
ONC-0089,Week 12,2026-03-27,Completed,ABC-101 100 mg,Yes,,
ONC-0089,End of Study,2026-04-12,Completed,ABC-101 100 mg,Yes,,
ONC-0090,Screening,2026-06-25,Completed,Placebo,Yes,,
ONC-0090,Baseline,2026-06-26,Completed,Placebo,Yes,,
ONC-0090,Week 2,2026-07-06,Completed,Placebo,Yes,,
ONC-0090,Week 4,2026-07-18,Completed,Placebo,Yes,,
ONC-0090,Week 8,2026-08-26,Completed,Placebo,Yes,,
ONC-0090,Week 12,2026-09-17,Completed,Placebo,Yes,,
ONC-0090,End of Study,2026-09-20,Completed,Placebo,Yes,,
ONC-0091,Screening,2026-06-21,Completed,ABC-101 100 mg,Yes,,
ONC-0091,Baseline,2026-06-22,Completed,ABC-101 100 mg,Yes,,
ONC-0091,Week 2,2026-07-08,Completed,ABC-101 100 mg,Yes,,
ONC-0091,Week 4,2026-07-16,Missed,ABC-101 100 mg,No,Missed appointment,
ONC-0091,Week 8,2026-08-09,Missed,ABC-101 100 mg,No,Missed appointment,
ONC-0091,Week 12,2026-09-08,Completed,ABC-101 100 mg,Yes,,
ONC-0091,End of Study,2026-09-22,Completed,ABC-101 100 mg,Yes,,
ONC-0092,Screening,2026-03-04,Completed,ABC-101 100 mg,Yes,,
ONC-0093,Screening,2026-06-01,Completed,Placebo,Yes,,
ONC-0093,Baseline,2026-06-02,Completed,Placebo,Yes,,
ONC-0093,Week 2,2026-06-12,Completed,Placebo,Yes,,
ONC-0093,Week 4,2026-07-01,Completed,Placebo,Yes,,
ONC-0093,Week 8,2026-07-28,Completed,Placebo,Yes,,
ONC-0093,Week 12,2026-08-25,Completed,Placebo,Yes,,
ONC-0093,End of Study,2026-09-06,Completed,Placebo,Yes,,
ONC-0094,Screening,2026-02-02,Completed,Placebo,Yes,,
ONC-0094,Baseline,2026-02-03,Completed,Placebo,Yes,,
ONC-0094,Week 2,2026-02-15,Completed,Placebo,Yes,,
ONC-0094,Week 4,2026-03-05,Completed,Placebo,Yes,,
ONC-0094,Week 8,2026-03-26,Missed,Placebo,No,Subject unavailable,
ONC-0094,Week 12,2026-05-03,Completed,Placebo,Yes,,
ONC-0094,End of Study,2026-05-04,Completed,Placebo,Yes,,
ONC-0095,Screening,2026-04-08,Completed,ABC-101 100 mg,Yes,,
ONC-0095,Baseline,2026-04-09,Completed,ABC-101 100 mg,Yes,,
ONC-0095,Week 2,2026-04-25,Missed,ABC-101 100 mg,No,Subject unavailable,
ONC-0095,Week 4,2026-05-11,Completed,ABC-101 100 mg,Yes,,
ONC-0095,Week 8,2026-06-01,Completed,ABC-101 100 mg,Yes,,
ONC-0095,Week 12,2026-06-27,Completed,ABC-101 100 mg,Yes,,
ONC-0095,End of Study,2026-07-03,Completed,ABC-101 100 mg,Yes,,
ONC-0096,Screening,2026-03-12,Completed,ABC-101 100 mg,Yes,,
ONC-0096,Baseline,2026-03-13,Completed,ABC-101 100 mg,Yes,,
ONC-0096,Week 2,2026-03-25,Completed,ABC-101 100 mg,Yes,,
ONC-0096,Week 4,2026-04-13,Completed,ABC-101 100 mg,Yes,,
ONC-0096,Week 8,2026-05-12,Completed,ABC-101 100 mg,Yes,,
ONC-0096,Week 12,2026-05-28,Missed,ABC-101 100 mg,No,Scheduling conflict,
ONC-0096,End of Study,2026-06-17,Completed,ABC-101 100 mg,Yes,,
ONC-0097,Screening,2026-01-27,Completed,ABC-101 100 mg,Yes,,
ONC-0097,Baseline,2026-01-28,Completed,ABC-101 100 mg,Yes,,
ONC-0097,Week 2,2026-02-11,Completed,ABC-101 100 mg,Yes,,
ONC-0097,Week 4,2026-02-20,Completed,ABC-101 100 mg,Yes,,
ONC-0097,Week 8,2026-03-25,Completed,ABC-101 100 mg,Yes,,
ONC-0097,Week 12,2026-04-20,Completed,ABC-101 100 mg,Yes,,
ONC-0097,End of Study,2026-04-28,Completed,ABC-101 100 mg,Yes,,
ONC-0098,Screening,2026-02-12,Completed,Placebo,Yes,,
ONC-0098,Baseline,2026-02-13,Completed,Placebo,Yes,,
ONC-0098,Week 2,2026-02-23,Completed,Placebo,Yes,,
ONC-0098,Week 4,2026-03-13,Completed,Placebo,Yes,,
ONC-0098,Week 8,2026-04-02,Completed,Placebo,Yes,,
ONC-0098,Week 12,2026-05-04,Completed,Placebo,Yes,,
ONC-0098,End of Study,2026-05-17,Completed,Placebo,Yes,,
ONC-0099,Screening,2026-05-18,Completed,ABC-101 50 mg,Yes,,
ONC-0099,Baseline,2026-05-19,Completed,ABC-101 50 mg,Yes,,
ONC-0099,Week 2,2026-06-01,Completed,ABC-101 50 mg,Yes,,
ONC-0099,Week 4,2026-06-13,Completed,ABC-101 50 mg,Yes,,
ONC-0099,Week 8,2026-07-10,Completed,ABC-101 50 mg,Yes,,
ONC-0099,Week 12,2026-08-13,Completed,ABC-101 50 mg,Yes,,
ONC-0099,End of Study,2026-08-17,Completed,ABC-101 50 mg,Yes,,
ONC-0100,Screening,2026-03-18,Completed,Placebo,Yes,,
ONC-0100,Baseline,2026-03-19,Completed,Placebo,Yes,,
ONC-0100,Week 2,2026-03-31,Completed,Placebo,Yes,,
ONC-0100,Week 4,2026-04-14,Completed,Placebo,Yes,,
ONC-0100,Week 8,2026-05-12,Completed,Placebo,Yes,,
ONC-0100,Week 12,2026-06-16,Completed,Placebo,Yes,,
ONC-0100,End of Study,2026-06-09,Completed,Placebo,Yes,,
ONC-0101,Screening,2026-06-02,Completed,Placebo,Yes,,
ONC-0101,Baseline,2026-06-03,Completed,Placebo,Yes,,
ONC-0101,Week 2,2026-06-15,Completed,Placebo,Yes,,
ONC-0101,Week 4,2026-06-28,Completed,Placebo,Yes,,
ONC-0101,Week 8,2026-07-28,Completed,Placebo,Yes,,
ONC-0101,Week 12,2026-08-26,Completed,Placebo,Yes,,
ONC-0101,End of Study,2026-09-02,Completed,Placebo,Yes,,
ONC-0102,Screening,2026-03-15,Completed,ABC-101 50 mg,Yes,,
ONC-0102,Baseline,2026-03-16,Completed,ABC-101 50 mg,Yes,,
ONC-0102,Week 2,2026-03-30,Completed,ABC-101 50 mg,Yes,,
ONC-0102,Week 4,2026-04-17,Completed,ABC-101 50 mg,Yes,,
ONC-0102,Week 8,2026-05-15,Completed,ABC-101 50 mg,Yes,,
ONC-0102,Week 12,2026-06-13,Completed,ABC-101 50 mg,Yes,,
ONC-0102,End of Study,2026-06-16,Completed,ABC-101 50 mg,Yes,,
ONC-0103,Screening,2026-04-10,Completed,ABC-101 50 mg,Yes,,
ONC-0103,Baseline,2026-04-11,Completed,ABC-101 50 mg,Yes,,
ONC-0103,Week 2,2026-04-24,Completed,ABC-101 50 mg,Yes,,
ONC-0103,Week 4,2026-05-04,Completed,ABC-101 50 mg,Yes,,
ONC-0103,Week 8,2026-05-30,Completed,ABC-101 50 mg,Yes,,
ONC-0103,Week 12,2026-06-29,Completed,ABC-101 50 mg,Yes,,
ONC-0103,End of Study,2026-07-06,Completed,ABC-101 50 mg,Yes,,
ONC-0104,Screening,2026-02-14,Completed,ABC-101 50 mg,Yes,,
ONC-0104,Baseline,2026-02-15,Completed,ABC-101 50 mg,Yes,,
ONC-0104,Week 2,2026-02-26,Completed,ABC-101 50 mg,Yes,,
ONC-0104,Week 4,2026-03-11,Completed,ABC-101 50 mg,Yes,,
ONC-0104,Week 8,2026-04-04,Completed,ABC-101 50 mg,Yes,,
ONC-0104,Week 12,2026-05-09,Completed,ABC-101 50 mg,Yes,,
ONC-0104,End of Study,2026-05-08,Completed,ABC-101 50 mg,Yes,,
ONC-0105,Screening,2026-01-30,Completed,Placebo,Yes,,
ONC-0105,Baseline,2026-01-31,Completed,Placebo,Yes,,
ONC-0105,Week 2,2026-02-11,Completed,Placebo,Yes,,
ONC-0105,Week 4,2026-03-02,Completed,Placebo,Yes,,
ONC-0105,Week 8,2026-04-01,Completed,Placebo,Yes,,
ONC-0105,Week 12,2026-04-30,Completed,Placebo,Yes,,
ONC-0105,End of Study,2026-05-02,Completed,Placebo,Yes,,
ONC-0106,Screening,2026-03-24,Completed,ABC-101 100 mg,Yes,,
ONC-0106,Baseline,2026-03-25,Completed,ABC-101 100 mg,Yes,,
ONC-0106,Week 2,2026-04-04,Completed,ABC-101 100 mg,Yes,,
ONC-0106,Week 4,2026-04-19,Completed,ABC-101 100 mg,Yes,,
ONC-0106,Week 8,2026-05-18,Completed,ABC-101 100 mg,Yes,,
ONC-0106,Week 12,2026-06-19,Missed,ABC-101 100 mg,No,Scheduling conflict,
ONC-0106,End of Study,2026-06-26,Completed,ABC-101 100 mg,Yes,,
ONC-0107,Screening,2026-02-18,Completed,ABC-101 100 mg,Yes,,
ONC-0108,Screening,2026-04-19,Completed,ABC-101 100 mg,Yes,,
ONC-0108,Baseline,2026-04-20,Completed,ABC-101 100 mg,Yes,,
ONC-0108,Week 2,2026-04-30,Completed,ABC-101 100 mg,Yes,,
ONC-0108,Week 4,2026-05-22,Completed,ABC-101 100 mg,Yes,,
ONC-0108,Week 8,2026-06-18,Completed,ABC-101 100 mg,Yes,,
ONC-0108,Week 12,2026-07-07,Completed,ABC-101 100 mg,Yes,,
ONC-0108,End of Study,2026-07-20,Completed,ABC-101 100 mg,Yes,,
ONC-0109,Screening,2026-05-02,Completed,Placebo,Yes,,
ONC-0109,Baseline,2026-05-03,Completed,Placebo,Yes,,
ONC-0109,Week 2,2026-05-15,Completed,Placebo,Yes,,
ONC-0109,Week 4,2026-05-28,Completed,Placebo,Yes,,
ONC-0109,Week 8,2026-06-25,Missed,Placebo,No,Subject withdrew before visit,
ONC-0109,Week 12,2026-07-22,Completed,Placebo,Yes,,
ONC-0109,End of Study,2026-07-31,Completed,Placebo,Yes,,
ONC-0110,Screening,2026-04-19,Completed,ABC-101 100 mg,Yes,,
ONC-0110,Baseline,2026-04-20,Completed,ABC-101 100 mg,Yes,,
ONC-0110,Week 2,2026-05-05,Completed,ABC-101 100 mg,Yes,,
ONC-0110,Week 4,2026-05-20,Completed,ABC-101 100 mg,Yes,,
ONC-0110,Week 8,2026-06-19,Completed,ABC-101 100 mg,Yes,,
ONC-0110,Week 12,2026-07-08,Completed,ABC-101 100 mg,Yes,,
ONC-0110,End of Study,2026-07-11,Completed,ABC-101 100 mg,Yes,,
ONC-0111,Screening,2026-01-27,Completed,ABC-101 100 mg,Yes,,
ONC-0111,Baseline,2026-01-28,Completed,ABC-101 100 mg,Yes,,
ONC-0111,Week 2,2026-02-07,Completed,ABC-101 100 mg,Yes,,
ONC-0111,Week 4,2026-02-24,Completed,ABC-101 100 mg,Yes,,
ONC-0111,Week 8,2026-03-29,Completed,ABC-101 100 mg,Yes,,
ONC-0111,Week 12,2026-04-18,Completed,ABC-101 100 mg,Yes,,
ONC-0111,End of Study,2026-04-24,Missed,ABC-101 100 mg,No,Subject unavailable,
ONC-0112,Screening,2026-05-29,Completed,ABC-101 100 mg,Yes,,
ONC-0112,Baseline,2026-05-30,Completed,ABC-101 100 mg,Yes,,
ONC-0112,Week 2,2026-06-12,Completed,ABC-101 100 mg,Yes,,
ONC-0112,Week 4,2026-06-23,Completed,ABC-101 100 mg,Yes,,
ONC-0112,Week 8,2026-07-18,Completed,ABC-101 100 mg,Yes,,
ONC-0112,Week 12,2026-08-28,Completed,ABC-101 100 mg,Yes,,
ONC-0112,End of Study,2026-08-27,Completed,ABC-101 100 mg,Yes,,
ONC-0113,Screening,2026-04-16,Completed,ABC-101 100 mg,Yes,,
ONC-0113,Baseline,2026-04-17,Completed,ABC-101 100 mg,Yes,,
ONC-0113,Week 2,2026-04-28,Completed,ABC-101 100 mg,Yes,,
ONC-0113,Week 4,2026-05-09,Completed,ABC-101 100 mg,Yes,,
ONC-0113,Week 8,2026-06-04,Completed,ABC-101 100 mg,Yes,,
ONC-0113,Week 12,2026-07-05,Completed,ABC-101 100 mg,Yes,,
ONC-0113,End of Study,2026-07-10,Completed,ABC-101 100 mg,Yes,,
ONC-0114,Screening,2026-03-05,Completed,ABC-101 50 mg,Yes,,
ONC-0114,Baseline,2026-03-06,Completed,ABC-101 50 mg,Yes,,
ONC-0114,Week 2,2026-03-18,Completed,ABC-101 50 mg,Yes,,
ONC-0114,Week 4,2026-04-05,Completed,ABC-101 50 mg,Yes,,
ONC-0114,Week 8,2026-04-29,Completed,ABC-101 50 mg,Yes,,
ONC-0114,Week 12,2026-05-24,Missed,ABC-101 50 mg,No,Subject unavailable,
ONC-0114,End of Study,2026-06-08,Completed,ABC-101 50 mg,Yes,,
ONC-0115,Screening,2026-06-15,Completed,ABC-101 100 mg,Yes,,
ONC-0115,Baseline,2026-06-16,Completed,ABC-101 100 mg,Yes,,
ONC-0115,Week 2,2026-06-30,Completed,ABC-101 100 mg,Yes,,
ONC-0115,Week 4,2026-07-11,Missed,ABC-101 100 mg,No,Missed appointment,
ONC-0115,Week 8,2026-08-03,Completed,ABC-101 100 mg,Yes,,
ONC-0115,Week 12,2026-09-09,Completed,ABC-101 100 mg,Yes,,
ONC-0115,End of Study,2026-09-06,Completed,ABC-101 100 mg,Yes,,
ONC-0116,Screening,2026-05-30,Completed,ABC-101 100 mg,Yes,,
ONC-0116,Baseline,2026-05-31,Completed,ABC-101 100 mg,Yes,,
ONC-0116,Week 2,2026-06-16,Completed,ABC-101 100 mg,Yes,,
ONC-0116,Week 4,2026-06-29,Completed,ABC-101 100 mg,Yes,,
ONC-0116,Week 8,2026-07-24,Completed,ABC-101 100 mg,Yes,,
ONC-0116,Week 12,2026-08-17,Completed,ABC-101 100 mg,Yes,,
ONC-0116,End of Study,2026-08-31,Completed,ABC-101 100 mg,Yes,,
ONC-0117,Screening,2026-04-03,Completed,ABC-101 50 mg,Yes,,
ONC-0117,Baseline,2026-04-04,Completed,ABC-101 50 mg,Yes,,
ONC-0117,Week 2,2026-04-19,Completed,ABC-101 50 mg,Yes,,
ONC-0117,Week 4,2026-04-26,Completed,ABC-101 50 mg,Yes,,
ONC-0117,Week 8,2026-05-22,Missed,ABC-101 50 mg,No,Subject unavailable,
ONC-0117,Week 12,2026-06-22,Completed,ABC-101 50 mg,Yes,,
ONC-0117,End of Study,2026-07-07,Completed,ABC-101 50 mg,Yes,,
ONC-0118,Screening,2026-04-21,Completed,ABC-101 50 mg,Yes,,
ONC-0118,Baseline,2026-04-22,Completed,ABC-101 50 mg,Yes,,
ONC-0118,Week 2,2026-05-05,Completed,ABC-101 50 mg,Yes,,
ONC-0118,Week 4,2026-05-24,Completed,ABC-101 50 mg,Yes,,
ONC-0118,Week 8,2026-06-22,Completed,ABC-101 50 mg,Yes,,
ONC-0118,Week 12,2026-07-19,Completed,ABC-101 50 mg,Yes,,
ONC-0118,End of Study,2026-07-17,Completed,ABC-101 50 mg,Yes,,
ONC-0119,Screening,2026-06-08,Completed,ABC-101 50 mg,Yes,,
ONC-0119,Baseline,2026-06-09,Completed,ABC-101 50 mg,Yes,,
ONC-0119,Week 2,2026-06-25,Completed,ABC-101 50 mg,Yes,,
ONC-0119,Week 4,2026-07-11,Completed,ABC-101 50 mg,Yes,,
ONC-0119,Week 8,2026-08-03,Completed,ABC-101 50 mg,Yes,,
ONC-0119,Week 12,2026-08-25,Completed,ABC-101 50 mg,Yes,,
ONC-0119,End of Study,2026-09-06,Completed,ABC-101 50 mg,Yes,,
ONC-0120,Screening,2026-01-27,Completed,Placebo,Yes,,
ONC-0120,Baseline,2026-01-28,Completed,Placebo,Yes,,
ONC-0120,Week 2,2026-02-13,Completed,Placebo,Yes,,
ONC-0120,Week 4,2026-02-20,Completed,Placebo,Yes,,
ONC-0120,Week 8,2026-03-19,Completed,Placebo,Yes,,
ONC-0120,Week 12,2026-04-20,Completed,Placebo,Yes,,
ONC-0120,End of Study,2026-05-01,Completed,Placebo,Yes,,
ONC-0121,Screening,2026-04-15,Completed,Placebo,Yes,,
ONC-0122,Screening,2026-06-05,Completed,Placebo,Yes,,
ONC-0122,Baseline,2026-06-06,Completed,Placebo,Yes,,
ONC-0122,Week 2,2026-06-16,Completed,Placebo,Yes,,
ONC-0122,Week 4,2026-06-30,Completed,Placebo,Yes,,
ONC-0122,Week 8,2026-07-27,Completed,Placebo,Yes,,
ONC-0122,Week 12,2026-08-22,Missed,Placebo,No,Subject withdrew before visit,
ONC-0122,End of Study,2026-09-09,Completed,Placebo,Yes,,
ONC-0123,Screening,2026-03-15,Completed,Placebo,Yes,,
ONC-0123,Baseline,2026-03-16,Completed,Placebo,Yes,,
ONC-0123,Week 2,2026-03-26,Completed,Placebo,Yes,,
ONC-0123,Week 4,2026-04-10,Completed,Placebo,Yes,,
ONC-0123,Week 8,2026-05-10,Missed,Placebo,No,Subject withdrew before visit,
ONC-0123,Week 12,2026-06-13,Completed,Placebo,Yes,,
ONC-0123,End of Study,2026-06-14,Completed,Placebo,Yes,,
ONC-0124,Screening,2026-03-24,Completed,ABC-101 100 mg,Yes,,
ONC-0125,Screening,2026-05-28,Completed,Placebo,Yes,,
ONC-0125,Baseline,2026-05-29,Completed,Placebo,Yes,,
ONC-0125,Week 2,2026-06-10,Completed,Placebo,Yes,,
ONC-0125,Week 4,2026-06-25,Completed,Placebo,Yes,,
ONC-0125,Week 8,2026-07-30,Completed,Placebo,Yes,,
ONC-0125,Week 12,2026-08-17,Missed,Placebo,No,Subject unavailable,
ONC-0125,End of Study,2026-08-28,Completed,Placebo,Yes,,
ONC-0126,Screening,2026-01-19,Completed,ABC-101 100 mg,Yes,,
ONC-0126,Baseline,2026-01-20,Completed,ABC-101 100 mg,Yes,,
ONC-0126,Week 2,2026-02-02,Completed,ABC-101 100 mg,Yes,,
ONC-0126,Week 4,2026-02-14,Completed,ABC-101 100 mg,Yes,,
ONC-0126,Week 8,2026-03-14,Completed,ABC-101 100 mg,Yes,,
ONC-0126,Week 12,2026-04-20,Completed,ABC-101 100 mg,Yes,,
ONC-0126,End of Study,2026-04-14,Completed,ABC-101 100 mg,Yes,,
ONC-0127,Screening,2026-03-06,Completed,ABC-101 100 mg,Yes,,
ONC-0127,Baseline,2026-03-07,Completed,ABC-101 100 mg,Yes,,
ONC-0127,Week 2,2026-03-21,Completed,ABC-101 100 mg,Yes,,
ONC-0127,Week 4,2026-03-30,Completed,ABC-101 100 mg,Yes,,
ONC-0127,Week 8,2026-05-05,Completed,ABC-101 100 mg,Yes,,
ONC-0127,Week 12,2026-05-25,Completed,ABC-101 100 mg,Yes,,
ONC-0127,End of Study,2026-06-10,Completed,ABC-101 100 mg,Yes,,
ONC-0128,Screening,2026-02-04,Completed,ABC-101 100 mg,Yes,,
ONC-0128,Baseline,2026-02-05,Completed,ABC-101 100 mg,Yes,,
ONC-0128,Week 2,2026-02-20,Completed,ABC-101 100 mg,Yes,,
ONC-0128,Week 4,2026-03-09,Completed,ABC-101 100 mg,Yes,,
ONC-0128,Week 8,2026-03-30,Completed,ABC-101 100 mg,Yes,,
ONC-0128,Week 12,2026-05-06,Completed,ABC-101 100 mg,Yes,,
ONC-0128,End of Study,2026-05-12,Completed,ABC-101 100 mg,Yes,,
ONC-0129,Screening,2026-03-20,Completed,ABC-101 100 mg,Yes,,
ONC-0130,Screening,2026-05-03,Completed,ABC-101 100 mg,Yes,,
ONC-0130,Baseline,2026-05-04,Completed,ABC-101 100 mg,Yes,,
ONC-0130,Week 2,2026-05-15,Completed,ABC-101 100 mg,Yes,,
ONC-0130,Week 4,2026-06-02,Completed,ABC-101 100 mg,Yes,,
ONC-0130,Week 8,2026-06-24,Completed,ABC-101 100 mg,Yes,,
ONC-0130,Week 12,2026-08-02,Completed,ABC-101 100 mg,Yes,,
ONC-0130,End of Study,2026-07-29,Completed,ABC-101 100 mg,Yes,,
ONC-0131,Screening,2026-06-17,Completed,ABC-101 50 mg,Yes,,
ONC-0131,Baseline,2026-06-18,Completed,ABC-101 50 mg,Yes,,
ONC-0131,Week 2,2026-06-30,Completed,ABC-101 50 mg,Yes,,
ONC-0131,Week 4,2026-07-18,Completed,ABC-101 50 mg,Yes,,
ONC-0131,Week 8,2026-08-17,Completed,ABC-101 50 mg,Yes,,
ONC-0131,Week 12,2026-09-11,Completed,ABC-101 50 mg,Yes,,
ONC-0131,End of Study,2026-09-13,Completed,ABC-101 50 mg,Yes,,
ONC-0132,Screening,2026-04-16,Completed,ABC-101 100 mg,Yes,,
ONC-0133,Screening,2026-01-16,Completed,Placebo,Yes,,
ONC-0133,Baseline,2026-01-17,Completed,Placebo,Yes,,
ONC-0133,Week 2,2026-01-30,Completed,Placebo,Yes,,
ONC-0133,Week 4,2026-02-16,Missed,Placebo,No,Subject withdrew before visit,
ONC-0133,Week 8,2026-03-06,Completed,Placebo,Yes,,
ONC-0133,Week 12,2026-04-16,Completed,Placebo,Yes,,
ONC-0133,End of Study,2026-04-16,Completed,Placebo,Yes,,
ONC-0134,Screening,2026-05-18,Completed,Placebo,Yes,,
ONC-0134,Baseline,2026-05-19,Completed,Placebo,Yes,,
ONC-0134,Week 2,2026-05-30,Completed,Placebo,Yes,,
ONC-0134,Week 4,2026-06-17,Completed,Placebo,Yes,,
ONC-0134,Week 8,2026-07-16,Completed,Placebo,Yes,,
ONC-0134,Week 12,2026-08-12,Completed,Placebo,Yes,,
ONC-0134,End of Study,2026-08-18,Completed,Placebo,Yes,,
ONC-0135,Screening,2026-06-18,Completed,Placebo,Yes,,
ONC-0135,Baseline,2026-06-19,Completed,Placebo,Yes,,
ONC-0135,Week 2,2026-07-02,Completed,Placebo,Yes,,
ONC-0135,Week 4,2026-07-19,Completed,Placebo,Yes,,
ONC-0135,Week 8,2026-08-20,Completed,Placebo,Yes,,
ONC-0135,Week 12,2026-09-04,Completed,Placebo,Yes,,
ONC-0135,End of Study,2026-09-21,Completed,Placebo,Yes,,
ONC-0136,Screening,2026-04-28,Completed,Placebo,Yes,,
ONC-0136,Baseline,2026-04-29,Completed,Placebo,Yes,,
ONC-0136,Week 2,2026-05-13,Completed,Placebo,Yes,,
ONC-0136,Week 4,2026-05-29,Completed,Placebo,Yes,,
ONC-0136,Week 8,2026-06-26,Completed,Placebo,Yes,,
ONC-0136,Week 12,2026-07-19,Completed,Placebo,Yes,,
ONC-0136,End of Study,2026-07-21,Completed,Placebo,Yes,,
ONC-0137,Screening,2026-06-29,Completed,Placebo,Yes,,
ONC-0137,Baseline,2026-06-30,Completed,Placebo,Yes,,
ONC-0137,Week 2,2026-07-14,Completed,Placebo,Yes,,
ONC-0137,Week 4,2026-07-23,Completed,Placebo,Yes,,
ONC-0137,Week 8,2026-08-18,Completed,Placebo,Yes,,
ONC-0137,Week 12,2026-09-21,Completed,Placebo,Yes,,
ONC-0137,End of Study,2026-09-21,Completed,Placebo,Yes,,
ONC-0138,Screening,2026-04-12,Completed,Placebo,Yes,,
ONC-0139,Screening,2026-03-03,Completed,ABC-101 50 mg,Yes,,
ONC-0139,Baseline,2026-03-04,Completed,ABC-101 50 mg,Yes,,
ONC-0139,Week 2,2026-03-16,Completed,ABC-101 50 mg,Yes,,
ONC-0139,Week 4,2026-03-26,Completed,ABC-101 50 mg,Yes,,
ONC-0139,Week 8,2026-04-26,Completed,ABC-101 50 mg,Yes,,
ONC-0139,Week 12,2026-05-26,Completed,ABC-101 50 mg,Yes,,
ONC-0139,End of Study,2026-06-01,Completed,ABC-101 50 mg,Yes,,
ONC-0140,Screening,2026-02-26,Completed,Placebo,Yes,,
ONC-0140,Baseline,2026-02-27,Completed,Placebo,Yes,,
ONC-0140,Week 2,2026-03-12,Completed,Placebo,Yes,,
ONC-0140,Week 4,2026-03-24,Completed,Placebo,Yes,,
ONC-0140,Week 8,2026-04-24,Completed,Placebo,Yes,,
ONC-0140,Week 12,2026-05-24,Completed,Placebo,Yes,,
ONC-0140,End of Study,2026-05-28,Completed,Placebo,Yes,,
ONC-0141,Screening,2026-06-27,Completed,ABC-101 100 mg,Yes,,
ONC-0141,Baseline,2026-06-28,Completed,ABC-101 100 mg,Yes,,
ONC-0141,Week 2,2026-07-12,Completed,ABC-101 100 mg,Yes,,
ONC-0141,Week 4,2026-07-22,Completed,ABC-101 100 mg,Yes,,
ONC-0141,Week 8,2026-08-29,Completed,ABC-101 100 mg,Yes,,
ONC-0141,Week 12,2026-09-15,Completed,ABC-101 100 mg,Yes,,
ONC-0141,End of Study,2026-09-28,Completed,ABC-101 100 mg,Yes,,
ONC-0142,Screening,2026-04-21,Completed,ABC-101 50 mg,Yes,,
ONC-0142,Baseline,2026-04-22,Completed,ABC-101 50 mg,Yes,,
ONC-0142,Week 2,2026-05-03,Completed,ABC-101 50 mg,Yes,,
ONC-0142,Week 4,2026-05-24,Completed,ABC-101 50 mg,Yes,,
ONC-0142,Week 8,2026-06-14,Completed,ABC-101 50 mg,Yes,,
ONC-0142,Week 12,2026-07-09,Completed,ABC-101 50 mg,Yes,,
ONC-0142,End of Study,2026-07-20,Completed,ABC-101 50 mg,Yes,,
ONC-0143,Screening,2026-03-05,Completed,ABC-101 100 mg,Yes,,
ONC-0144,Screening,2026-05-04,Completed,ABC-101 100 mg,Yes,,
ONC-0144,Baseline,2026-05-05,Completed,ABC-101 100 mg,Yes,,
ONC-0144,Week 2,2026-05-21,Completed,ABC-101 100 mg,Yes,,
ONC-0144,Week 4,2026-05-31,Completed,ABC-101 100 mg,Yes,,
ONC-0144,Week 8,2026-07-03,Completed,ABC-101 100 mg,Yes,,
ONC-0144,Week 12,2026-08-03,Completed,ABC-101 100 mg,Yes,,
ONC-0144,End of Study,2026-08-07,Completed,ABC-101 100 mg,Yes,,
ONC-0145,Screening,2026-01-24,Completed,ABC-101 50 mg,Yes,,
ONC-0146,Screening,2026-06-10,Completed,ABC-101 50 mg,Yes,,
ONC-0146,Baseline,2026-06-11,Completed,ABC-101 50 mg,Yes,,
ONC-0146,Week 2,2026-06-26,Completed,ABC-101 50 mg,Yes,,
ONC-0146,Week 4,2026-07-12,Completed,ABC-101 50 mg,Yes,,
ONC-0146,Week 8,2026-08-02,Completed,ABC-101 50 mg,Yes,,
ONC-0146,Week 12,2026-09-05,Completed,ABC-101 50 mg,Yes,,
ONC-0146,End of Study,2026-09-11,Completed,ABC-101 50 mg,Yes,,
ONC-0147,Screening,2026-02-20,Completed,ABC-101 50 mg,Yes,,
ONC-0147,Baseline,2026-02-21,Completed,ABC-101 50 mg,Yes,,
ONC-0147,Week 2,2026-03-06,Completed,ABC-101 50 mg,Yes,,
ONC-0147,Week 4,2026-03-19,Completed,ABC-101 50 mg,Yes,,
ONC-0147,Week 8,2026-04-18,Completed,ABC-101 50 mg,Yes,,
ONC-0147,Week 12,2026-05-22,Completed,ABC-101 50 mg,Yes,,
ONC-0147,End of Study,2026-05-19,Completed,ABC-101 50 mg,Yes,,
ONC-0148,Screening,2026-05-09,Completed,ABC-101 50 mg,Yes,,
ONC-0148,Baseline,2026-05-10,Completed,ABC-101 50 mg,Yes,,
ONC-0148,Week 2,2026-05-26,Completed,ABC-101 50 mg,Yes,,
ONC-0148,Week 4,2026-06-03,Completed,ABC-101 50 mg,Yes,,
ONC-0148,Week 8,2026-07-09,Completed,ABC-101 50 mg,Yes,,
ONC-0148,Week 12,2026-08-02,Completed,ABC-101 50 mg,Yes,,
ONC-0148,End of Study,2026-08-13,Completed,ABC-101 50 mg,Yes,,
ONC-0149,Screening,2026-04-02,Completed,ABC-101 50 mg,Yes,,
ONC-0149,Baseline,2026-04-03,Completed,ABC-101 50 mg,Yes,,
ONC-0149,Week 2,2026-04-13,Completed,ABC-101 50 mg,Yes,,
ONC-0149,Week 4,2026-04-29,Completed,ABC-101 50 mg,Yes,,
ONC-0149,Week 8,2026-06-03,Completed,ABC-101 50 mg,Yes,,
ONC-0149,Week 12,2026-06-24,Completed,ABC-101 50 mg,Yes,,
ONC-0149,End of Study,2026-07-01,Completed,ABC-101 50 mg,Yes,,
ONC-0150,Screening,2026-06-11,Completed,ABC-101 50 mg,Yes,,
ONC-0150,Baseline,2026-06-12,Completed,ABC-101 50 mg,Yes,,
ONC-0150,Week 2,2026-06-25,Completed,ABC-101 50 mg,Yes,,
ONC-0150,Week 4,2026-07-07,Completed,ABC-101 50 mg,Yes,,
ONC-0150,Week 8,2026-08-08,Completed,ABC-101 50 mg,Yes,,
ONC-0150,Week 12,2026-09-07,Completed,ABC-101 50 mg,Yes,,
ONC-0150,End of Study,2026-09-08,Completed,ABC-101 50 mg,Yes,,
ONC-0151,Screening,2026-01-26,Completed,ABC-101 100 mg,Yes,,
ONC-0151,Baseline,2026-01-27,Completed,ABC-101 100 mg,Yes,,
ONC-0151,Week 2,2026-02-06,Completed,ABC-101 100 mg,Yes,,
ONC-0151,Week 4,2026-02-24,Completed,ABC-101 100 mg,Yes,,
ONC-0151,Week 8,2026-03-17,Completed,ABC-101 100 mg,Yes,,
ONC-0151,Week 12,2026-04-23,Completed,ABC-101 100 mg,Yes,,
ONC-0151,End of Study,2026-04-30,Completed,ABC-101 100 mg,Yes,,
ONC-0152,Screening,2026-02-08,Completed,Placebo,Yes,,
ONC-0152,Baseline,2026-02-09,Completed,Placebo,Yes,,
ONC-0152,Week 2,2026-02-22,Completed,Placebo,Yes,,
ONC-0152,Week 4,2026-03-06,Completed,Placebo,Yes,,
ONC-0152,Week 8,2026-04-06,Completed,Placebo,Yes,,
ONC-0152,Week 12,2026-04-30,Completed,Placebo,Yes,,
ONC-0152,End of Study,2026-05-11,Completed,Placebo,Yes,,
ONC-0153,Screening,2026-06-08,Completed,ABC-101 50 mg,Yes,,
ONC-0154,Screening,2026-05-12,Completed,ABC-101 50 mg,Yes,,
ONC-0155,Screening,2026-06-20,Completed,ABC-101 100 mg,Yes,,
ONC-0155,Baseline,2026-06-21,Completed,ABC-101 100 mg,Yes,,
ONC-0155,Week 2,2026-07-02,Completed,ABC-101 100 mg,Yes,,
ONC-0155,Week 4,2026-07-13,Completed,ABC-101 100 mg,Yes,,
ONC-0155,Week 8,2026-08-18,Completed,ABC-101 100 mg,Yes,,
ONC-0155,Week 12,2026-09-09,Completed,ABC-101 100 mg,Yes,,
ONC-0155,End of Study,2026-09-20,Completed,ABC-101 100 mg,Yes,,
ONC-0156,Screening,2026-03-26,Completed,ABC-101 100 mg,Yes,,
ONC-0156,Baseline,2026-03-27,Completed,ABC-101 100 mg,Yes,,
ONC-0156,Week 2,2026-04-06,Completed,ABC-101 100 mg,Yes,,
ONC-0156,Week 4,2026-04-27,Completed,ABC-101 100 mg,Yes,,
ONC-0156,Week 8,2026-05-27,Completed,ABC-101 100 mg,Yes,,
ONC-0156,Week 12,2026-06-22,Completed,ABC-101 100 mg,Yes,,
ONC-0156,End of Study,2026-06-23,Completed,ABC-101 100 mg,Yes,,
ONC-0157,Screening,2026-03-07,Completed,Placebo,Yes,,
ONC-0158,Screening,2026-04-07,Completed,ABC-101 50 mg,Yes,,
ONC-0159,Screening,2026-02-14,Completed,ABC-101 50 mg,Yes,,
ONC-0159,Baseline,2026-02-15,Completed,ABC-101 50 mg,Yes,,
ONC-0159,Week 2,2026-03-01,Completed,ABC-101 50 mg,Yes,,
ONC-0159,Week 4,2026-03-10,Completed,ABC-101 50 mg,Yes,,
ONC-0159,Week 8,2026-04-17,Completed,ABC-101 50 mg,Yes,,
ONC-0159,Week 12,2026-05-06,Completed,ABC-101 50 mg,Yes,,
ONC-0159,End of Study,2026-05-13,Completed,ABC-101 50 mg,Yes,,
ONC-0160,Screening,2026-04-14,Completed,Placebo,Yes,,
ONC-0160,Baseline,2026-04-15,Completed,Placebo,Yes,,
ONC-0160,Week 2,2026-04-30,Completed,Placebo,Yes,,
ONC-0160,Week 4,2026-05-10,Completed,Placebo,Yes,,
ONC-0160,Week 8,2026-06-14,Completed,Placebo,Yes,,
ONC-0160,Week 12,2026-07-12,Completed,Placebo,Yes,,
ONC-0160,End of Study,2026-07-13,Completed,Placebo,Yes,,
ONC-0161,Screening,2026-01-12,Completed,ABC-101 50 mg,Yes,,
ONC-0161,Baseline,2026-01-13,Completed,ABC-101 50 mg,Yes,,
ONC-0161,Week 2,2026-01-28,Completed,ABC-101 50 mg,Yes,,
ONC-0161,Week 4,2026-02-07,Completed,ABC-101 50 mg,Yes,,
ONC-0161,Week 8,2026-03-05,Completed,ABC-101 50 mg,Yes,,
ONC-0161,Week 12,2026-04-03,Completed,ABC-101 50 mg,Yes,,
ONC-0161,End of Study,2026-04-18,Completed,ABC-101 50 mg,Yes,,
ONC-0162,Screening,2026-01-31,Completed,ABC-101 50 mg,Yes,,
ONC-0162,Baseline,2026-02-01,Completed,ABC-101 50 mg,Yes,,
ONC-0162,Week 2,2026-02-16,Completed,ABC-101 50 mg,Yes,,
ONC-0162,Week 4,2026-02-25,Completed,ABC-101 50 mg,Yes,,
ONC-0162,Week 8,2026-03-29,Completed,ABC-101 50 mg,Yes,,
ONC-0162,Week 12,2026-04-19,Completed,ABC-101 50 mg,Yes,,
ONC-0162,End of Study,2026-05-06,Completed,ABC-101 50 mg,Yes,,
ONC-0163,Screening,2026-04-22,Completed,ABC-101 50 mg,Yes,,
ONC-0163,Baseline,2026-04-23,Completed,ABC-101 50 mg,Yes,,
ONC-0163,Week 2,2026-05-07,Completed,ABC-101 50 mg,Yes,,
ONC-0163,Week 4,2026-05-18,Completed,ABC-101 50 mg,Yes,,
ONC-0163,Week 8,2026-06-13,Completed,ABC-101 50 mg,Yes,,
ONC-0163,Week 12,2026-07-18,Completed,ABC-101 50 mg,Yes,,
ONC-0163,End of Study,2026-07-28,Completed,ABC-101 50 mg,Yes,,
ONC-0164,Screening,2026-01-25,Completed,ABC-101 100 mg,Yes,,
ONC-0164,Baseline,2026-01-26,Completed,ABC-101 100 mg,Yes,,
ONC-0164,Week 2,2026-02-09,Completed,ABC-101 100 mg,Yes,,
ONC-0164,Week 4,2026-02-24,Completed,ABC-101 100 mg,Yes,,
ONC-0164,Week 8,2026-03-20,Completed,ABC-101 100 mg,Yes,,
ONC-0164,Week 12,2026-04-20,Completed,ABC-101 100 mg,Yes,,
ONC-0164,End of Study,2026-04-27,Completed,ABC-101 100 mg,Yes,,
ONC-0165,Screening,2026-01-06,Completed,ABC-101 100 mg,Yes,,
ONC-0165,Baseline,2026-01-07,Completed,ABC-101 100 mg,Yes,,
ONC-0165,Week 2,2026-01-17,Completed,ABC-101 100 mg,Yes,,
ONC-0165,Week 4,2026-02-04,Completed,ABC-101 100 mg,Yes,,
ONC-0165,Week 8,2026-02-26,Completed,ABC-101 100 mg,Yes,,
ONC-0165,Week 12,2026-03-25,Completed,ABC-101 100 mg,Yes,,
ONC-0165,End of Study,2026-04-09,Completed,ABC-101 100 mg,Yes,,
ONC-0166,Screening,2026-02-02,Completed,ABC-101 50 mg,Yes,,
ONC-0166,Baseline,2026-02-03,Completed,ABC-101 50 mg,Yes,,
ONC-0166,Week 2,2026-02-15,Completed,ABC-101 50 mg,Yes,,
ONC-0166,Week 4,2026-03-04,Completed,ABC-101 50 mg,Yes,,
ONC-0166,Week 8,2026-03-25,Completed,ABC-101 50 mg,Yes,,
ONC-0166,Week 12,2026-04-25,Completed,ABC-101 50 mg,Yes,,
ONC-0166,End of Study,2026-04-27,Completed,ABC-101 50 mg,Yes,,
ONC-0167,Screening,2026-01-31,Completed,ABC-101 50 mg,Yes,,
ONC-0167,Baseline,2026-02-01,Completed,ABC-101 50 mg,Yes,,
ONC-0167,Week 2,2026-02-11,Completed,ABC-101 50 mg,Yes,,
ONC-0167,Week 4,2026-03-05,Completed,ABC-101 50 mg,Yes,,
ONC-0167,Week 8,2026-04-02,Completed,ABC-101 50 mg,Yes,,
ONC-0167,Week 12,2026-04-24,Completed,ABC-101 50 mg,Yes,,
ONC-0167,End of Study,2026-05-08,Completed,ABC-101 50 mg,Yes,,
ONC-0168,Screening,2026-01-19,Completed,ABC-101 100 mg,Yes,,
ONC-0168,Baseline,2026-01-20,Completed,ABC-101 100 mg,Yes,,
ONC-0168,Week 2,2026-02-03,Completed,ABC-101 100 mg,Yes,,
ONC-0168,Week 4,2026-02-17,Completed,ABC-101 100 mg,Yes,,
ONC-0168,Week 8,2026-03-19,Completed,ABC-101 100 mg,Yes,,
ONC-0168,Week 12,2026-04-19,Completed,ABC-101 100 mg,Yes,,
ONC-0168,End of Study,2026-04-24,Completed,ABC-101 100 mg,Yes,,
ONC-0169,Screening,2026-06-02,Completed,ABC-101 100 mg,Yes,,
ONC-0169,Baseline,2026-06-03,Completed,ABC-101 100 mg,Yes,,
ONC-0169,Week 2,2026-06-17,Completed,ABC-101 100 mg,Yes,,
ONC-0169,Week 4,2026-07-04,Completed,ABC-101 100 mg,Yes,,
ONC-0169,Week 8,2026-08-04,Completed,ABC-101 100 mg,Yes,,
ONC-0169,Week 12,2026-08-22,Completed,ABC-101 100 mg,Yes,,
ONC-0169,End of Study,2026-09-02,Completed,ABC-101 100 mg,Yes,,
ONC-0170,Screening,2026-06-10,Completed,ABC-101 50 mg,Yes,,
ONC-0170,Baseline,2026-06-11,Completed,ABC-101 50 mg,Yes,,
ONC-0170,Week 2,2026-06-27,Completed,ABC-101 50 mg,Yes,,
ONC-0170,Week 4,2026-07-11,Completed,ABC-101 50 mg,Yes,,
ONC-0170,Week 8,2026-08-07,Completed,ABC-101 50 mg,Yes,,
ONC-0170,Week 12,2026-08-31,Completed,ABC-101 50 mg,Yes,,
ONC-0170,End of Study,2026-09-06,Completed,ABC-101 50 mg,Yes,,
ONC-0171,Screening,2026-01-22,Completed,ABC-101 100 mg,Yes,,
ONC-0171,Baseline,2026-01-23,Completed,ABC-101 100 mg,Yes,,
ONC-0171,Week 2,2026-02-07,Completed,ABC-101 100 mg,Yes,,
ONC-0171,Week 4,2026-02-20,Completed,ABC-101 100 mg,Yes,,
ONC-0171,Week 8,2026-03-26,Completed,ABC-101 100 mg,Yes,,
ONC-0171,Week 12,2026-04-13,Completed,ABC-101 100 mg,Yes,,
ONC-0171,End of Study,2026-04-20,Completed,ABC-101 100 mg,Yes,,
ONC-0172,Screening,2026-05-16,Completed,ABC-101 50 mg,Yes,,
ONC-0172,Baseline,2026-05-17,Completed,ABC-101 50 mg,Yes,,
ONC-0172,Week 2,2026-06-02,Completed,ABC-101 50 mg,Yes,,
ONC-0172,Week 4,2026-06-15,Completed,ABC-101 50 mg,Yes,,
ONC-0172,Week 8,2026-07-04,Completed,ABC-101 50 mg,Yes,,
ONC-0172,Week 12,2026-08-11,Completed,ABC-101 50 mg,Yes,,
ONC-0172,End of Study,2026-08-21,Completed,ABC-101 50 mg,Yes,,
ONC-0173,Screening,2026-02-17,Completed,Placebo,Yes,,
ONC-0173,Baseline,2026-02-18,Completed,Placebo,Yes,,
ONC-0173,Week 2,2026-03-03,Completed,Placebo,Yes,,
ONC-0173,Week 4,2026-03-17,Completed,Placebo,Yes,,
ONC-0173,Week 8,2026-04-08,Completed,Placebo,Yes,,
ONC-0173,Week 12,2026-05-16,Completed,Placebo,Yes,,
ONC-0173,End of Study,2026-05-17,Completed,Placebo,Yes,,
ONC-0174,Screening,2026-01-12,Completed,Placebo,Yes,,
ONC-0174,Baseline,2026-01-13,Completed,Placebo,Yes,,
ONC-0174,Week 2,2026-01-26,Completed,Placebo,Yes,,
ONC-0174,Week 4,2026-02-12,Completed,Placebo,Yes,,
ONC-0174,Week 8,2026-03-02,Completed,Placebo,Yes,,
ONC-0174,Week 12,2026-04-06,Completed,Placebo,Yes,,
ONC-0174,End of Study,2026-04-05,Completed,Placebo,Yes,,
ONC-0175,Screening,2026-03-07,Completed,Placebo,Yes,,
ONC-0175,Baseline,2026-03-08,Completed,Placebo,Yes,,
ONC-0175,Week 2,2026-03-21,Completed,Placebo,Yes,,
ONC-0175,Week 4,2026-04-06,Completed,Placebo,Yes,,
ONC-0175,Week 8,2026-05-09,Completed,Placebo,Yes,,
ONC-0175,Week 12,2026-05-29,Completed,Placebo,Yes,,
ONC-0175,End of Study,2026-05-29,Completed,Placebo,Yes,,
ONC-0176,Screening,2026-03-07,Completed,Placebo,Yes,,
ONC-0176,Baseline,2026-03-08,Completed,Placebo,Yes,,
ONC-0176,Week 2,2026-03-18,Completed,Placebo,Yes,,
ONC-0176,Week 4,2026-03-30,Completed,Placebo,Yes,,
ONC-0176,Week 8,2026-04-30,Completed,Placebo,Yes,,
ONC-0176,Week 12,2026-06-02,Completed,Placebo,Yes,,
ONC-0176,End of Study,2026-05-30,Completed,Placebo,Yes,,
ONC-0177,Screening,2026-06-06,Completed,ABC-101 100 mg,Yes,,
ONC-0177,Baseline,2026-06-07,Completed,ABC-101 100 mg,Yes,,
ONC-0177,Week 2,2026-06-18,Completed,ABC-101 100 mg,Yes,,
ONC-0177,Week 4,2026-07-06,Completed,ABC-101 100 mg,Yes,,
ONC-0177,Week 8,2026-08-06,Completed,ABC-101 100 mg,Yes,,
ONC-0177,Week 12,2026-08-22,Completed,ABC-101 100 mg,Yes,,
ONC-0177,End of Study,2026-09-10,Completed,ABC-101 100 mg,Yes,,
ONC-0178,Screening,2026-01-03,Completed,Placebo,Yes,,
ONC-0178,Baseline,2026-01-04,Completed,Placebo,Yes,,
ONC-0178,Week 2,2026-01-18,Completed,Placebo,Yes,,
ONC-0178,Week 4,2026-01-26,Completed,Placebo,Yes,,
ONC-0178,Week 8,2026-03-06,Completed,Placebo,Yes,,
ONC-0178,Week 12,2026-04-02,Completed,Placebo,Yes,,
ONC-0178,End of Study,2026-04-05,Completed,Placebo,Yes,,
ONC-0179,Screening,2026-02-12,Completed,Placebo,Yes,,
ONC-0179,Baseline,2026-02-13,Completed,Placebo,Yes,,
ONC-0179,Week 2,2026-03-01,Completed,Placebo,Yes,,
ONC-0179,Week 4,2026-03-09,Completed,Placebo,Yes,,
ONC-0179,Week 8,2026-04-08,Completed,Placebo,Yes,,
ONC-0179,Week 12,2026-05-13,Completed,Placebo,Yes,,
ONC-0179,End of Study,2026-05-10,Completed,Placebo,Yes,,
ONC-0180,Screening,2026-03-15,Completed,Placebo,Yes,,
ONC-0180,Baseline,2026-03-16,Completed,Placebo,Yes,,
ONC-0180,Week 2,2026-03-31,Completed,Placebo,Yes,,
ONC-0180,Week 4,2026-04-10,Completed,Placebo,Yes,,
ONC-0180,Week 8,2026-05-10,Completed,Placebo,Yes,,
ONC-0180,Week 12,2026-06-05,Completed,Placebo,Yes,,
ONC-0180,End of Study,2026-06-10,Completed,Placebo,Yes,,
ONC-0181,Screening,2026-04-18,Completed,ABC-101 100 mg,Yes,,
ONC-0181,Baseline,2026-04-19,Completed,ABC-101 100 mg,Yes,,
ONC-0181,Week 2,2026-05-03,Completed,ABC-101 100 mg,Yes,,
ONC-0181,Week 4,2026-05-20,Completed,ABC-101 100 mg,Yes,,
ONC-0181,Week 8,2026-06-14,Completed,ABC-101 100 mg,Yes,,
ONC-0181,Week 12,2026-07-06,Completed,ABC-101 100 mg,Yes,,
ONC-0181,End of Study,2026-07-15,Completed,ABC-101 100 mg,Yes,,
ONC-0182,Screening,2026-05-20,Completed,ABC-101 100 mg,Yes,,
ONC-0182,Baseline,2026-05-21,Completed,ABC-101 100 mg,Yes,,
ONC-0182,Week 2,2026-06-02,Completed,ABC-101 100 mg,Yes,,
ONC-0182,Week 4,2026-06-17,Completed,ABC-101 100 mg,Yes,,
ONC-0182,Week 8,2026-07-20,Completed,ABC-101 100 mg,Yes,,
ONC-0182,Week 12,2026-08-15,Completed,ABC-101 100 mg,Yes,,
ONC-0182,End of Study,2026-08-12,Completed,ABC-101 100 mg,Yes,,
ONC-0183,Screening,2026-01-09,Completed,Placebo,Yes,,
ONC-0183,Baseline,2026-01-10,Completed,Placebo,Yes,,
ONC-0183,Week 2,2026-01-24,Completed,Placebo,Yes,,
ONC-0183,Week 4,2026-02-06,Completed,Placebo,Yes,,
ONC-0183,Week 8,2026-02-27,Completed,Placebo,Yes,,
ONC-0183,Week 12,2026-04-02,Completed,Placebo,Yes,,
ONC-0183,End of Study,2026-04-15,Completed,Placebo,Yes,,
ONC-0184,Screening,2026-01-29,Completed,Placebo,Yes,,
ONC-0184,Baseline,2026-01-30,Completed,Placebo,Yes,,
ONC-0184,Week 2,2026-02-14,Completed,Placebo,Yes,,
ONC-0184,Week 4,2026-03-03,Completed,Placebo,Yes,,
ONC-0184,Week 8,2026-03-31,Missed,Placebo,No,Subject unavailable,
ONC-0184,Week 12,2026-04-21,Completed,Placebo,Yes,,
ONC-0184,End of Study,2026-04-26,Completed,Placebo,Yes,,
ONC-0185,Screening,2026-01-04,Completed,ABC-101 100 mg,Yes,,
ONC-0185,Baseline,2026-01-05,Completed,ABC-101 100 mg,Yes,,
ONC-0185,Week 2,2026-01-18,Completed,ABC-101 100 mg,Yes,,
ONC-0185,Week 4,2026-02-05,Completed,ABC-101 100 mg,Yes,,
ONC-0185,Week 8,2026-03-01,Completed,ABC-101 100 mg,Yes,,
ONC-0185,Week 12,2026-03-26,Completed,ABC-101 100 mg,Yes,,
ONC-0185,End of Study,2026-04-06,Completed,ABC-101 100 mg,Yes,,
ONC-0186,Screening,2026-05-13,Completed,ABC-101 50 mg,Yes,,
ONC-0186,Baseline,2026-05-14,Completed,ABC-101 50 mg,Yes,,
ONC-0186,Week 2,2026-05-29,Completed,ABC-101 50 mg,Yes,,
ONC-0186,Week 4,2026-06-12,Completed,ABC-101 50 mg,Yes,,
ONC-0186,Week 8,2026-07-11,Missed,ABC-101 50 mg,No,Scheduling conflict,
ONC-0186,Week 12,2026-08-01,Completed,ABC-101 50 mg,Yes,,
ONC-0186,End of Study,2026-08-18,Completed,ABC-101 50 mg,Yes,,
ONC-0187,Screening,2026-03-11,Completed,ABC-101 100 mg,Yes,,
ONC-0188,Screening,2026-02-10,Completed,ABC-101 100 mg,Yes,,
ONC-0188,Baseline,2026-02-11,Completed,ABC-101 100 mg,Yes,,
ONC-0188,Week 2,2026-02-22,Completed,ABC-101 100 mg,Yes,,
ONC-0188,Week 4,2026-03-12,Completed,ABC-101 100 mg,Yes,,
ONC-0188,Week 8,2026-04-13,Completed,ABC-101 100 mg,Yes,,
ONC-0188,Week 12,2026-05-09,Completed,ABC-101 100 mg,Yes,,
ONC-0188,End of Study,2026-05-05,Completed,ABC-101 100 mg,Yes,,
ONC-0189,Screening,2026-06-18,Completed,Placebo,Yes,,
ONC-0189,Baseline,2026-06-19,Completed,Placebo,Yes,,
ONC-0189,Week 2,2026-07-03,Completed,Placebo,Yes,,
ONC-0189,Week 4,2026-07-21,Completed,Placebo,Yes,,
ONC-0189,Week 8,2026-08-10,Completed,Placebo,Yes,,
ONC-0189,Week 12,2026-09-05,Completed,Placebo,Yes,,
ONC-0189,End of Study,2026-09-21,Completed,Placebo,Yes,,
ONC-0190,Screening,2026-02-25,Completed,ABC-101 50 mg,Yes,,
ONC-0191,Screening,2026-01-23,Completed,ABC-101 50 mg,Yes,,
ONC-0191,Baseline,2026-01-24,Completed,ABC-101 50 mg,Yes,,
ONC-0191,Week 2,2026-02-08,Completed,ABC-101 50 mg,Yes,,
ONC-0191,Week 4,2026-02-24,Completed,ABC-101 50 mg,Yes,,
ONC-0191,Week 8,2026-03-17,Completed,ABC-101 50 mg,Yes,,
ONC-0191,Week 12,2026-04-20,Completed,ABC-101 50 mg,Yes,,
ONC-0191,End of Study,2026-04-18,Completed,ABC-101 50 mg,Yes,,
ONC-0192,Screening,2026-06-21,Completed,ABC-101 50 mg,Yes,,
ONC-0192,Baseline,2026-06-22,Completed,ABC-101 50 mg,Yes,,
ONC-0192,Week 2,2026-07-03,Completed,ABC-101 50 mg,Yes,,
ONC-0192,Week 4,2026-07-18,Completed,ABC-101 50 mg,Yes,,
ONC-0192,Week 8,2026-08-23,Completed,ABC-101 50 mg,Yes,,
ONC-0192,Week 12,2026-09-11,Completed,ABC-101 50 mg,Yes,,
ONC-0192,End of Study,2026-09-18,Completed,ABC-101 50 mg,Yes,,
ONC-0193,Screening,2026-05-07,Completed,ABC-101 100 mg,Yes,,
ONC-0193,Baseline,2026-05-08,Completed,ABC-101 100 mg,Yes,,
ONC-0193,Week 2,2026-05-19,Completed,ABC-101 100 mg,Yes,,
ONC-0193,Week 4,2026-06-03,Completed,ABC-101 100 mg,Yes,,
ONC-0193,Week 8,2026-07-01,Completed,ABC-101 100 mg,Yes,,
ONC-0193,Week 12,2026-08-05,Completed,ABC-101 100 mg,Yes,,
ONC-0193,End of Study,2026-07-30,Completed,ABC-101 100 mg,Yes,,
ONC-0194,Screening,2026-04-20,Completed,ABC-101 100 mg,Yes,,
ONC-0194,Baseline,2026-04-21,Completed,ABC-101 100 mg,Yes,,
ONC-0194,Week 2,2026-05-07,Completed,ABC-101 100 mg,Yes,,
ONC-0194,Week 4,2026-05-19,Completed,ABC-101 100 mg,Yes,,
ONC-0194,Week 8,2026-06-22,Completed,ABC-101 100 mg,Yes,,
ONC-0194,Week 12,2026-07-12,Completed,ABC-101 100 mg,Yes,,
ONC-0194,End of Study,2026-07-23,Completed,ABC-101 100 mg,Yes,,
ONC-0195,Screening,2026-04-21,Completed,ABC-101 100 mg,Yes,,
ONC-0195,Baseline,2026-04-22,Completed,ABC-101 100 mg,Yes,,
ONC-0195,Week 2,2026-05-04,Completed,ABC-101 100 mg,Yes,,
ONC-0195,Week 4,2026-05-20,Completed,ABC-101 100 mg,Yes,,
ONC-0195,Week 8,2026-06-15,Completed,ABC-101 100 mg,Yes,,
ONC-0195,Week 12,2026-07-12,Completed,ABC-101 100 mg,Yes,,
ONC-0195,End of Study,2026-07-16,Completed,ABC-101 100 mg,Yes,,
ONC-0196,Screening,2026-03-24,Completed,ABC-101 100 mg,Yes,,
ONC-0196,Baseline,2026-03-25,Completed,ABC-101 100 mg,Yes,,
ONC-0196,Week 2,2026-04-09,Completed,ABC-101 100 mg,Yes,,
ONC-0196,Week 4,2026-04-23,Completed,ABC-101 100 mg,Yes,,
ONC-0196,Week 8,2026-05-25,Completed,ABC-101 100 mg,Yes,,
ONC-0196,Week 12,2026-06-22,Completed,ABC-101 100 mg,Yes,,
ONC-0196,End of Study,2026-06-15,Completed,ABC-101 100 mg,Yes,,
ONC-0197,Screening,2026-06-24,Completed,ABC-101 100 mg,Yes,,
ONC-0197,Baseline,2026-06-25,Completed,ABC-101 100 mg,Yes,,
ONC-0197,Week 2,2026-07-08,Completed,ABC-101 100 mg,Yes,,
ONC-0197,Week 4,2026-07-26,Completed,ABC-101 100 mg,Yes,,
ONC-0197,Week 8,2026-08-21,Missed,ABC-101 100 mg,No,Subject withdrew before visit,
ONC-0197,Week 12,2026-09-18,Completed,ABC-101 100 mg,Yes,,
ONC-0197,End of Study,2026-09-23,Completed,ABC-101 100 mg,Yes,,
ONC-0198,Screening,2026-04-18,Completed,ABC-101 100 mg,Yes,,
ONC-0198,Baseline,2026-04-19,Completed,ABC-101 100 mg,Yes,,
ONC-0198,Week 2,2026-04-29,Completed,ABC-101 100 mg,Yes,,
ONC-0198,Week 4,2026-05-16,Completed,ABC-101 100 mg,Yes,,
ONC-0198,Week 8,2026-06-08,Completed,ABC-101 100 mg,Yes,,
ONC-0198,Week 12,2026-07-15,Completed,ABC-101 100 mg,Yes,,
ONC-0198,End of Study,2026-07-20,Completed,ABC-101 100 mg,Yes,,
ONC-0199,Screening,2026-03-09,Completed,Placebo,Yes,,
ONC-0199,Baseline,2026-03-10,Completed,Placebo,Yes,,
ONC-0199,Week 2,2026-03-26,Completed,Placebo,Yes,,
ONC-0199,Week 4,2026-04-08,Completed,Placebo,Yes,,
ONC-0199,Week 8,2026-04-29,Completed,Placebo,Yes,,
ONC-0199,Week 12,2026-06-04,Completed,Placebo,Yes,,
ONC-0199,End of Study,2026-06-02,Completed,Placebo,Yes,,
ONC-0200,Screening,2026-01-18,Completed,Placebo,Yes,,
ONC-0200,Baseline,2026-01-19,Completed,Placebo,Yes,,
ONC-0200,Week 2,2026-01-30,Completed,Placebo,Yes,,
ONC-0200,Week 4,2026-02-16,Completed,Placebo,Yes,,
ONC-0200,Week 8,2026-03-11,Completed,Placebo,Yes,,
ONC-0200,Week 12,2026-04-16,Completed,Placebo,Yes,,
ONC-0200,End of Study,2026-04-17,Completed,Placebo,Yes,,
ONC-0201,Screening,2026-06-16,Completed,ABC-101 50 mg,Yes,,
ONC-0201,Baseline,2026-06-17,Completed,ABC-101 50 mg,Yes,,
ONC-0201,Week 2,2026-06-30,Completed,ABC-101 50 mg,Yes,,
ONC-0201,Week 4,2026-07-13,Completed,ABC-101 50 mg,Yes,,
ONC-0201,Week 8,2026-08-16,Completed,ABC-101 50 mg,Yes,,
ONC-0201,Week 12,2026-09-14,Completed,ABC-101 50 mg,Yes,,
ONC-0201,End of Study,2026-09-15,Completed,ABC-101 50 mg,Yes,,
ONC-0202,Screening,2026-02-26,Completed,Placebo,Yes,,
ONC-0202,Baseline,2026-02-27,Completed,Placebo,Yes,,
ONC-0202,Week 2,2026-03-10,Completed,Placebo,Yes,,
ONC-0202,Week 4,2026-03-24,Completed,Placebo,Yes,,
ONC-0202,Week 8,2026-04-30,Completed,Placebo,Yes,,
ONC-0202,Week 12,2026-05-23,Missed,Placebo,No,Subject unavailable,
ONC-0202,End of Study,2026-06-03,Completed,Placebo,Yes,,
ONC-0203,Screening,2026-04-17,Completed,Placebo,Yes,,
ONC-0203,Baseline,2026-04-18,Completed,Placebo,Yes,,
ONC-0203,Week 2,2026-04-28,Completed,Placebo,Yes,,
ONC-0203,Week 4,2026-05-14,Completed,Placebo,Yes,,
ONC-0203,Week 8,2026-06-09,Completed,Placebo,Yes,,
ONC-0203,Week 12,2026-07-17,Completed,Placebo,Yes,,
ONC-0203,End of Study,2026-07-14,Completed,Placebo,Yes,,
ONC-0204,Screening,2026-03-10,Completed,ABC-101 100 mg,Yes,,
ONC-0204,Baseline,2026-03-11,Completed,ABC-101 100 mg,Yes,,
ONC-0204,Week 2,2026-03-25,Completed,ABC-101 100 mg,Yes,,
ONC-0204,Week 4,2026-04-05,Completed,ABC-101 100 mg,Yes,,
ONC-0204,Week 8,2026-05-10,Completed,ABC-101 100 mg,Yes,,
ONC-0204,Week 12,2026-05-30,Completed,ABC-101 100 mg,Yes,,
ONC-0204,End of Study,2026-06-01,Completed,ABC-101 100 mg,Yes,,
ONC-0205,Screening,2026-03-25,Completed,ABC-101 100 mg,Yes,,
ONC-0205,Baseline,2026-03-26,Completed,ABC-101 100 mg,Yes,,
ONC-0205,Week 2,2026-04-09,Completed,ABC-101 100 mg,Yes,,
ONC-0205,Week 4,2026-04-21,Completed,ABC-101 100 mg,Yes,,
ONC-0205,Week 8,2026-05-26,Completed,ABC-101 100 mg,Yes,,
ONC-0205,Week 12,2026-06-11,Completed,ABC-101 100 mg,Yes,,
ONC-0205,End of Study,2026-06-22,Completed,ABC-101 100 mg,Yes,,
ONC-0206,Screening,2026-01-08,Completed,ABC-101 100 mg,Yes,,
ONC-0206,Baseline,2026-01-09,Completed,ABC-101 100 mg,Yes,,
ONC-0206,Week 2,2026-01-22,Completed,ABC-101 100 mg,Yes,,
ONC-0206,Week 4,2026-02-03,Completed,ABC-101 100 mg,Yes,,
ONC-0206,Week 8,2026-03-02,Completed,ABC-101 100 mg,Yes,,
ONC-0206,Week 12,2026-04-07,Completed,ABC-101 100 mg,Yes,,
ONC-0206,End of Study,2026-04-04,Completed,ABC-101 100 mg,Yes,,
ONC-0207,Screening,2026-02-10,Completed,ABC-101 100 mg,Yes,,
ONC-0207,Baseline,2026-02-11,Completed,ABC-101 100 mg,Yes,,
ONC-0207,Week 2,2026-02-21,Completed,ABC-101 100 mg,Yes,,
ONC-0207,Week 4,2026-03-12,Completed,ABC-101 100 mg,Yes,,
ONC-0207,Week 8,2026-04-12,Completed,ABC-101 100 mg,Yes,,
ONC-0207,Week 12,2026-05-08,Completed,ABC-101 100 mg,Yes,,
ONC-0207,End of Study,2026-05-18,Completed,ABC-101 100 mg,Yes,,
ONC-0208,Screening,2026-03-11,Completed,Placebo,Yes,,
ONC-0208,Baseline,2026-03-12,Completed,Placebo,Yes,,
ONC-0208,Week 2,2026-03-23,Completed,Placebo,Yes,,
ONC-0208,Week 4,2026-04-09,Completed,Placebo,Yes,,
ONC-0208,Week 8,2026-05-03,Completed,Placebo,Yes,,
ONC-0208,Week 12,2026-06-03,Completed,Placebo,Yes,,
ONC-0208,End of Study,2026-06-05,Completed,Placebo,Yes,,
ONC-0209,Screening,2026-05-13,Completed,Placebo,Yes,,
ONC-0209,Baseline,2026-05-14,Completed,Placebo,Yes,,
ONC-0209,Week 2,2026-05-24,Completed,Placebo,Yes,,
ONC-0209,Week 4,2026-06-08,Completed,Placebo,Yes,,
ONC-0209,Week 8,2026-07-05,Completed,Placebo,Yes,,
ONC-0209,Week 12,2026-08-10,Completed,Placebo,Yes,,
ONC-0209,End of Study,2026-08-12,Completed,Placebo,Yes,,
ONC-0210,Screening,2026-04-21,Completed,ABC-101 50 mg,Yes,,
ONC-0210,Baseline,2026-04-22,Completed,ABC-101 50 mg,Yes,,
ONC-0210,Week 2,2026-05-07,Completed,ABC-101 50 mg,Yes,,
ONC-0210,Week 4,2026-05-16,Completed,ABC-101 50 mg,Yes,,
ONC-0210,Week 8,2026-06-15,Completed,ABC-101 50 mg,Yes,,
ONC-0210,Week 12,2026-07-09,Completed,ABC-101 50 mg,Yes,,
ONC-0210,End of Study,2026-07-18,Completed,ABC-101 50 mg,Yes,,
ONC-0211,Screening,2026-02-18,Completed,Placebo,Yes,,
ONC-0211,Baseline,2026-02-19,Completed,Placebo,Yes,,
ONC-0211,Week 2,2026-03-03,Missed,Placebo,No,Scheduling conflict,
ONC-0211,Week 4,2026-03-22,Completed,Placebo,Yes,,
ONC-0211,Week 8,2026-04-09,Completed,Placebo,Yes,,
ONC-0211,Week 12,2026-05-15,Missed,Placebo,No,Subject unavailable,
ONC-0211,End of Study,2026-05-15,Completed,Placebo,Yes,,
ONC-0212,Screening,2026-03-31,Completed,ABC-101 100 mg,Yes,,
ONC-0212,Baseline,2026-04-01,Completed,ABC-101 100 mg,Yes,,
ONC-0212,Week 2,2026-04-13,Completed,ABC-101 100 mg,Yes,,
ONC-0212,Week 4,2026-05-02,Completed,ABC-101 100 mg,Yes,,
ONC-0212,Week 8,2026-05-19,Completed,ABC-101 100 mg,Yes,,
ONC-0212,Week 12,2026-06-23,Completed,ABC-101 100 mg,Yes,,
ONC-0212,End of Study,2026-07-05,Completed,ABC-101 100 mg,Yes,,
ONC-0213,Screening,2026-02-13,Completed,Placebo,Yes,,
ONC-0213,Baseline,2026-02-14,Completed,Placebo,Yes,,
ONC-0213,Week 2,2026-03-02,Completed,Placebo,Yes,,
ONC-0213,Week 4,2026-03-11,Completed,Placebo,Yes,,
ONC-0213,Week 8,2026-04-16,Completed,Placebo,Yes,,
ONC-0213,Week 12,2026-05-10,Completed,Placebo,Yes,,
ONC-0213,End of Study,2026-05-19,Completed,Placebo,Yes,,
ONC-0214,Screening,2026-06-22,Completed,Placebo,Yes,,
ONC-0214,Baseline,2026-06-23,Completed,Placebo,Yes,,
ONC-0214,Week 2,2026-07-07,Completed,Placebo,Yes,,
ONC-0214,Week 4,2026-07-23,Completed,Placebo,Yes,,
ONC-0214,Week 8,2026-08-11,Completed,Placebo,Yes,,
ONC-0214,Week 12,2026-09-11,Completed,Placebo,Yes,,
ONC-0214,End of Study,2026-09-26,Completed,Placebo,Yes,,
ONC-0215,Screening,2026-05-27,Completed,Placebo,Yes,,
ONC-0215,Baseline,2026-05-28,Completed,Placebo,Yes,,
ONC-0215,Week 2,2026-06-07,Completed,Placebo,Yes,,
ONC-0215,Week 4,2026-06-25,Completed,Placebo,Yes,,
ONC-0215,Week 8,2026-07-28,Completed,Placebo,Yes,,
ONC-0215,Week 12,2026-08-25,Completed,Placebo,Yes,,
ONC-0215,End of Study,2026-08-25,Completed,Placebo,Yes,,
ONC-0216,Screening,2026-03-28,Completed,Placebo,Yes,,
ONC-0216,Baseline,2026-03-29,Completed,Placebo,Yes,,
ONC-0216,Week 2,2026-04-08,Completed,Placebo,Yes,,
ONC-0216,Week 4,2026-04-20,Completed,Placebo,Yes,,
ONC-0216,Week 8,2026-05-18,Completed,Placebo,Yes,,
ONC-0216,Week 12,2026-06-19,Completed,Placebo,Yes,,
ONC-0216,End of Study,2026-06-29,Completed,Placebo,Yes,,
ONC-0217,Screening,2026-05-06,Completed,ABC-101 50 mg,Yes,,
ONC-0217,Baseline,2026-05-07,Completed,ABC-101 50 mg,Yes,,
ONC-0217,Week 2,2026-05-19,Completed,ABC-101 50 mg,Yes,,
ONC-0217,Week 4,2026-06-04,Completed,ABC-101 50 mg,Yes,,
ONC-0217,Week 8,2026-06-28,Completed,ABC-101 50 mg,Yes,,
ONC-0217,Week 12,2026-07-22,Completed,ABC-101 50 mg,Yes,,
ONC-0217,End of Study,2026-08-08,Completed,ABC-101 50 mg,Yes,,
ONC-0218,Screening,2026-05-13,Completed,Placebo,Yes,,
ONC-0218,Baseline,2026-05-14,Completed,Placebo,Yes,,
ONC-0218,Week 2,2026-05-24,Completed,Placebo,Yes,,
ONC-0218,Week 4,2026-06-10,Completed,Placebo,Yes,,
ONC-0218,Week 8,2026-07-12,Completed,Placebo,Yes,,
ONC-0218,Week 12,2026-08-11,Completed,Placebo,Yes,,
ONC-0218,End of Study,2026-08-14,Completed,Placebo,Yes,,
ONC-0219,Screening,2026-02-05,Completed,ABC-101 50 mg,Yes,,
ONC-0219,Baseline,2026-02-06,Completed,ABC-101 50 mg,Yes,,
ONC-0219,Week 2,2026-02-21,Completed,ABC-101 50 mg,Yes,,
ONC-0219,Week 4,2026-03-02,Completed,ABC-101 50 mg,Yes,,
ONC-0219,Week 8,2026-04-05,Completed,ABC-101 50 mg,Yes,,
ONC-0219,Week 12,2026-04-24,Completed,ABC-101 50 mg,Yes,,
ONC-0219,End of Study,2026-05-04,Completed,ABC-101 50 mg,Yes,,
ONC-0220,Screening,2026-03-29,Completed,ABC-101 100 mg,Yes,,
ONC-0220,Baseline,2026-03-30,Completed,ABC-101 100 mg,Yes,,
ONC-0220,Week 2,2026-04-13,Completed,ABC-101 100 mg,Yes,,
ONC-0220,Week 4,2026-04-22,Completed,ABC-101 100 mg,Yes,,
ONC-0220,Week 8,2026-05-23,Completed,ABC-101 100 mg,Yes,,
ONC-0220,Week 12,2026-06-14,Completed,ABC-101 100 mg,Yes,,
ONC-0220,End of Study,2026-06-21,Completed,ABC-101 100 mg,Yes,,
ONC-0221,Screening,2026-05-02,Completed,Placebo,Yes,,
ONC-0221,Baseline,2026-05-03,Completed,Placebo,Yes,,
ONC-0221,Week 2,2026-05-15,Completed,Placebo,Yes,,
ONC-0221,Week 4,2026-06-01,Completed,Placebo,Yes,,
ONC-0221,Week 8,2026-07-02,Completed,Placebo,Yes,,
ONC-0221,Week 12,2026-07-31,Completed,Placebo,Yes,,
ONC-0221,End of Study,2026-07-30,Completed,Placebo,Yes,,
ONC-0222,Screening,2026-02-18,Completed,Placebo,Yes,,
ONC-0222,Baseline,2026-02-19,Completed,Placebo,Yes,,
ONC-0222,Week 2,2026-03-05,Completed,Placebo,Yes,,
ONC-0222,Week 4,2026-03-16,Completed,Placebo,Yes,,
ONC-0222,Week 8,2026-04-18,Completed,Placebo,Yes,,
ONC-0222,Week 12,2026-05-10,Completed,Placebo,Yes,,
ONC-0222,End of Study,2026-05-22,Completed,Placebo,Yes,,
ONC-0223,Screening,2026-01-31,Completed,ABC-101 100 mg,Yes,,
ONC-0223,Baseline,2026-02-01,Completed,ABC-101 100 mg,Yes,,
ONC-0223,Week 2,2026-02-16,Missed,ABC-101 100 mg,No,Subject withdrew before visit,
ONC-0223,Week 4,2026-02-23,Completed,ABC-101 100 mg,Yes,,
ONC-0223,Week 8,2026-04-01,Completed,ABC-101 100 mg,Yes,,
ONC-0223,Week 12,2026-04-30,Completed,ABC-101 100 mg,Yes,,
ONC-0223,End of Study,2026-04-29,Completed,ABC-101 100 mg,Yes,,
ONC-0224,Screening,2026-05-04,Completed,ABC-101 100 mg,Yes,,
ONC-0224,Baseline,2026-05-05,Completed,ABC-101 100 mg,Yes,,
ONC-0224,Week 2,2026-05-16,Completed,ABC-101 100 mg,Yes,,
ONC-0224,Week 4,2026-06-06,Completed,ABC-101 100 mg,Yes,,
ONC-0224,Week 8,2026-06-26,Completed,ABC-101 100 mg,Yes,,
ONC-0224,Week 12,2026-08-01,Completed,ABC-101 100 mg,Yes,,
ONC-0224,End of Study,2026-08-02,Completed,ABC-101 100 mg,Yes,,
ONC-0225,Screening,2026-05-05,Completed,ABC-101 50 mg,Yes,,
ONC-0225,Baseline,2026-05-06,Completed,ABC-101 50 mg,Yes,,
ONC-0225,Week 2,2026-05-17,Completed,ABC-101 50 mg,Yes,,
ONC-0225,Week 4,2026-05-29,Completed,ABC-101 50 mg,Yes,,
ONC-0225,Week 8,2026-07-02,Completed,ABC-101 50 mg,Yes,,
ONC-0225,Week 12,2026-07-30,Completed,ABC-101 50 mg,Yes,,
ONC-0225,End of Study,2026-08-09,Completed,ABC-101 50 mg,Yes,,
ONC-0226,Screening,2026-05-27,Completed,ABC-101 50 mg,Yes,,
ONC-0226,Baseline,2026-05-28,Completed,ABC-101 50 mg,Yes,,
ONC-0226,Week 2,2026-06-08,Missed,ABC-101 50 mg,No,Missed appointment,
ONC-0226,Week 4,2026-06-25,Completed,ABC-101 50 mg,Yes,,
ONC-0226,Week 8,2026-07-23,Completed,ABC-101 50 mg,Yes,,
ONC-0226,Week 12,2026-08-22,Completed,ABC-101 50 mg,Yes,,
ONC-0226,End of Study,2026-08-18,Completed,ABC-101 50 mg,Yes,,
ONC-0227,Screening,2026-02-24,Completed,Placebo,Yes,,
ONC-0227,Baseline,2026-02-25,Completed,Placebo,Yes,,
ONC-0227,Week 2,2026-03-10,Completed,Placebo,Yes,,
ONC-0227,Week 4,2026-03-26,Completed,Placebo,Yes,,
ONC-0227,Week 8,2026-04-23,Completed,Placebo,Yes,,
ONC-0227,Week 12,2026-05-25,Completed,Placebo,Yes,,
ONC-0227,End of Study,2026-05-19,Completed,Placebo,Yes,,
ONC-0228,Screening,2026-06-28,Completed,Placebo,Yes,,
ONC-0228,Baseline,2026-06-29,Completed,Placebo,Yes,,
ONC-0228,Week 2,2026-07-13,Completed,Placebo,Yes,,
ONC-0228,Week 4,2026-07-28,Completed,Placebo,Yes,,
ONC-0228,Week 8,2026-08-26,Completed,Placebo,Yes,,
ONC-0228,Week 12,2026-09-22,Completed,Placebo,Yes,,
ONC-0228,End of Study,2026-10-03,Missed,Placebo,No,Missed appointment,
ONC-0229,Screening,2026-06-16,Completed,ABC-101 100 mg,Yes,,
ONC-0229,Baseline,2026-06-17,Completed,ABC-101 100 mg,Yes,,
ONC-0229,Week 2,2026-06-29,Completed,ABC-101 100 mg,Yes,,
ONC-0229,Week 4,2026-07-09,Completed,ABC-101 100 mg,Yes,,
ONC-0229,Week 8,2026-08-13,Completed,ABC-101 100 mg,Yes,,
ONC-0229,Week 12,2026-09-12,Completed,ABC-101 100 mg,Yes,,
ONC-0229,End of Study,2026-09-18,Completed,ABC-101 100 mg,Yes,,
ONC-0230,Screening,2026-04-05,Completed,ABC-101 100 mg,Yes,,
ONC-0230,Baseline,2026-04-06,Completed,ABC-101 100 mg,Yes,,
ONC-0230,Week 2,2026-04-22,Completed,ABC-101 100 mg,Yes,,
ONC-0230,Week 4,2026-04-30,Completed,ABC-101 100 mg,Yes,,
ONC-0230,Week 8,2026-06-04,Completed,ABC-101 100 mg,Yes,,
ONC-0230,Week 12,2026-06-25,Completed,ABC-101 100 mg,Yes,,
ONC-0230,End of Study,2026-07-09,Completed,ABC-101 100 mg,Yes,,
ONC-0231,Screening,2026-06-06,Completed,ABC-101 100 mg,Yes,,
ONC-0231,Baseline,2026-06-07,Completed,ABC-101 100 mg,Yes,,
ONC-0231,Week 2,2026-06-21,Completed,ABC-101 100 mg,Yes,,
ONC-0231,Week 4,2026-07-08,Completed,ABC-101 100 mg,Yes,,
ONC-0231,Week 8,2026-08-03,Completed,ABC-101 100 mg,Yes,,
ONC-0231,Week 12,2026-08-25,Completed,ABC-101 100 mg,Yes,,
ONC-0231,End of Study,2026-09-01,Completed,ABC-101 100 mg,Yes,,
ONC-0232,Screening,2026-03-20,Completed,Placebo,Yes,,
ONC-0232,Baseline,2026-03-21,Completed,Placebo,Yes,,
ONC-0232,Week 2,2026-04-06,Completed,Placebo,Yes,,
ONC-0232,Week 4,2026-04-16,Completed,Placebo,Yes,,
ONC-0232,Week 8,2026-05-14,Completed,Placebo,Yes,,
ONC-0232,Week 12,2026-06-15,Completed,Placebo,Yes,,
ONC-0232,End of Study,2026-06-12,Completed,Placebo,Yes,,
ONC-0233,Screening,2026-03-21,Completed,ABC-101 50 mg,Yes,,
ONC-0233,Baseline,2026-03-22,Completed,ABC-101 50 mg,Yes,,
ONC-0233,Week 2,2026-04-03,Completed,ABC-101 50 mg,Yes,,
ONC-0233,Week 4,2026-04-18,Completed,ABC-101 50 mg,Yes,,
ONC-0233,Week 8,2026-05-17,Completed,ABC-101 50 mg,Yes,,
ONC-0233,Week 12,2026-06-16,Completed,ABC-101 50 mg,Yes,,
ONC-0233,End of Study,2026-06-15,Completed,ABC-101 50 mg,Yes,,
ONC-0234,Screening,2026-05-18,Completed,ABC-101 50 mg,Yes,,
ONC-0234,Baseline,2026-05-19,Completed,ABC-101 50 mg,Yes,,
ONC-0234,Week 2,2026-06-01,Completed,ABC-101 50 mg,Yes,,
ONC-0234,Week 4,2026-06-18,Completed,ABC-101 50 mg,Yes,,
ONC-0234,Week 8,2026-07-10,Completed,ABC-101 50 mg,Yes,,
ONC-0234,Week 12,2026-08-13,Completed,ABC-101 50 mg,Yes,,
ONC-0234,End of Study,2026-08-23,Completed,ABC-101 50 mg,Yes,,
ONC-0235,Screening,2026-02-13,Completed,Placebo,Yes,,
ONC-0235,Baseline,2026-02-14,Completed,Placebo,Yes,,
ONC-0235,Week 2,2026-02-27,Completed,Placebo,Yes,,
ONC-0235,Week 4,2026-03-13,Completed,Placebo,Yes,,
ONC-0235,Week 8,2026-04-04,Completed,Placebo,Yes,,
ONC-0235,Week 12,2026-05-03,Completed,Placebo,Yes,,
ONC-0235,End of Study,2026-05-10,Completed,Placebo,Yes,,
ONC-0236,Screening,2026-06-27,Completed,ABC-101 100 mg,Yes,,
ONC-0236,Baseline,2026-06-28,Completed,ABC-101 100 mg,Yes,,
ONC-0236,Week 2,2026-07-12,Completed,ABC-101 100 mg,Yes,,
ONC-0236,Week 4,2026-07-21,Completed,ABC-101 100 mg,Yes,,
ONC-0236,Week 8,2026-08-20,Completed,ABC-101 100 mg,Yes,,
ONC-0236,Week 12,2026-09-16,Completed,ABC-101 100 mg,Yes,,
ONC-0236,End of Study,2026-09-26,Completed,ABC-101 100 mg,Yes,,
ONC-0237,Screening,2026-03-09,Completed,Placebo,Yes,,
ONC-0237,Baseline,2026-03-10,Completed,Placebo,Yes,,
ONC-0237,Week 2,2026-03-23,Completed,Placebo,Yes,,
ONC-0237,Week 4,2026-04-07,Completed,Placebo,Yes,,
ONC-0237,Week 8,2026-05-04,Completed,Placebo,Yes,,
ONC-0237,Week 12,2026-06-01,Completed,Placebo,Yes,,
ONC-0237,End of Study,2026-06-04,Completed,Placebo,Yes,,
ONC-0238,Screening,2026-06-08,Completed,Placebo,Yes,,
ONC-0238,Baseline,2026-06-09,Completed,Placebo,Yes,,
ONC-0238,Week 2,2026-06-20,Completed,Placebo,Yes,,
ONC-0238,Week 4,2026-07-03,Completed,Placebo,Yes,,
ONC-0238,Week 8,2026-08-07,Completed,Placebo,Yes,,
ONC-0238,Week 12,2026-09-01,Completed,Placebo,Yes,,
ONC-0238,End of Study,2026-09-09,Completed,Placebo,Yes,,
ONC-0239,Screening,2026-01-24,Completed,ABC-101 50 mg,Yes,,
ONC-0239,Baseline,2026-01-25,Completed,ABC-101 50 mg,Yes,,
ONC-0239,Week 2,2026-02-05,Completed,ABC-101 50 mg,Yes,,
ONC-0239,Week 4,2026-02-20,Completed,ABC-101 50 mg,Yes,,
ONC-0239,Week 8,2026-03-27,Completed,ABC-101 50 mg,Yes,,
ONC-0239,Week 12,2026-04-16,Completed,ABC-101 50 mg,Yes,,
ONC-0239,End of Study,2026-04-20,Completed,ABC-101 50 mg,Yes,,
ONC-0240,Screening,2026-05-11,Completed,Placebo,Yes,,
ONC-0240,Baseline,2026-05-12,Completed,Placebo,Yes,,
ONC-0240,Week 2,2026-05-25,Completed,Placebo,Yes,,
ONC-0240,Week 4,2026-06-05,Completed,Placebo,Yes,,
ONC-0240,Week 8,2026-07-12,Completed,Placebo,Yes,,
ONC-0240,Week 12,2026-08-07,Completed,Placebo,Yes,,
ONC-0240,End of Study,2026-08-11,Completed,Placebo,Yes,,
ONC-0241,Screening,2026-02-25,Completed,Placebo,Yes,,
ONC-0241,Baseline,2026-02-26,Completed,Placebo,Yes,,
ONC-0241,Week 2,2026-03-12,Completed,Placebo,Yes,,
ONC-0241,Week 4,2026-03-29,Completed,Placebo,Yes,,
ONC-0241,Week 8,2026-04-22,Completed,Placebo,Yes,,
ONC-0241,Week 12,2026-05-21,Completed,Placebo,Yes,,
ONC-0241,End of Study,2026-05-29,Missed,Placebo,No,Missed appointment,
ONC-0242,Screening,2026-03-29,Completed,ABC-101 50 mg,Yes,,
ONC-0242,Baseline,2026-03-30,Completed,ABC-101 50 mg,Yes,,
ONC-0242,Week 2,2026-04-09,Completed,ABC-101 50 mg,Yes,,
ONC-0242,Week 4,2026-04-30,Completed,ABC-101 50 mg,Yes,,
ONC-0242,Week 8,2026-05-22,Completed,ABC-101 50 mg,Yes,,
ONC-0242,Week 12,2026-06-18,Completed,ABC-101 50 mg,Yes,,
ONC-0242,End of Study,2026-07-03,Completed,ABC-101 50 mg,Yes,,
ONC-0243,Screening,2026-01-13,Completed,ABC-101 100 mg,Yes,,
ONC-0243,Baseline,2026-01-14,Completed,ABC-101 100 mg,Yes,,
ONC-0243,Week 2,2026-01-27,Completed,ABC-101 100 mg,Yes,,
ONC-0243,Week 4,2026-02-09,Completed,ABC-101 100 mg,Yes,,
ONC-0243,Week 8,2026-03-14,Completed,ABC-101 100 mg,Yes,,
ONC-0243,Week 12,2026-03-31,Completed,ABC-101 100 mg,Yes,,
ONC-0243,End of Study,2026-04-09,Completed,ABC-101 100 mg,Yes,,
ONC-0244,Screening,2026-03-17,Completed,Placebo,Yes,,
ONC-0244,Baseline,2026-03-18,Completed,Placebo,Yes,,
ONC-0244,Week 2,2026-04-02,Completed,Placebo,Yes,,
ONC-0244,Week 4,2026-04-12,Completed,Placebo,Yes,,
ONC-0244,Week 8,2026-05-06,Completed,Placebo,Yes,,
ONC-0244,Week 12,2026-06-08,Completed,Placebo,Yes,,
ONC-0244,End of Study,2026-06-09,Completed,Placebo,Yes,,
ONC-0245,Screening,2026-04-14,Completed,ABC-101 100 mg,Yes,,
ONC-0245,Baseline,2026-04-15,Completed,ABC-101 100 mg,Yes,,
ONC-0245,Week 2,2026-04-25,Completed,ABC-101 100 mg,Yes,,
ONC-0245,Week 4,2026-05-10,Completed,ABC-101 100 mg,Yes,,
ONC-0245,Week 8,2026-06-16,Completed,ABC-101 100 mg,Yes,,
ONC-0245,Week 12,2026-07-09,Completed,ABC-101 100 mg,Yes,,
ONC-0245,End of Study,2026-07-13,Completed,ABC-101 100 mg,Yes,,
ONC-0246,Screening,2026-04-12,Completed,ABC-101 50 mg,Yes,,
ONC-0247,Screening,2026-05-24,Completed,ABC-101 50 mg,Yes,,
ONC-0247,Baseline,2026-05-25,Completed,ABC-101 50 mg,Yes,,
ONC-0247,Week 2,2026-06-07,Completed,ABC-101 50 mg,Yes,,
ONC-0247,Week 4,2026-06-21,Completed,ABC-101 50 mg,Yes,,
ONC-0247,Week 8,2026-07-17,Completed,ABC-101 50 mg,Yes,,
ONC-0247,Week 12,2026-08-13,Completed,ABC-101 50 mg,Yes,,
ONC-0247,End of Study,2026-08-24,Completed,ABC-101 50 mg,Yes,,
ONC-0248,Screening,2026-04-25,Completed,ABC-101 100 mg,Yes,,
ONC-0248,Baseline,2026-04-26,Completed,ABC-101 100 mg,Yes,,
ONC-0248,Week 2,2026-05-12,Completed,ABC-101 100 mg,Yes,,
ONC-0248,Week 4,2026-05-20,Completed,ABC-101 100 mg,Yes,,
ONC-0248,Week 8,2026-06-13,Completed,ABC-101 100 mg,Yes,,
ONC-0248,Week 12,2026-07-17,Completed,ABC-101 100 mg,Yes,,
ONC-0248,End of Study,2026-07-31,Completed,ABC-101 100 mg,Yes,,
ONC-0249,Screening,2026-06-02,Completed,ABC-101 50 mg,Yes,,
ONC-0249,Baseline,2026-06-03,Completed,ABC-101 50 mg,Yes,,
ONC-0249,Week 2,2026-06-18,Completed,ABC-101 50 mg,Yes,,
ONC-0249,Week 4,2026-06-26,Completed,ABC-101 50 mg,Yes,,
ONC-0249,Week 8,2026-08-02,Missed,ABC-101 50 mg,No,Subject withdrew before visit,
ONC-0249,Week 12,2026-08-21,Completed,ABC-101 50 mg,Yes,,
ONC-0249,End of Study,2026-08-24,Completed,ABC-101 50 mg,Yes,,
ONC-0250,Screening,2026-05-29,Completed,ABC-101 100 mg,Yes,,
ONC-0250,Baseline,2026-05-30,Completed,ABC-101 100 mg,Yes,,
ONC-0250,Week 2,2026-06-13,Completed,ABC-101 100 mg,Yes,,
ONC-0250,Week 4,2026-06-24,Missed,ABC-101 100 mg,No,Missed appointment,
ONC-0250,Week 8,2026-07-26,Missed,ABC-101 100 mg,No,Subject withdrew before visit,
ONC-0250,Week 12,2026-08-27,Completed,ABC-101 100 mg,Yes,,
ONC-0250,End of Study,2026-08-24,Completed,ABC-101 100 mg,Yes,,
ONC-0251,Screening,2026-04-10,Completed,Placebo,Yes,,
ONC-0251,Baseline,2026-04-11,Completed,Placebo,Yes,,
ONC-0251,Week 2,2026-04-25,Completed,Placebo,Yes,,
ONC-0251,Week 4,2026-05-04,Completed,Placebo,Yes,,
ONC-0251,Week 8,2026-05-29,Completed,Placebo,Yes,,
ONC-0251,Week 12,2026-06-29,Completed,Placebo,Yes,,
ONC-0251,End of Study,2026-07-04,Completed,Placebo,Yes,,
ONC-0252,Screening,2026-03-27,Completed,Placebo,Yes,,
ONC-0252,Baseline,2026-03-28,Completed,Placebo,Yes,,
ONC-0252,Week 2,2026-04-07,Completed,Placebo,Yes,,
ONC-0252,Week 4,2026-04-20,Completed,Placebo,Yes,,
ONC-0252,Week 8,2026-05-20,Completed,Placebo,Yes,,
ONC-0252,Week 12,2026-06-14,Completed,Placebo,Yes,,
ONC-0252,End of Study,2026-06-24,Completed,Placebo,Yes,,
ONC-0253,Screening,2026-04-28,Completed,ABC-101 50 mg,Yes,,
ONC-0254,Screening,2026-04-11,Completed,ABC-101 50 mg,Yes,,
ONC-0254,Baseline,2026-04-12,Completed,ABC-101 50 mg,Yes,,
ONC-0254,Week 2,2026-04-24,Completed,ABC-101 50 mg,Yes,,
ONC-0254,Week 4,2026-05-07,Completed,ABC-101 50 mg,Yes,,
ONC-0254,Week 8,2026-05-30,Completed,ABC-101 50 mg,Yes,,
ONC-0254,Week 12,2026-06-30,Completed,ABC-101 50 mg,Yes,,
ONC-0254,End of Study,2026-07-10,Completed,ABC-101 50 mg,Yes,,
ONC-0255,Screening,2026-01-14,Completed,ABC-101 100 mg,Yes,,
ONC-0255,Baseline,2026-01-15,Completed,ABC-101 100 mg,Yes,,
ONC-0255,Week 2,2026-01-31,Completed,ABC-101 100 mg,Yes,,
ONC-0255,Week 4,2026-02-13,Completed,ABC-101 100 mg,Yes,,
ONC-0255,Week 8,2026-03-17,Completed,ABC-101 100 mg,Yes,,
ONC-0255,Week 12,2026-04-03,Completed,ABC-101 100 mg,Yes,,
ONC-0255,End of Study,2026-04-10,Completed,ABC-101 100 mg,Yes,,
ONC-0256,Screening,2026-01-06,Completed,Placebo,Yes,,
ONC-0256,Baseline,2026-01-07,Completed,Placebo,Yes,,
ONC-0256,Week 2,2026-01-22,Completed,Placebo,Yes,,
ONC-0256,Week 4,2026-02-03,Completed,Placebo,Yes,,
ONC-0256,Week 8,2026-03-03,Completed,Placebo,Yes,,
ONC-0256,Week 12,2026-03-26,Completed,Placebo,Yes,,
ONC-0256,End of Study,2026-04-04,Completed,Placebo,Yes,,
ONC-0257,Screening,2026-03-01,Completed,Placebo,Yes,,
ONC-0257,Baseline,2026-03-02,Completed,Placebo,Yes,,
ONC-0257,Week 2,2026-03-12,Completed,Placebo,Yes,,
ONC-0257,Week 4,2026-04-03,Completed,Placebo,Yes,,
ONC-0257,Week 8,2026-04-25,Completed,Placebo,Yes,,
ONC-0257,Week 12,2026-05-29,Completed,Placebo,Yes,,
ONC-0257,End of Study,2026-05-24,Completed,Placebo,Yes,,
ONC-0258,Screening,2026-06-11,Completed,ABC-101 50 mg,Yes,,
ONC-0258,Baseline,2026-06-12,Completed,ABC-101 50 mg,Yes,,
ONC-0258,Week 2,2026-06-24,Completed,ABC-101 50 mg,Yes,,
ONC-0258,Week 4,2026-07-13,Completed,ABC-101 50 mg,Yes,,
ONC-0258,Week 8,2026-08-09,Completed,ABC-101 50 mg,Yes,,
ONC-0258,Week 12,2026-08-27,Completed,ABC-101 50 mg,Yes,,
ONC-0258,End of Study,2026-09-03,Completed,ABC-101 50 mg,Yes,,
ONC-0259,Screening,2026-01-14,Completed,ABC-101 100 mg,Yes,,
ONC-0259,Baseline,2026-01-15,Completed,ABC-101 100 mg,Yes,,
ONC-0259,Week 2,2026-01-28,Completed,ABC-101 100 mg,Yes,,
ONC-0259,Week 4,2026-02-09,Completed,ABC-101 100 mg,Yes,,
ONC-0259,Week 8,2026-03-14,Completed,ABC-101 100 mg,Yes,,
ONC-0259,Week 12,2026-04-06,Completed,ABC-101 100 mg,Yes,,
ONC-0259,End of Study,2026-04-19,Completed,ABC-101 100 mg,Yes,,
ONC-0260,Screening,2026-06-18,Completed,ABC-101 50 mg,Yes,,
ONC-0260,Baseline,2026-06-19,Completed,ABC-101 50 mg,Yes,,
ONC-0260,Week 2,2026-07-02,Completed,ABC-101 50 mg,Yes,,
ONC-0260,Week 4,2026-07-18,Completed,ABC-101 50 mg,Yes,,
ONC-0260,Week 8,2026-08-14,Completed,ABC-101 50 mg,Yes,,
ONC-0260,Week 12,2026-09-06,Completed,ABC-101 50 mg,Yes,,
ONC-0260,End of Study,2026-09-18,Completed,ABC-101 50 mg,Yes,,
ONC-0261,Screening,2026-05-20,Completed,Placebo,Yes,,
ONC-0262,Screening,2026-06-26,Completed,Placebo,Yes,,
ONC-0262,Baseline,2026-06-27,Completed,Placebo,Yes,,
ONC-0262,Week 2,2026-07-13,Missed,Placebo,No,Missed appointment,
ONC-0262,Week 4,2026-07-26,Completed,Placebo,Yes,,
ONC-0262,Week 8,2026-08-25,Completed,Placebo,Yes,,
ONC-0262,Week 12,2026-09-18,Completed,Placebo,Yes,,
ONC-0262,End of Study,2026-09-23,Completed,Placebo,Yes,,
ONC-0263,Screening,2026-04-25,Completed,Placebo,Yes,,
ONC-0263,Baseline,2026-04-26,Completed,Placebo,Yes,,
ONC-0263,Week 2,2026-05-11,Completed,Placebo,Yes,,
ONC-0263,Week 4,2026-05-23,Completed,Placebo,Yes,,
ONC-0263,Week 8,2026-06-22,Completed,Placebo,Yes,,
ONC-0263,Week 12,2026-07-14,Completed,Placebo,Yes,,
ONC-0263,End of Study,2026-07-27,Completed,Placebo,Yes,,
ONC-0264,Screening,2026-01-10,Completed,ABC-101 100 mg,Yes,,
ONC-0264,Baseline,2026-01-11,Completed,ABC-101 100 mg,Yes,,
ONC-0264,Week 2,2026-01-22,Missed,ABC-101 100 mg,No,Subject withdrew before visit,
ONC-0264,Week 4,2026-02-06,Completed,ABC-101 100 mg,Yes,,
ONC-0264,Week 8,2026-03-02,Completed,ABC-101 100 mg,Yes,,
ONC-0264,Week 12,2026-04-03,Completed,ABC-101 100 mg,Yes,,
ONC-0264,End of Study,2026-04-05,Completed,ABC-101 100 mg,Yes,,
ONC-0265,Screening,2026-04-19,Completed,Placebo,Yes,,
ONC-0265,Baseline,2026-04-20,Completed,Placebo,Yes,,
ONC-0265,Week 2,2026-05-06,Completed,Placebo,Yes,,
ONC-0265,Week 4,2026-05-13,Completed,Placebo,Yes,,
ONC-0265,Week 8,2026-06-20,Completed,Placebo,Yes,,
ONC-0265,Week 12,2026-07-16,Completed,Placebo,Yes,,
ONC-0265,End of Study,2026-07-25,Completed,Placebo,Yes,,
ONC-0266,Screening,2026-03-16,Completed,ABC-101 50 mg,Yes,,
ONC-0266,Baseline,2026-03-17,Completed,ABC-101 50 mg,Yes,,
ONC-0266,Week 2,2026-03-29,Completed,ABC-101 50 mg,Yes,,
ONC-0266,Week 4,2026-04-13,Completed,ABC-101 50 mg,Yes,,
ONC-0266,Week 8,2026-05-10,Completed,ABC-101 50 mg,Yes,,
ONC-0266,Week 12,2026-06-02,Completed,ABC-101 50 mg,Yes,,
ONC-0266,End of Study,2026-06-14,Completed,ABC-101 50 mg,Yes,,
ONC-0267,Screening,2026-06-21,Completed,ABC-101 100 mg,Yes,,
ONC-0267,Baseline,2026-06-22,Completed,ABC-101 100 mg,Yes,,
ONC-0267,Week 2,2026-07-04,Completed,ABC-101 100 mg,Yes,,
ONC-0267,Week 4,2026-07-18,Completed,ABC-101 100 mg,Yes,,
ONC-0267,Week 8,2026-08-21,Completed,ABC-101 100 mg,Yes,,
ONC-0267,Week 12,2026-09-09,Completed,ABC-101 100 mg,Yes,,
ONC-0267,End of Study,2026-09-22,Completed,ABC-101 100 mg,Yes,,
ONC-0268,Screening,2026-05-26,Completed,Placebo,Yes,,
ONC-0268,Baseline,2026-05-27,Completed,Placebo,Yes,,
ONC-0268,Week 2,2026-06-12,Completed,Placebo,Yes,,
ONC-0268,Week 4,2026-06-21,Completed,Placebo,Yes,,
ONC-0268,Week 8,2026-07-25,Completed,Placebo,Yes,,
ONC-0268,Week 12,2026-08-19,Completed,Placebo,Yes,,
ONC-0268,End of Study,2026-08-20,Completed,Placebo,Yes,,
ONC-0269,Screening,2026-03-28,Completed,ABC-101 100 mg,Yes,,
ONC-0269,Baseline,2026-03-29,Completed,ABC-101 100 mg,Yes,,
ONC-0269,Week 2,2026-04-08,Completed,ABC-101 100 mg,Yes,,
ONC-0269,Week 4,2026-04-25,Completed,ABC-101 100 mg,Yes,,
ONC-0269,Week 8,2026-05-30,Completed,ABC-101 100 mg,Yes,,
ONC-0269,Week 12,2026-06-26,Completed,ABC-101 100 mg,Yes,,
ONC-0269,End of Study,2026-06-29,Completed,ABC-101 100 mg,Yes,,
ONC-0270,Screening,2026-02-04,Completed,ABC-101 50 mg,Yes,,
ONC-0271,Screening,2026-04-19,Completed,ABC-101 50 mg,Yes,,
ONC-0271,Baseline,2026-04-20,Completed,ABC-101 50 mg,Yes,,
ONC-0271,Week 2,2026-05-06,Completed,ABC-101 50 mg,Yes,,
ONC-0271,Week 4,2026-05-17,Completed,ABC-101 50 mg,Yes,,
ONC-0271,Week 8,2026-06-20,Completed,ABC-101 50 mg,Yes,,
ONC-0271,Week 12,2026-07-15,Completed,ABC-101 50 mg,Yes,,
ONC-0271,End of Study,2026-07-22,Completed,ABC-101 50 mg,Yes,,
ONC-0272,Screening,2026-02-19,Completed,Placebo,Yes,,
ONC-0273,Screening,2026-01-20,Completed,ABC-101 100 mg,Yes,,
ONC-0273,Baseline,2026-01-21,Completed,ABC-101 100 mg,Yes,,
ONC-0273,Week 2,2026-02-05,Completed,ABC-101 100 mg,Yes,,
ONC-0273,Week 4,2026-02-16,Completed,ABC-101 100 mg,Yes,,
ONC-0273,Week 8,2026-03-22,Completed,ABC-101 100 mg,Yes,,
ONC-0273,Week 12,2026-04-07,Completed,ABC-101 100 mg,Yes,,
ONC-0273,End of Study,2026-04-15,Completed,ABC-101 100 mg,Yes,,
ONC-0274,Screening,2026-04-04,Completed,Placebo,Yes,,
ONC-0275,Screening,2026-04-06,Completed,Placebo,Yes,,
ONC-0275,Baseline,2026-04-07,Completed,Placebo,Yes,,
ONC-0275,Week 2,2026-04-20,Completed,Placebo,Yes,,
ONC-0275,Week 4,2026-05-08,Completed,Placebo,Yes,,
ONC-0275,Week 8,2026-06-05,Completed,Placebo,Yes,,
ONC-0275,Week 12,2026-06-24,Completed,Placebo,Yes,,
ONC-0275,End of Study,2026-07-06,Completed,Placebo,Yes,,
ONC-0276,Screening,2026-02-21,Completed,ABC-101 100 mg,Yes,,
ONC-0276,Baseline,2026-02-22,Completed,ABC-101 100 mg,Yes,,
ONC-0276,Week 2,2026-03-09,Completed,ABC-101 100 mg,Yes,,
ONC-0276,Week 4,2026-03-19,Completed,ABC-101 100 mg,Yes,,
ONC-0276,Week 8,2026-04-17,Completed,ABC-101 100 mg,Yes,,
ONC-0276,Week 12,2026-05-21,Completed,ABC-101 100 mg,Yes,,
ONC-0276,End of Study,2026-05-24,Completed,ABC-101 100 mg,Yes,,
ONC-0277,Screening,2026-01-21,Completed,ABC-101 50 mg,Yes,,
ONC-0277,Baseline,2026-01-22,Completed,ABC-101 50 mg,Yes,,
ONC-0277,Week 2,2026-02-05,Completed,ABC-101 50 mg,Yes,,
ONC-0277,Week 4,2026-02-16,Completed,ABC-101 50 mg,Yes,,
ONC-0277,Week 8,2026-03-14,Completed,ABC-101 50 mg,Yes,,
ONC-0277,Week 12,2026-04-15,Completed,ABC-101 50 mg,Yes,,
ONC-0277,End of Study,2026-04-16,Completed,ABC-101 50 mg,Yes,,
ONC-0278,Screening,2026-03-31,Completed,ABC-101 100 mg,Yes,,
ONC-0278,Baseline,2026-04-01,Completed,ABC-101 100 mg,Yes,,
ONC-0278,Week 2,2026-04-15,Completed,ABC-101 100 mg,Yes,,
ONC-0278,Week 4,2026-04-25,Completed,ABC-101 100 mg,Yes,,
ONC-0278,Week 8,2026-05-27,Completed,ABC-101 100 mg,Yes,,
ONC-0278,Week 12,2026-06-24,Completed,ABC-101 100 mg,Yes,,
ONC-0278,End of Study,2026-06-29,Completed,ABC-101 100 mg,Yes,,
ONC-0279,Screening,2026-04-24,Completed,Placebo,Yes,,
ONC-0279,Baseline,2026-04-25,Completed,Placebo,Yes,,
ONC-0279,Week 2,2026-05-10,Completed,Placebo,Yes,,
ONC-0279,Week 4,2026-05-18,Completed,Placebo,Yes,,
ONC-0279,Week 8,2026-06-18,Completed,Placebo,Yes,,
ONC-0279,Week 12,2026-07-18,Completed,Placebo,Yes,,
ONC-0279,End of Study,2026-07-21,Completed,Placebo,Yes,,
ONC-0280,Screening,2026-01-30,Completed,Placebo,Yes,,
ONC-0280,Baseline,2026-01-31,Completed,Placebo,Yes,,
ONC-0280,Week 2,2026-02-14,Completed,Placebo,Yes,,
ONC-0280,Week 4,2026-02-23,Completed,Placebo,Yes,,
ONC-0280,Week 8,2026-03-26,Missed,Placebo,No,Missed appointment,
ONC-0280,Week 12,2026-04-28,Completed,Placebo,Yes,,
ONC-0280,End of Study,2026-05-03,Completed,Placebo,Yes,,
ONC-0281,Screening,2026-03-26,Completed,ABC-101 50 mg,Yes,,
ONC-0281,Baseline,2026-03-27,Completed,ABC-101 50 mg,Yes,,
ONC-0281,Week 2,2026-04-06,Completed,ABC-101 50 mg,Yes,,
ONC-0281,Week 4,2026-04-25,Completed,ABC-101 50 mg,Yes,,
ONC-0281,Week 8,2026-05-15,Completed,ABC-101 50 mg,Yes,,
ONC-0281,Week 12,2026-06-22,Completed,ABC-101 50 mg,Yes,,
ONC-0281,End of Study,2026-06-26,Completed,ABC-101 50 mg,Yes,,
ONC-0282,Screening,2026-04-01,Completed,ABC-101 100 mg,Yes,,
ONC-0282,Baseline,2026-04-02,Completed,ABC-101 100 mg,Yes,,
ONC-0282,Week 2,2026-04-12,Completed,ABC-101 100 mg,Yes,,
ONC-0282,Week 4,2026-04-26,Completed,ABC-101 100 mg,Yes,,
ONC-0282,Week 8,2026-05-23,Completed,ABC-101 100 mg,Yes,,
ONC-0282,Week 12,2026-06-20,Completed,ABC-101 100 mg,Yes,,
ONC-0282,End of Study,2026-07-05,Completed,ABC-101 100 mg,Yes,,
ONC-0283,Screening,2026-06-18,Completed,Placebo,Yes,,
ONC-0283,Baseline,2026-06-19,Completed,Placebo,Yes,,
ONC-0283,Week 2,2026-07-05,Completed,Placebo,Yes,,
ONC-0283,Week 4,2026-07-15,Completed,Placebo,Yes,,
ONC-0283,Week 8,2026-08-12,Completed,Placebo,Yes,,
ONC-0283,Week 12,2026-09-13,Completed,Placebo,Yes,,
ONC-0283,End of Study,2026-09-22,Completed,Placebo,Yes,,
ONC-0284,Screening,2026-05-02,Completed,ABC-101 50 mg,Yes,,
ONC-0285,Screening,2026-03-17,Completed,ABC-101 50 mg,Yes,,
ONC-0285,Baseline,2026-03-18,Completed,ABC-101 50 mg,Yes,,
ONC-0285,Week 2,2026-03-28,Completed,ABC-101 50 mg,Yes,,
ONC-0285,Week 4,2026-04-14,Completed,ABC-101 50 mg,Yes,,
ONC-0285,Week 8,2026-05-13,Completed,ABC-101 50 mg,Yes,,
ONC-0285,Week 12,2026-06-13,Completed,ABC-101 50 mg,Yes,,
ONC-0285,End of Study,2026-06-13,Completed,ABC-101 50 mg,Yes,,
ONC-0286,Screening,2026-03-23,Completed,ABC-101 50 mg,Yes,,
ONC-0286,Baseline,2026-03-24,Completed,ABC-101 50 mg,Yes,,
ONC-0286,Week 2,2026-04-08,Completed,ABC-101 50 mg,Yes,,
ONC-0286,Week 4,2026-04-20,Completed,ABC-101 50 mg,Yes,,
ONC-0286,Week 8,2026-05-17,Completed,ABC-101 50 mg,Yes,,
ONC-0286,Week 12,2026-06-12,Completed,ABC-101 50 mg,Yes,,
ONC-0286,End of Study,2026-06-20,Completed,ABC-101 50 mg,Yes,,
ONC-0287,Screening,2026-04-26,Completed,ABC-101 50 mg,Yes,,
ONC-0287,Baseline,2026-04-27,Completed,ABC-101 50 mg,Yes,,
ONC-0287,Week 2,2026-05-12,Completed,ABC-101 50 mg,Yes,,
ONC-0287,Week 4,2026-05-19,Completed,ABC-101 50 mg,Yes,,
ONC-0287,Week 8,2026-06-20,Completed,ABC-101 50 mg,Yes,,
ONC-0287,Week 12,2026-07-24,Completed,ABC-101 50 mg,Yes,,
ONC-0287,End of Study,2026-07-25,Completed,ABC-101 50 mg,Yes,,
ONC-0288,Screening,2026-04-03,Completed,ABC-101 100 mg,Yes,,
ONC-0288,Baseline,2026-04-04,Completed,ABC-101 100 mg,Yes,,
ONC-0288,Week 2,2026-04-17,Completed,ABC-101 100 mg,Yes,,
ONC-0288,Week 4,2026-04-29,Completed,ABC-101 100 mg,Yes,,
ONC-0288,Week 8,2026-05-23,Completed,ABC-101 100 mg,Yes,,
ONC-0288,Week 12,2026-06-21,Completed,ABC-101 100 mg,Yes,,
ONC-0288,End of Study,2026-06-27,Completed,ABC-101 100 mg,Yes,,
ONC-0289,Screening,2026-06-12,Completed,ABC-101 50 mg,Yes,,
ONC-0289,Baseline,2026-06-13,Completed,ABC-101 50 mg,Yes,,
ONC-0289,Week 2,2026-06-28,Completed,ABC-101 50 mg,Yes,,
ONC-0289,Week 4,2026-07-07,Completed,ABC-101 50 mg,Yes,,
ONC-0289,Week 8,2026-08-02,Completed,ABC-101 50 mg,Yes,,
ONC-0289,Week 12,2026-08-29,Completed,ABC-101 50 mg,Yes,,
ONC-0289,End of Study,2026-09-12,Completed,ABC-101 50 mg,Yes,,
ONC-0290,Screening,2026-01-19,Completed,Placebo,Yes,,
ONC-0290,Baseline,2026-01-20,Completed,Placebo,Yes,,
ONC-0290,Week 2,2026-01-31,Completed,Placebo,Yes,,
ONC-0290,Week 4,2026-02-12,Completed,Placebo,Yes,,
ONC-0290,Week 8,2026-03-15,Completed,Placebo,Yes,,
ONC-0290,Week 12,2026-04-17,Completed,Placebo,Yes,,
ONC-0290,End of Study,2026-04-19,Completed,Placebo,Yes,,
ONC-0291,Screening,2026-06-12,Completed,ABC-101 50 mg,Yes,,
ONC-0291,Baseline,2026-06-13,Completed,ABC-101 50 mg,Yes,,
ONC-0291,Week 2,2026-06-25,Completed,ABC-101 50 mg,Yes,,
ONC-0291,Week 4,2026-07-05,Completed,ABC-101 50 mg,Yes,,
ONC-0291,Week 8,2026-08-10,Completed,ABC-101 50 mg,Yes,,
ONC-0291,Week 12,2026-09-01,Completed,ABC-101 50 mg,Yes,,
ONC-0291,End of Study,2026-09-06,Completed,ABC-101 50 mg,Yes,,
ONC-0292,Screening,2026-06-01,Completed,Placebo,Yes,,
ONC-0292,Baseline,2026-06-02,Completed,Placebo,Yes,,
ONC-0292,Week 2,2026-06-15,Completed,Placebo,Yes,,
ONC-0292,Week 4,2026-06-26,Completed,Placebo,Yes,,
ONC-0292,Week 8,2026-08-02,Completed,Placebo,Yes,,
ONC-0292,Week 12,2026-08-27,Completed,Placebo,Yes,,
ONC-0292,End of Study,2026-08-25,Completed,Placebo,Yes,,
ONC-0293,Screening,2026-01-18,Completed,ABC-101 100 mg,Yes,,
ONC-0293,Baseline,2026-01-19,Completed,ABC-101 100 mg,Yes,,
ONC-0293,Week 2,2026-01-31,Completed,ABC-101 100 mg,Yes,,
ONC-0293,Week 4,2026-02-14,Completed,ABC-101 100 mg,Yes,,
ONC-0293,Week 8,2026-03-20,Completed,ABC-101 100 mg,Yes,,
ONC-0293,Week 12,2026-04-19,Completed,ABC-101 100 mg,Yes,,
ONC-0293,End of Study,2026-04-13,Completed,ABC-101 100 mg,Yes,,
ONC-0294,Screening,2026-06-01,Completed,ABC-101 50 mg,Yes,,
ONC-0294,Baseline,2026-06-02,Completed,ABC-101 50 mg,Yes,,
ONC-0294,Week 2,2026-06-12,Completed,ABC-101 50 mg,Yes,,
ONC-0294,Week 4,2026-07-04,Completed,ABC-101 50 mg,Yes,,
ONC-0294,Week 8,2026-07-28,Completed,ABC-101 50 mg,Yes,,
ONC-0294,Week 12,2026-08-17,Completed,ABC-101 50 mg,Yes,,
ONC-0294,End of Study,2026-08-26,Completed,ABC-101 50 mg,Yes,,
ONC-0295,Screening,2026-04-10,Completed,ABC-101 50 mg,Yes,,
ONC-0295,Baseline,2026-04-11,Completed,ABC-101 50 mg,Yes,,
ONC-0295,Week 2,2026-04-23,Completed,ABC-101 50 mg,Yes,,
ONC-0295,Week 4,2026-05-10,Completed,ABC-101 50 mg,Yes,,
ONC-0295,Week 8,2026-05-29,Completed,ABC-101 50 mg,Yes,,
ONC-0295,Week 12,2026-07-02,Completed,ABC-101 50 mg,Yes,,
ONC-0295,End of Study,2026-07-14,Completed,ABC-101 50 mg,Yes,,
ONC-0296,Screening,2026-03-21,Completed,ABC-101 100 mg,Yes,,
ONC-0296,Baseline,2026-03-22,Completed,ABC-101 100 mg,Yes,,
ONC-0296,Week 2,2026-04-01,Completed,ABC-101 100 mg,Yes,,
ONC-0296,Week 4,2026-04-22,Completed,ABC-101 100 mg,Yes,,
ONC-0296,Week 8,2026-05-09,Completed,ABC-101 100 mg,Yes,,
ONC-0296,Week 12,2026-06-17,Completed,ABC-101 100 mg,Yes,,
ONC-0296,End of Study,2026-06-23,Completed,ABC-101 100 mg,Yes,,
ONC-0297,Screening,2026-03-01,Completed,ABC-101 50 mg,Yes,,
ONC-0297,Baseline,2026-03-02,Completed,ABC-101 50 mg,Yes,,
ONC-0297,Week 2,2026-03-18,Completed,ABC-101 50 mg,Yes,,
ONC-0297,Week 4,2026-03-28,Completed,ABC-101 50 mg,Yes,,
ONC-0297,Week 8,2026-04-26,Completed,ABC-101 50 mg,Yes,,
ONC-0297,Week 12,2026-05-29,Completed,ABC-101 50 mg,Yes,,
ONC-0297,End of Study,2026-05-31,Completed,ABC-101 50 mg,Yes,,
ONC-0298,Screening,2026-03-24,Completed,Placebo,Yes,,
ONC-0298,Baseline,2026-03-25,Completed,Placebo,Yes,,
ONC-0298,Week 2,2026-04-08,Completed,Placebo,Yes,,
ONC-0298,Week 4,2026-04-22,Missed,Placebo,No,Scheduling conflict,
ONC-0298,Week 8,2026-05-17,Completed,Placebo,Yes,,
ONC-0298,Week 12,2026-06-18,Completed,Placebo,Yes,,
ONC-0298,End of Study,2026-06-25,Completed,Placebo,Yes,,
ONC-0299,Screening,2026-05-08,Completed,ABC-101 100 mg,Yes,,
ONC-0299,Baseline,2026-05-09,Completed,ABC-101 100 mg,Yes,,
ONC-0299,Week 2,2026-05-25,Completed,ABC-101 100 mg,Yes,,
ONC-0299,Week 4,2026-06-10,Completed,ABC-101 100 mg,Yes,,
ONC-0299,Week 8,2026-07-07,Completed,ABC-101 100 mg,Yes,,
ONC-0299,Week 12,2026-08-03,Completed,ABC-101 100 mg,Yes,,
ONC-0299,End of Study,2026-08-07,Completed,ABC-101 100 mg,Yes,,
ONC-0300,Screening,2026-03-23,Completed,Placebo,Yes,,
ONC-0300,Baseline,2026-03-24,Completed,Placebo,Yes,,
ONC-0300,Week 2,2026-04-04,Completed,Placebo,Yes,,
ONC-0300,Week 4,2026-04-18,Completed,Placebo,Yes,,
ONC-0300,Week 8,2026-05-15,Completed,Placebo,Yes,,
ONC-0300,Week 12,2026-06-17,Completed,Placebo,Yes,,
ONC-0300,End of Study,2026-06-28,Completed,Placebo,Yes,,
ONC-0301,Screening,2026-01-24,Completed,Placebo,Yes,,
ONC-0301,Baseline,2026-01-25,Completed,Placebo,Yes,,
ONC-0301,Week 2,2026-02-08,Completed,Placebo,Yes,,
ONC-0301,Week 4,2026-02-16,Completed,Placebo,Yes,,
ONC-0301,Week 8,2026-03-21,Completed,Placebo,Yes,,
ONC-0301,Week 12,2026-04-14,Completed,Placebo,Yes,,
ONC-0301,End of Study,2026-04-26,Completed,Placebo,Yes,,
ONC-0302,Screening,2026-01-30,Completed,ABC-101 100 mg,Yes,,
ONC-0302,Baseline,2026-01-31,Completed,ABC-101 100 mg,Yes,,
ONC-0302,Week 2,2026-02-15,Completed,ABC-101 100 mg,Yes,,
ONC-0302,Week 4,2026-02-26,Completed,ABC-101 100 mg,Yes,,
ONC-0302,Week 8,2026-03-20,Completed,ABC-101 100 mg,Yes,,
ONC-0302,Week 12,2026-04-19,Completed,ABC-101 100 mg,Yes,,
ONC-0302,End of Study,2026-05-06,Completed,ABC-101 100 mg,Yes,,
ONC-0303,Screening,2026-02-24,Completed,Placebo,Yes,,
ONC-0303,Baseline,2026-02-25,Completed,Placebo,Yes,,
ONC-0303,Week 2,2026-03-10,Completed,Placebo,Yes,,
ONC-0303,Week 4,2026-03-27,Completed,Placebo,Yes,,
ONC-0303,Week 8,2026-04-25,Completed,Placebo,Yes,,
ONC-0303,Week 12,2026-05-17,Completed,Placebo,Yes,,
ONC-0303,End of Study,2026-05-31,Missed,Placebo,No,Scheduling conflict,
ONC-0304,Screening,2026-05-27,Completed,ABC-101 50 mg,Yes,,
ONC-0304,Baseline,2026-05-28,Completed,ABC-101 50 mg,Yes,,
ONC-0304,Week 2,2026-06-07,Completed,ABC-101 50 mg,Yes,,
ONC-0304,Week 4,2026-06-24,Completed,ABC-101 50 mg,Yes,,
ONC-0304,Week 8,2026-07-22,Completed,ABC-101 50 mg,Yes,,
ONC-0304,Week 12,2026-08-26,Completed,ABC-101 50 mg,Yes,,
ONC-0304,End of Study,2026-08-22,Completed,ABC-101 50 mg,Yes,,
ONC-0305,Screening,2026-05-08,Completed,Placebo,Yes,,
ONC-0305,Baseline,2026-05-09,Completed,Placebo,Yes,,
ONC-0305,Week 2,2026-05-19,Completed,Placebo,Yes,,
ONC-0305,Week 4,2026-06-06,Completed,Placebo,Yes,,
ONC-0305,Week 8,2026-07-04,Completed,Placebo,Yes,,
ONC-0305,Week 12,2026-07-28,Completed,Placebo,Yes,,
ONC-0305,End of Study,2026-08-10,Completed,Placebo,Yes,,
ONC-0306,Screening,2026-01-09,Completed,ABC-101 100 mg,Yes,,
ONC-0306,Baseline,2026-01-10,Completed,ABC-101 100 mg,Yes,,
ONC-0306,Week 2,2026-01-22,Completed,ABC-101 100 mg,Yes,,
ONC-0306,Week 4,2026-02-03,Completed,ABC-101 100 mg,Yes,,
ONC-0306,Week 8,2026-03-10,Completed,ABC-101 100 mg,Yes,,
ONC-0306,Week 12,2026-03-28,Completed,ABC-101 100 mg,Yes,,
ONC-0306,End of Study,2026-04-03,Completed,ABC-101 100 mg,Yes,,
ONC-0307,Screening,2026-03-29,Completed,ABC-101 100 mg,Yes,,
ONC-0307,Baseline,2026-03-30,Completed,ABC-101 100 mg,Yes,,
ONC-0307,Week 2,2026-04-10,Completed,ABC-101 100 mg,Yes,,
ONC-0307,Week 4,2026-04-30,Completed,ABC-101 100 mg,Yes,,
ONC-0307,Week 8,2026-05-24,Completed,ABC-101 100 mg,Yes,,
ONC-0307,Week 12,2026-06-18,Completed,ABC-101 100 mg,Yes,,
ONC-0307,End of Study,2026-07-03,Completed,ABC-101 100 mg,Yes,,
ONC-0308,Screening,2026-05-12,Completed,Placebo,Yes,,
ONC-0308,Baseline,2026-05-13,Completed,Placebo,Yes,,
ONC-0308,Week 2,2026-05-27,Completed,Placebo,Yes,,
ONC-0308,Week 4,2026-06-05,Completed,Placebo,Yes,,
ONC-0308,Week 8,2026-07-07,Missed,Placebo,No,Scheduling conflict,
ONC-0308,Week 12,2026-08-05,Completed,Placebo,Yes,,
ONC-0308,End of Study,2026-08-03,Completed,Placebo,Yes,,
ONC-0309,Screening,2026-05-01,Completed,ABC-101 100 mg,Yes,,
ONC-0309,Baseline,2026-05-02,Completed,ABC-101 100 mg,Yes,,
ONC-0309,Week 2,2026-05-13,Completed,ABC-101 100 mg,Yes,,
ONC-0309,Week 4,2026-06-03,Completed,ABC-101 100 mg,Yes,,
ONC-0309,Week 8,2026-06-25,Completed,ABC-101 100 mg,Yes,,
ONC-0309,Week 12,2026-07-30,Completed,ABC-101 100 mg,Yes,,
ONC-0309,End of Study,2026-07-26,Completed,ABC-101 100 mg,Yes,,
ONC-0310,Screening,2026-01-16,Completed,Placebo,Yes,,
ONC-0310,Baseline,2026-01-17,Completed,Placebo,Yes,,
ONC-0310,Week 2,2026-01-30,Completed,Placebo,Yes,,
ONC-0310,Week 4,2026-02-13,Completed,Placebo,Yes,,
ONC-0310,Week 8,2026-03-19,Completed,Placebo,Yes,,
ONC-0310,Week 12,2026-04-07,Completed,Placebo,Yes,,
ONC-0310,End of Study,2026-04-23,Completed,Placebo,Yes,,
ONC-0311,Screening,2026-06-18,Completed,Placebo,Yes,,
ONC-0311,Baseline,2026-06-19,Completed,Placebo,Yes,,
ONC-0311,Week 2,2026-06-30,Completed,Placebo,Yes,,
ONC-0311,Week 4,2026-07-13,Completed,Placebo,Yes,,
ONC-0311,Week 8,2026-08-13,Completed,Placebo,Yes,,
ONC-0311,Week 12,2026-09-12,Completed,Placebo,Yes,,
ONC-0311,End of Study,2026-09-12,Completed,Placebo,Yes,,
ONC-0312,Screening,2026-04-28,Completed,Placebo,Yes,,
ONC-0312,Baseline,2026-04-29,Completed,Placebo,Yes,,
ONC-0312,Week 2,2026-05-12,Completed,Placebo,Yes,,
ONC-0312,Week 4,2026-05-27,Completed,Placebo,Yes,,
ONC-0312,Week 8,2026-06-20,Completed,Placebo,Yes,,
ONC-0312,Week 12,2026-07-15,Completed,Placebo,Yes,,
ONC-0312,End of Study,2026-07-23,Completed,Placebo,Yes,,
ONC-0313,Screening,2026-03-03,Completed,ABC-101 50 mg,Yes,,
ONC-0313,Baseline,2026-03-04,Completed,ABC-101 50 mg,Yes,,
ONC-0313,Week 2,2026-03-20,Completed,ABC-101 50 mg,Yes,,
ONC-0313,Week 4,2026-04-01,Completed,ABC-101 50 mg,Yes,,
ONC-0313,Week 8,2026-05-01,Missed,ABC-101 50 mg,No,Scheduling conflict,
ONC-0313,Week 12,2026-05-28,Completed,ABC-101 50 mg,Yes,,
ONC-0313,End of Study,2026-06-04,Completed,ABC-101 50 mg,Yes,,
ONC-0314,Screening,2026-05-14,Completed,ABC-101 100 mg,Yes,,
ONC-0314,Baseline,2026-05-15,Completed,ABC-101 100 mg,Yes,,
ONC-0314,Week 2,2026-05-28,Completed,ABC-101 100 mg,Yes,,
ONC-0314,Week 4,2026-06-10,Completed,ABC-101 100 mg,Yes,,
ONC-0314,Week 8,2026-07-03,Completed,ABC-101 100 mg,Yes,,
ONC-0314,Week 12,2026-07-31,Completed,ABC-101 100 mg,Yes,,
ONC-0314,End of Study,2026-08-10,Completed,ABC-101 100 mg,Yes,,
ONC-0315,Screening,2026-03-06,Completed,Placebo,Yes,,
ONC-0315,Baseline,2026-03-07,Completed,Placebo,Yes,,
ONC-0315,Week 2,2026-03-22,Completed,Placebo,Yes,,
ONC-0315,Week 4,2026-03-29,Completed,Placebo,Yes,,
ONC-0315,Week 8,2026-05-04,Completed,Placebo,Yes,,
ONC-0315,Week 12,2026-05-31,Completed,Placebo,Yes,,
ONC-0315,End of Study,2026-06-02,Completed,Placebo,Yes,,
ONC-0316,Screening,2026-03-02,Completed,ABC-101 100 mg,Yes,,
ONC-0316,Baseline,2026-03-03,Completed,ABC-101 100 mg,Yes,,
ONC-0316,Week 2,2026-03-18,Completed,ABC-101 100 mg,Yes,,
ONC-0316,Week 4,2026-04-04,Completed,ABC-101 100 mg,Yes,,
ONC-0316,Week 8,2026-04-28,Missed,ABC-101 100 mg,No,Subject withdrew before visit,
ONC-0316,Week 12,2026-05-20,Completed,ABC-101 100 mg,Yes,,
ONC-0316,End of Study,2026-05-26,Completed,ABC-101 100 mg,Yes,,
ONC-0317,Screening,2026-01-31,Completed,Placebo,Yes,,
ONC-0317,Baseline,2026-02-01,Completed,Placebo,Yes,,
ONC-0317,Week 2,2026-02-11,Completed,Placebo,Yes,,
ONC-0317,Week 4,2026-02-25,Completed,Placebo,Yes,,
ONC-0317,Week 8,2026-03-30,Completed,Placebo,Yes,,
ONC-0317,Week 12,2026-05-02,Completed,Placebo,Yes,,
ONC-0317,End of Study,2026-04-26,Completed,Placebo,Yes,,
ONC-0318,Screening,2026-05-16,Completed,Placebo,Yes,,
ONC-0318,Baseline,2026-05-17,Completed,Placebo,Yes,,
ONC-0318,Week 2,2026-05-29,Completed,Placebo,Yes,,
ONC-0318,Week 4,2026-06-11,Completed,Placebo,Yes,,
ONC-0318,Week 8,2026-07-04,Completed,Placebo,Yes,,
ONC-0318,Week 12,2026-08-13,Completed,Placebo,Yes,,
ONC-0318,End of Study,2026-08-15,Completed,Placebo,Yes,,
ONC-0319,Screening,2026-06-09,Completed,Placebo,Yes,,
ONC-0320,Screening,2026-04-27,Completed,ABC-101 100 mg,Yes,,
ONC-0320,Baseline,2026-04-28,Completed,ABC-101 100 mg,Yes,,
ONC-0320,Week 2,2026-05-14,Completed,ABC-101 100 mg,Yes,,
ONC-0320,Week 4,2026-05-24,Completed,ABC-101 100 mg,Yes,,
ONC-0320,Week 8,2026-06-18,Completed,ABC-101 100 mg,Yes,,
ONC-0320,Week 12,2026-07-27,Completed,ABC-101 100 mg,Yes,,
ONC-0320,End of Study,2026-07-23,Completed,ABC-101 100 mg,Yes,,
ONC-0321,Screening,2026-03-01,Completed,Placebo,Yes,,
ONC-0321,Baseline,2026-03-02,Completed,Placebo,Yes,,
ONC-0321,Week 2,2026-03-17,Completed,Placebo,Yes,,
ONC-0321,Week 4,2026-03-26,Completed,Placebo,Yes,,
ONC-0321,Week 8,2026-04-19,Completed,Placebo,Yes,,
ONC-0321,Week 12,2026-05-26,Completed,Placebo,Yes,,
ONC-0321,End of Study,2026-06-02,Completed,Placebo,Yes,,
ONC-0322,Screening,2026-04-03,Completed,ABC-101 50 mg,Yes,,
ONC-0322,Baseline,2026-04-04,Completed,ABC-101 50 mg,Yes,,
ONC-0322,Week 2,2026-04-18,Completed,ABC-101 50 mg,Yes,,
ONC-0322,Week 4,2026-05-01,Completed,ABC-101 50 mg,Yes,,
ONC-0322,Week 8,2026-05-29,Completed,ABC-101 50 mg,Yes,,
ONC-0322,Week 12,2026-06-19,Completed,ABC-101 50 mg,Yes,,
ONC-0322,End of Study,2026-07-08,Completed,ABC-101 50 mg,Yes,,
ONC-0323,Screening,2026-04-10,Completed,ABC-101 100 mg,Yes,,
ONC-0323,Baseline,2026-04-11,Completed,ABC-101 100 mg,Yes,,
ONC-0323,Week 2,2026-04-27,Completed,ABC-101 100 mg,Yes,,
ONC-0323,Week 4,2026-05-09,Completed,ABC-101 100 mg,Yes,,
ONC-0323,Week 8,2026-06-05,Completed,ABC-101 100 mg,Yes,,
ONC-0323,Week 12,2026-07-08,Completed,ABC-101 100 mg,Yes,,
ONC-0323,End of Study,2026-07-08,Completed,ABC-101 100 mg,Yes,,
ONC-0324,Screening,2026-01-03,Completed,ABC-101 50 mg,Yes,,
ONC-0324,Baseline,2026-01-04,Completed,ABC-101 50 mg,Yes,,
ONC-0324,Week 2,2026-01-17,Completed,ABC-101 50 mg,Yes,,
ONC-0324,Week 4,2026-01-30,Completed,ABC-101 50 mg,Yes,,
ONC-0324,Week 8,2026-02-25,Completed,ABC-101 50 mg,Yes,,
ONC-0324,Week 12,2026-04-02,Completed,ABC-101 50 mg,Yes,,
ONC-0324,End of Study,2026-04-05,Completed,ABC-101 50 mg,Yes,,
ONC-0325,Screening,2026-04-14,Completed,ABC-101 100 mg,Yes,,
ONC-0325,Baseline,2026-04-15,Completed,ABC-101 100 mg,Yes,,
ONC-0325,Week 2,2026-04-27,Completed,ABC-101 100 mg,Yes,,
ONC-0325,Week 4,2026-05-10,Completed,ABC-101 100 mg,Yes,,
ONC-0325,Week 8,2026-06-08,Completed,ABC-101 100 mg,Yes,,
ONC-0325,Week 12,2026-07-02,Completed,ABC-101 100 mg,Yes,,
ONC-0325,End of Study,2026-07-12,Completed,ABC-101 100 mg,Yes,,
ONC-0326,Screening,2026-06-14,Completed,Placebo,Yes,,
ONC-0326,Baseline,2026-06-15,Completed,Placebo,Yes,,
ONC-0326,Week 2,2026-06-29,Completed,Placebo,Yes,,
ONC-0326,Week 4,2026-07-08,Completed,Placebo,Yes,,
ONC-0326,Week 8,2026-08-09,Completed,Placebo,Yes,,
ONC-0326,Week 12,2026-08-31,Completed,Placebo,Yes,,
ONC-0326,End of Study,2026-09-12,Completed,Placebo,Yes,,
ONC-0327,Screening,2026-05-22,Completed,ABC-101 50 mg,Yes,,
ONC-0327,Baseline,2026-05-23,Completed,ABC-101 50 mg,Yes,,
ONC-0327,Week 2,2026-06-02,Completed,ABC-101 50 mg,Yes,,
ONC-0327,Week 4,2026-06-14,Completed,ABC-101 50 mg,Yes,,
ONC-0327,Week 8,2026-07-23,Completed,ABC-101 50 mg,Yes,,
ONC-0327,Week 12,2026-08-08,Completed,ABC-101 50 mg,Yes,,
ONC-0327,End of Study,2026-08-18,Missed,ABC-101 50 mg,No,Subject withdrew before visit,
ONC-0328,Screening,2026-01-07,Completed,ABC-101 100 mg,Yes,,
ONC-0328,Baseline,2026-01-08,Completed,ABC-101 100 mg,Yes,,
ONC-0328,Week 2,2026-01-21,Completed,ABC-101 100 mg,Yes,,
ONC-0328,Week 4,2026-02-09,Completed,ABC-101 100 mg,Yes,,
ONC-0328,Week 8,2026-03-01,Completed,ABC-101 100 mg,Yes,,
ONC-0328,Week 12,2026-04-01,Completed,ABC-101 100 mg,Yes,,
ONC-0328,End of Study,2026-04-05,Completed,ABC-101 100 mg,Yes,,
ONC-0329,Screening,2026-02-09,Completed,ABC-101 50 mg,Yes,,
ONC-0329,Baseline,2026-02-10,Completed,ABC-101 50 mg,Yes,,
ONC-0329,Week 2,2026-02-26,Completed,ABC-101 50 mg,Yes,,
ONC-0329,Week 4,2026-03-09,Completed,ABC-101 50 mg,Yes,,
ONC-0329,Week 8,2026-04-08,Completed,ABC-101 50 mg,Yes,,
ONC-0329,Week 12,2026-05-02,Completed,ABC-101 50 mg,Yes,,
ONC-0329,End of Study,2026-05-15,Completed,ABC-101 50 mg,Yes,,
ONC-0330,Screening,2026-03-17,Completed,Placebo,Yes,,
ONC-0330,Baseline,2026-03-18,Completed,Placebo,Yes,,
ONC-0330,Week 2,2026-04-02,Completed,Placebo,Yes,,
ONC-0330,Week 4,2026-04-09,Completed,Placebo,Yes,,
ONC-0330,Week 8,2026-05-19,Completed,Placebo,Yes,,
ONC-0330,Week 12,2026-06-14,Completed,Placebo,Yes,,
ONC-0330,End of Study,2026-06-13,Completed,Placebo,Yes,,
ONC-0331,Screening,2026-04-27,Completed,Placebo,Yes,,
ONC-0331,Baseline,2026-04-28,Completed,Placebo,Yes,,
ONC-0331,Week 2,2026-05-08,Missed,Placebo,No,Missed appointment,
ONC-0331,Week 4,2026-05-22,Completed,Placebo,Yes,,
ONC-0331,Week 8,2026-06-26,Completed,Placebo,Yes,,
ONC-0331,Week 12,2026-07-18,Completed,Placebo,Yes,,
ONC-0331,End of Study,2026-08-02,Completed,Placebo,Yes,,
ONC-0332,Screening,2026-03-11,Completed,ABC-101 50 mg,Yes,,
ONC-0332,Baseline,2026-03-12,Completed,ABC-101 50 mg,Yes,,
ONC-0332,Week 2,2026-03-27,Missed,ABC-101 50 mg,No,Missed appointment,
ONC-0332,Week 4,2026-04-12,Completed,ABC-101 50 mg,Yes,,
ONC-0332,Week 8,2026-05-10,Completed,ABC-101 50 mg,Yes,,
ONC-0332,Week 12,2026-05-27,Completed,ABC-101 50 mg,Yes,,
ONC-0332,End of Study,2026-06-16,Completed,ABC-101 50 mg,Yes,,
ONC-0333,Screening,2026-06-12,Completed,ABC-101 50 mg,Yes,,
ONC-0333,Baseline,2026-06-13,Completed,ABC-101 50 mg,Yes,,
ONC-0333,Week 2,2026-06-26,Completed,ABC-101 50 mg,Yes,,
ONC-0333,Week 4,2026-07-15,Completed,ABC-101 50 mg,Yes,,
ONC-0333,Week 8,2026-08-13,Completed,ABC-101 50 mg,Yes,,
ONC-0333,Week 12,2026-08-28,Completed,ABC-101 50 mg,Yes,,
ONC-0333,End of Study,2026-09-10,Completed,ABC-101 50 mg,Yes,,
ONC-0334,Screening,2026-03-11,Completed,Placebo,Yes,,
ONC-0334,Baseline,2026-03-12,Completed,Placebo,Yes,,
ONC-0334,Week 2,2026-03-22,Completed,Placebo,Yes,,
ONC-0334,Week 4,2026-04-09,Completed,Placebo,Yes,,
ONC-0334,Week 8,2026-05-04,Completed,Placebo,Yes,,
ONC-0334,Week 12,2026-06-05,Completed,Placebo,Yes,,
ONC-0334,End of Study,2026-06-03,Completed,Placebo,Yes,,
ONC-0335,Screening,2026-05-17,Completed,ABC-101 100 mg,Yes,,
ONC-0335,Baseline,2026-05-18,Completed,ABC-101 100 mg,Yes,,
ONC-0335,Week 2,2026-05-28,Completed,ABC-101 100 mg,Yes,,
ONC-0335,Week 4,2026-06-17,Completed,ABC-101 100 mg,Yes,,
ONC-0335,Week 8,2026-07-11,Completed,ABC-101 100 mg,Yes,,
ONC-0335,Week 12,2026-08-04,Completed,ABC-101 100 mg,Yes,,
ONC-0335,End of Study,2026-08-14,Completed,ABC-101 100 mg,Yes,,
ONC-0336,Screening,2026-04-17,Completed,Placebo,Yes,,
ONC-0336,Baseline,2026-04-18,Completed,Placebo,Yes,,
ONC-0336,Week 2,2026-04-29,Completed,Placebo,Yes,,
ONC-0336,Week 4,2026-05-13,Completed,Placebo,Yes,,
ONC-0336,Week 8,2026-06-12,Completed,Placebo,Yes,,
ONC-0336,Week 12,2026-07-09,Completed,Placebo,Yes,,
ONC-0336,End of Study,2026-07-20,Completed,Placebo,Yes,,
ONC-0337,Screening,2026-04-30,Completed,ABC-101 50 mg,Yes,,
ONC-0337,Baseline,2026-05-01,Completed,ABC-101 50 mg,Yes,,
ONC-0337,Week 2,2026-05-11,Completed,ABC-101 50 mg,Yes,,
ONC-0337,Week 4,2026-05-24,Completed,ABC-101 50 mg,Yes,,
ONC-0337,Week 8,2026-06-21,Completed,ABC-101 50 mg,Yes,,
ONC-0337,Week 12,2026-07-21,Completed,ABC-101 50 mg,Yes,,
ONC-0337,End of Study,2026-07-31,Completed,ABC-101 50 mg,Yes,,
ONC-0338,Screening,2026-04-16,Completed,ABC-101 100 mg,Yes,,
ONC-0338,Baseline,2026-04-17,Completed,ABC-101 100 mg,Yes,,
ONC-0338,Week 2,2026-04-30,Completed,ABC-101 100 mg,Yes,,
ONC-0338,Week 4,2026-05-10,Completed,ABC-101 100 mg,Yes,,
ONC-0338,Week 8,2026-06-09,Completed,ABC-101 100 mg,Yes,,
ONC-0338,Week 12,2026-07-13,Completed,ABC-101 100 mg,Yes,,
ONC-0338,End of Study,2026-07-13,Completed,ABC-101 100 mg,Yes,,
ONC-0339,Screening,2026-05-08,Completed,ABC-101 50 mg,Yes,,
ONC-0339,Baseline,2026-05-09,Completed,ABC-101 50 mg,Yes,,
ONC-0339,Week 2,2026-05-23,Completed,ABC-101 50 mg,Yes,,
ONC-0339,Week 4,2026-06-04,Completed,ABC-101 50 mg,Yes,,
ONC-0339,Week 8,2026-06-27,Completed,ABC-101 50 mg,Yes,,
ONC-0339,Week 12,2026-08-06,Completed,ABC-101 50 mg,Yes,,
ONC-0339,End of Study,2026-08-03,Completed,ABC-101 50 mg,Yes,,
ONC-0340,Screening,2026-06-07,Completed,ABC-101 100 mg,Yes,,
ONC-0340,Baseline,2026-06-08,Completed,ABC-101 100 mg,Yes,,
ONC-0340,Week 2,2026-06-18,Completed,ABC-101 100 mg,Yes,,
ONC-0340,Week 4,2026-07-03,Completed,ABC-101 100 mg,Yes,,
ONC-0340,Week 8,2026-07-29,Completed,ABC-101 100 mg,Yes,,
ONC-0340,Week 12,2026-09-06,Missed,ABC-101 100 mg,No,Subject unavailable,
ONC-0340,End of Study,2026-08-31,Completed,ABC-101 100 mg,Yes,,
ONC-0341,Screening,2026-03-08,Completed,ABC-101 50 mg,Yes,,
ONC-0341,Baseline,2026-03-09,Completed,ABC-101 50 mg,Yes,,
ONC-0341,Week 2,2026-03-19,Completed,ABC-101 50 mg,Yes,,
ONC-0341,Week 4,2026-04-02,Completed,ABC-101 50 mg,Yes,,
ONC-0341,Week 8,2026-04-30,Completed,ABC-101 50 mg,Yes,,
ONC-0341,Week 12,2026-05-27,Completed,ABC-101 50 mg,Yes,,
ONC-0341,End of Study,2026-06-01,Completed,ABC-101 50 mg,Yes,,
ONC-0342,Screening,2026-03-11,Completed,ABC-101 100 mg,Yes,,
ONC-0342,Baseline,2026-03-12,Completed,ABC-101 100 mg,Yes,,
ONC-0342,Week 2,2026-03-25,Completed,ABC-101 100 mg,Yes,,
ONC-0342,Week 4,2026-04-06,Completed,ABC-101 100 mg,Yes,,
ONC-0342,Week 8,2026-05-05,Completed,ABC-101 100 mg,Yes,,
ONC-0342,Week 12,2026-05-30,Completed,ABC-101 100 mg,Yes,,
ONC-0342,End of Study,2026-06-05,Completed,ABC-101 100 mg,Yes,,
ONC-0343,Screening,2026-03-10,Completed,ABC-101 50 mg,Yes,,
ONC-0343,Baseline,2026-03-11,Completed,ABC-101 50 mg,Yes,,
ONC-0343,Week 2,2026-03-24,Completed,ABC-101 50 mg,Yes,,
ONC-0343,Week 4,2026-04-09,Completed,ABC-101 50 mg,Yes,,
ONC-0343,Week 8,2026-05-01,Completed,ABC-101 50 mg,Yes,,
ONC-0343,Week 12,2026-06-05,Completed,ABC-101 50 mg,Yes,,
ONC-0343,End of Study,2026-06-15,Completed,ABC-101 50 mg,Yes,,
ONC-0344,Screening,2026-03-01,Completed,ABC-101 50 mg,Yes,,
ONC-0344,Baseline,2026-03-02,Completed,ABC-101 50 mg,Yes,,
ONC-0344,Week 2,2026-03-13,Completed,ABC-101 50 mg,Yes,,
ONC-0344,Week 4,2026-04-02,Completed,ABC-101 50 mg,Yes,,
ONC-0344,Week 8,2026-05-03,Completed,ABC-101 50 mg,Yes,,
ONC-0344,Week 12,2026-05-17,Completed,ABC-101 50 mg,Yes,,
ONC-0344,End of Study,2026-05-25,Completed,ABC-101 50 mg,Yes,,
ONC-0345,Screening,2026-03-09,Completed,ABC-101 50 mg,Yes,,
ONC-0345,Baseline,2026-03-10,Completed,ABC-101 50 mg,Yes,,
ONC-0345,Week 2,2026-03-25,Missed,ABC-101 50 mg,No,Missed appointment,
ONC-0345,Week 4,2026-04-08,Completed,ABC-101 50 mg,Yes,,
ONC-0345,Week 8,2026-05-05,Completed,ABC-101 50 mg,Yes,,
ONC-0345,Week 12,2026-05-25,Completed,ABC-101 50 mg,Yes,,
ONC-0345,End of Study,2026-06-14,Missed,ABC-101 50 mg,No,Missed appointment,
ONC-0346,Screening,2026-06-27,Completed,ABC-101 50 mg,Yes,,
ONC-0346,Baseline,2026-06-28,Completed,ABC-101 50 mg,Yes,,
ONC-0346,Week 2,2026-07-10,Completed,ABC-101 50 mg,Yes,,
ONC-0346,Week 4,2026-07-20,Completed,ABC-101 50 mg,Yes,,
ONC-0346,Week 8,2026-08-19,Completed,ABC-101 50 mg,Yes,,
ONC-0346,Week 12,2026-09-18,Completed,ABC-101 50 mg,Yes,,
ONC-0346,End of Study,2026-09-28,Completed,ABC-101 50 mg,Yes,,
ONC-0347,Screening,2026-02-22,Completed,ABC-101 100 mg,Yes,,
ONC-0347,Baseline,2026-02-23,Completed,ABC-101 100 mg,Yes,,
ONC-0347,Week 2,2026-03-09,Completed,ABC-101 100 mg,Yes,,
ONC-0347,Week 4,2026-03-25,Completed,ABC-101 100 mg,Yes,,
ONC-0347,Week 8,2026-04-20,Completed,ABC-101 100 mg,Yes,,
ONC-0347,Week 12,2026-05-22,Completed,ABC-101 100 mg,Yes,,
ONC-0347,End of Study,2026-05-16,Completed,ABC-101 100 mg,Yes,,
ONC-0348,Screening,2026-06-14,Completed,Placebo,Yes,,
ONC-0348,Baseline,2026-06-15,Completed,Placebo,Yes,,
ONC-0348,Week 2,2026-07-01,Completed,Placebo,Yes,,
ONC-0348,Week 4,2026-07-08,Completed,Placebo,Yes,,
ONC-0348,Week 8,2026-08-12,Completed,Placebo,Yes,,
ONC-0348,Week 12,2026-09-05,Completed,Placebo,Yes,,
ONC-0348,End of Study,2026-09-12,Completed,Placebo,Yes,,
ONC-0349,Screening,2026-03-30,Completed,ABC-101 100 mg,Yes,,
ONC-0349,Baseline,2026-03-31,Completed,ABC-101 100 mg,Yes,,
ONC-0349,Week 2,2026-04-12,Completed,ABC-101 100 mg,Yes,,
ONC-0349,Week 4,2026-04-24,Completed,ABC-101 100 mg,Yes,,
ONC-0349,Week 8,2026-05-24,Completed,ABC-101 100 mg,Yes,,
ONC-0349,Week 12,2026-06-24,Completed,ABC-101 100 mg,Yes,,
ONC-0349,End of Study,2026-07-04,Completed,ABC-101 100 mg,Yes,,
ONC-0350,Screening,2026-03-19,Completed,ABC-101 100 mg,Yes,,
ONC-0350,Baseline,2026-03-20,Completed,ABC-101 100 mg,Yes,,
ONC-0350,Week 2,2026-04-04,Completed,ABC-101 100 mg,Yes,,
ONC-0350,Week 4,2026-04-15,Completed,ABC-101 100 mg,Yes,,
ONC-0350,Week 8,2026-05-11,Completed,ABC-101 100 mg,Yes,,
ONC-0350,Week 12,2026-06-11,Completed,ABC-101 100 mg,Yes,,
ONC-0350,End of Study,2026-06-22,Completed,ABC-101 100 mg,Yes,,
ONC-0351,Screening,2026-02-13,Completed,ABC-101 50 mg,Yes,,
ONC-0351,Baseline,2026-02-14,Completed,ABC-101 50 mg,Yes,,
ONC-0351,Week 2,2026-02-25,Completed,ABC-101 50 mg,Yes,,
ONC-0351,Week 4,2026-03-16,Completed,ABC-101 50 mg,Yes,,
ONC-0351,Week 8,2026-04-14,Completed,ABC-101 50 mg,Yes,,
ONC-0351,Week 12,2026-05-08,Completed,ABC-101 50 mg,Yes,,
ONC-0351,End of Study,2026-05-13,Completed,ABC-101 50 mg,Yes,,
ONC-0352,Screening,2026-06-27,Completed,Placebo,Yes,,
ONC-0352,Baseline,2026-06-28,Completed,Placebo,Yes,,
ONC-0352,Week 2,2026-07-11,Completed,Placebo,Yes,,
ONC-0352,Week 4,2026-07-22,Completed,Placebo,Yes,,
ONC-0352,Week 8,2026-08-19,Completed,Placebo,Yes,,
ONC-0352,Week 12,2026-09-25,Missed,Placebo,No,Scheduling conflict,
ONC-0352,End of Study,2026-09-28,Completed,Placebo,Yes,,
ONC-0353,Screening,2026-06-09,Completed,ABC-101 50 mg,Yes,,
ONC-0354,Screening,2026-03-08,Completed,Placebo,Yes,,
ONC-0354,Baseline,2026-03-09,Completed,Placebo,Yes,,
ONC-0354,Week 2,2026-03-25,Completed,Placebo,Yes,,
ONC-0354,Week 4,2026-04-03,Completed,Placebo,Yes,,
ONC-0354,Week 8,2026-05-04,Completed,Placebo,Yes,,
ONC-0354,Week 12,2026-05-29,Completed,Placebo,Yes,,
ONC-0354,End of Study,2026-06-08,Completed,Placebo,Yes,,
ONC-0355,Screening,2026-06-15,Completed,ABC-101 100 mg,Yes,,
ONC-0355,Baseline,2026-06-16,Completed,ABC-101 100 mg,Yes,,
ONC-0355,Week 2,2026-06-28,Completed,ABC-101 100 mg,Yes,,
ONC-0355,Week 4,2026-07-09,Completed,ABC-101 100 mg,Yes,,
ONC-0355,Week 8,2026-08-12,Completed,ABC-101 100 mg,Yes,,
ONC-0355,Week 12,2026-09-04,Completed,ABC-101 100 mg,Yes,,
ONC-0355,End of Study,2026-09-19,Completed,ABC-101 100 mg,Yes,,
ONC-0356,Screening,2026-03-20,Completed,Placebo,Yes,,
ONC-0356,Baseline,2026-03-21,Completed,Placebo,Yes,,
ONC-0356,Week 2,2026-04-01,Completed,Placebo,Yes,,
ONC-0356,Week 4,2026-04-21,Completed,Placebo,Yes,,
ONC-0356,Week 8,2026-05-13,Missed,Placebo,No,Subject withdrew before visit,
ONC-0356,Week 12,2026-06-13,Completed,Placebo,Yes,,
ONC-0356,End of Study,2026-06-19,Completed,Placebo,Yes,,
ONC-0357,Screening,2026-02-06,Completed,ABC-101 100 mg,Yes,,
ONC-0357,Baseline,2026-02-07,Completed,ABC-101 100 mg,Yes,,
ONC-0357,Week 2,2026-02-22,Completed,ABC-101 100 mg,Yes,,
ONC-0357,Week 4,2026-03-10,Completed,ABC-101 100 mg,Yes,,
ONC-0357,Week 8,2026-03-31,Completed,ABC-101 100 mg,Yes,,
ONC-0357,Week 12,2026-05-07,Completed,ABC-101 100 mg,Yes,,
ONC-0357,End of Study,2026-05-02,Completed,ABC-101 100 mg,Yes,,
ONC-0358,Screening,2026-06-30,Completed,Placebo,Yes,,
ONC-0358,Baseline,2026-07-01,Completed,Placebo,Yes,,
ONC-0358,Week 2,2026-07-11,Completed,Placebo,Yes,,
ONC-0358,Week 4,2026-07-25,Completed,Placebo,Yes,,
ONC-0358,Week 8,2026-08-20,Completed,Placebo,Yes,,
ONC-0358,Week 12,2026-09-23,Completed,Placebo,Yes,,
ONC-0358,End of Study,2026-09-28,Completed,Placebo,Yes,,
ONC-0359,Screening,2026-02-14,Completed,ABC-101 100 mg,Yes,,
ONC-0359,Baseline,2026-02-15,Completed,ABC-101 100 mg,Yes,,
ONC-0359,Week 2,2026-02-25,Completed,ABC-101 100 mg,Yes,,
ONC-0359,Week 4,2026-03-15,Completed,ABC-101 100 mg,Yes,,
ONC-0359,Week 8,2026-04-10,Completed,ABC-101 100 mg,Yes,,
ONC-0359,Week 12,2026-05-04,Completed,ABC-101 100 mg,Yes,,
ONC-0359,End of Study,2026-05-10,Completed,ABC-101 100 mg,Yes,,
ONC-0360,Screening,2026-01-05,Completed,ABC-101 100 mg,Yes,,
ONC-0360,Baseline,2026-01-06,Completed,ABC-101 100 mg,Yes,,
ONC-0360,Week 2,2026-01-17,Completed,ABC-101 100 mg,Yes,,
ONC-0360,Week 4,2026-01-28,Completed,ABC-101 100 mg,Yes,,
ONC-0360,Week 8,2026-03-06,Missed,ABC-101 100 mg,No,Missed appointment,
ONC-0360,Week 12,2026-03-27,Completed,ABC-101 100 mg,Yes,,
ONC-0360,End of Study,2026-04-03,Completed,ABC-101 100 mg,Yes,,
ONC-0361,Screening,2026-03-29,Completed,ABC-101 100 mg,Yes,,
ONC-0361,Baseline,2026-03-30,Completed,ABC-101 100 mg,Yes,,
ONC-0361,Week 2,2026-04-11,Completed,ABC-101 100 mg,Yes,,
ONC-0361,Week 4,2026-04-30,Completed,ABC-101 100 mg,Yes,,
ONC-0361,Week 8,2026-05-28,Completed,ABC-101 100 mg,Yes,,
ONC-0361,Week 12,2026-06-23,Completed,ABC-101 100 mg,Yes,,
ONC-0361,End of Study,2026-06-29,Completed,ABC-101 100 mg,Yes,,
ONC-0362,Screening,2026-06-10,Completed,ABC-101 100 mg,Yes,,
ONC-0362,Baseline,2026-06-11,Completed,ABC-101 100 mg,Yes,,
ONC-0362,Week 2,2026-06-25,Completed,ABC-101 100 mg,Yes,,
ONC-0362,Week 4,2026-07-05,Completed,ABC-101 100 mg,Yes,,
ONC-0362,Week 8,2026-08-02,Completed,ABC-101 100 mg,Yes,,
ONC-0362,Week 12,2026-08-27,Completed,ABC-101 100 mg,Yes,,
ONC-0362,End of Study,2026-09-12,Completed,ABC-101 100 mg,Yes,,
ONC-0363,Screening,2026-02-15,Completed,ABC-101 100 mg,Yes,,
ONC-0363,Baseline,2026-02-16,Completed,ABC-101 100 mg,Yes,,
ONC-0363,Week 2,2026-02-26,Completed,ABC-101 100 mg,Yes,,
ONC-0363,Week 4,2026-03-16,Missed,ABC-101 100 mg,No,Subject unavailable,
ONC-0363,Week 8,2026-04-13,Completed,ABC-101 100 mg,Yes,,
ONC-0363,Week 12,2026-05-04,Completed,ABC-101 100 mg,Yes,,
ONC-0363,End of Study,2026-05-14,Completed,ABC-101 100 mg,Yes,,
ONC-0364,Screening,2026-06-28,Completed,ABC-101 100 mg,Yes,,
ONC-0364,Baseline,2026-06-29,Completed,ABC-101 100 mg,Yes,,
ONC-0364,Week 2,2026-07-11,Completed,ABC-101 100 mg,Yes,,
ONC-0364,Week 4,2026-07-24,Missed,ABC-101 100 mg,No,Subject unavailable,
ONC-0364,Week 8,2026-08-17,Completed,ABC-101 100 mg,Yes,,
ONC-0364,Week 12,2026-09-17,Completed,ABC-101 100 mg,Yes,,
ONC-0364,End of Study,2026-09-25,Completed,ABC-101 100 mg,Yes,,
ONC-0365,Screening,2026-04-05,Completed,ABC-101 100 mg,Yes,,
ONC-0365,Baseline,2026-04-06,Completed,ABC-101 100 mg,Yes,,
ONC-0365,Week 2,2026-04-19,Completed,ABC-101 100 mg,Yes,,
ONC-0365,Week 4,2026-05-08,Completed,ABC-101 100 mg,Yes,,
ONC-0365,Week 8,2026-06-06,Completed,ABC-101 100 mg,Yes,,
ONC-0365,Week 12,2026-06-27,Completed,ABC-101 100 mg,Yes,,
ONC-0365,End of Study,2026-07-11,Completed,ABC-101 100 mg,Yes,,
ONC-0366,Screening,2026-03-24,Completed,ABC-101 50 mg,Yes,,
ONC-0366,Baseline,2026-03-25,Completed,ABC-101 50 mg,Yes,,
ONC-0366,Week 2,2026-04-09,Completed,ABC-101 50 mg,Yes,,
ONC-0366,Week 4,2026-04-17,Completed,ABC-101 50 mg,Yes,,
ONC-0366,Week 8,2026-05-15,Missed,ABC-101 50 mg,No,Missed appointment,
ONC-0366,Week 12,2026-06-15,Completed,ABC-101 50 mg,Yes,,
ONC-0366,End of Study,2026-06-23,Missed,ABC-101 50 mg,No,Subject unavailable,
ONC-0367,Screening,2026-01-26,Completed,Placebo,Yes,,
ONC-0367,Baseline,2026-01-27,Completed,Placebo,Yes,,
ONC-0367,Week 2,2026-02-10,Missed,Placebo,No,Subject unavailable,
ONC-0367,Week 4,2026-02-28,Completed,Placebo,Yes,,
ONC-0367,Week 8,2026-03-21,Missed,Placebo,No,Scheduling conflict,
ONC-0367,Week 12,2026-04-17,Completed,Placebo,Yes,,
ONC-0367,End of Study,2026-04-25,Completed,Placebo,Yes,,
ONC-0368,Screening,2026-06-22,Completed,ABC-101 50 mg,Yes,,
ONC-0368,Baseline,2026-06-23,Completed,ABC-101 50 mg,Yes,,
ONC-0368,Week 2,2026-07-05,Completed,ABC-101 50 mg,Yes,,
ONC-0368,Week 4,2026-07-15,Completed,ABC-101 50 mg,Yes,,
ONC-0368,Week 8,2026-08-14,Completed,ABC-101 50 mg,Yes,,
ONC-0368,Week 12,2026-09-10,Completed,ABC-101 50 mg,Yes,,
ONC-0368,End of Study,2026-09-27,Completed,ABC-101 50 mg,Yes,,
ONC-0369,Screening,2026-06-06,Completed,ABC-101 50 mg,Yes,,
ONC-0369,Baseline,2026-06-07,Completed,ABC-101 50 mg,Yes,,
ONC-0369,Week 2,2026-06-18,Completed,ABC-101 50 mg,Yes,,
ONC-0369,Week 4,2026-07-08,Completed,ABC-101 50 mg,Yes,,
ONC-0369,Week 8,2026-07-26,Completed,ABC-101 50 mg,Yes,,
ONC-0369,Week 12,2026-08-29,Completed,ABC-101 50 mg,Yes,,
ONC-0369,End of Study,2026-09-08,Completed,ABC-101 50 mg,Yes,,
ONC-0370,Screening,2026-01-03,Completed,ABC-101 100 mg,Yes,,
ONC-0370,Baseline,2026-01-04,Completed,ABC-101 100 mg,Yes,,
ONC-0370,Week 2,2026-01-19,Completed,ABC-101 100 mg,Yes,,
ONC-0370,Week 4,2026-01-26,Completed,ABC-101 100 mg,Yes,,
ONC-0370,Week 8,2026-03-05,Completed,ABC-101 100 mg,Yes,,
ONC-0370,Week 12,2026-04-04,Completed,ABC-101 100 mg,Yes,,
ONC-0370,End of Study,2026-04-07,Completed,ABC-101 100 mg,Yes,,
ONC-0371,Screening,2026-02-09,Completed,Placebo,Yes,,
ONC-0371,Baseline,2026-02-10,Completed,Placebo,Yes,,
ONC-0371,Week 2,2026-02-21,Completed,Placebo,Yes,,
ONC-0371,Week 4,2026-03-11,Completed,Placebo,Yes,,
ONC-0371,Week 8,2026-04-09,Completed,Placebo,Yes,,
ONC-0371,Week 12,2026-05-07,Completed,Placebo,Yes,,
ONC-0371,End of Study,2026-05-16,Completed,Placebo,Yes,,
ONC-0372,Screening,2026-04-09,Completed,Placebo,Yes,,
ONC-0372,Baseline,2026-04-10,Completed,Placebo,Yes,,
ONC-0372,Week 2,2026-04-25,Completed,Placebo,Yes,,
ONC-0372,Week 4,2026-05-07,Completed,Placebo,Yes,,
ONC-0372,Week 8,2026-06-09,Completed,Placebo,Yes,,
ONC-0372,Week 12,2026-06-25,Completed,Placebo,Yes,,
ONC-0372,End of Study,2026-07-07,Completed,Placebo,Yes,,
ONC-0373,Screening,2026-05-19,Completed,ABC-101 50 mg,Yes,,
ONC-0373,Baseline,2026-05-20,Completed,ABC-101 50 mg,Yes,,
ONC-0373,Week 2,2026-06-02,Completed,ABC-101 50 mg,Yes,,
ONC-0373,Week 4,2026-06-21,Completed,ABC-101 50 mg,Yes,,
ONC-0373,Week 8,2026-07-17,Completed,ABC-101 50 mg,Yes,,
ONC-0373,Week 12,2026-08-12,Completed,ABC-101 50 mg,Yes,,
ONC-0373,End of Study,2026-08-11,Completed,ABC-101 50 mg,Yes,,
ONC-0374,Screening,2026-06-18,Completed,ABC-101 100 mg,Yes,,
ONC-0374,Baseline,2026-06-19,Completed,ABC-101 100 mg,Yes,,
ONC-0374,Week 2,2026-06-29,Completed,ABC-101 100 mg,Yes,,
ONC-0374,Week 4,2026-07-18,Completed,ABC-101 100 mg,Yes,,
ONC-0374,Week 8,2026-08-13,Completed,ABC-101 100 mg,Yes,,
ONC-0374,Week 12,2026-09-14,Completed,ABC-101 100 mg,Yes,,
ONC-0374,End of Study,2026-09-22,Completed,ABC-101 100 mg,Yes,,
ONC-0375,Screening,2026-06-15,Completed,ABC-101 50 mg,Yes,,
ONC-0375,Baseline,2026-06-16,Completed,ABC-101 50 mg,Yes,,
ONC-0375,Week 2,2026-06-27,Completed,ABC-101 50 mg,Yes,,
ONC-0375,Week 4,2026-07-09,Completed,ABC-101 50 mg,Yes,,
ONC-0375,Week 8,2026-08-04,Completed,ABC-101 50 mg,Yes,,
ONC-0375,Week 12,2026-09-06,Completed,ABC-101 50 mg,Yes,,
ONC-0375,End of Study,2026-09-16,Completed,ABC-101 50 mg,Yes,,
ONC-0376,Screening,2026-02-26,Completed,ABC-101 100 mg,Yes,,
ONC-0376,Baseline,2026-02-27,Completed,ABC-101 100 mg,Yes,,
ONC-0376,Week 2,2026-03-14,Completed,ABC-101 100 mg,Yes,,
ONC-0376,Week 4,2026-03-27,Completed,ABC-101 100 mg,Yes,,
ONC-0376,Week 8,2026-04-18,Completed,ABC-101 100 mg,Yes,,
ONC-0376,Week 12,2026-05-15,Completed,ABC-101 100 mg,Yes,,
ONC-0376,End of Study,2026-06-02,Completed,ABC-101 100 mg,Yes,,
ONC-0377,Screening,2026-04-19,Completed,Placebo,Yes,,
ONC-0377,Baseline,2026-04-20,Completed,Placebo,Yes,,
ONC-0377,Week 2,2026-05-02,Completed,Placebo,Yes,,
ONC-0377,Week 4,2026-05-20,Completed,Placebo,Yes,,
ONC-0377,Week 8,2026-06-14,Completed,Placebo,Yes,,
ONC-0377,Week 12,2026-07-19,Completed,Placebo,Yes,,
ONC-0377,End of Study,2026-07-11,Completed,Placebo,Yes,,
ONC-0378,Screening,2026-03-08,Completed,ABC-101 100 mg,Yes,,
ONC-0378,Baseline,2026-03-09,Completed,ABC-101 100 mg,Yes,,
ONC-0378,Week 2,2026-03-23,Completed,ABC-101 100 mg,Yes,,
ONC-0378,Week 4,2026-03-31,Completed,ABC-101 100 mg,Yes,,
ONC-0378,Week 8,2026-04-27,Completed,ABC-101 100 mg,Yes,,
ONC-0378,Week 12,2026-05-27,Completed,ABC-101 100 mg,Yes,,
ONC-0378,End of Study,2026-06-12,Completed,ABC-101 100 mg,Yes,,
ONC-0379,Screening,2026-01-04,Completed,ABC-101 100 mg,Yes,,
ONC-0379,Baseline,2026-01-05,Completed,ABC-101 100 mg,Yes,,
ONC-0379,Week 2,2026-01-20,Completed,ABC-101 100 mg,Yes,,
ONC-0379,Week 4,2026-01-30,Completed,ABC-101 100 mg,Yes,,
ONC-0379,Week 8,2026-03-03,Completed,ABC-101 100 mg,Yes,,
ONC-0379,Week 12,2026-03-25,Completed,ABC-101 100 mg,Yes,,
ONC-0379,End of Study,2026-04-03,Completed,ABC-101 100 mg,Yes,,
ONC-0380,Screening,2026-01-10,Completed,ABC-101 100 mg,Yes,,
ONC-0380,Baseline,2026-01-11,Completed,ABC-101 100 mg,Yes,,
ONC-0380,Week 2,2026-01-21,Completed,ABC-101 100 mg,Yes,,
ONC-0380,Week 4,2026-02-03,Completed,ABC-101 100 mg,Yes,,
ONC-0380,Week 8,2026-03-13,Completed,ABC-101 100 mg,Yes,,
ONC-0380,Week 12,2026-04-03,Completed,ABC-101 100 mg,Yes,,
ONC-0380,End of Study,2026-04-04,Completed,ABC-101 100 mg,Yes,,
ONC-0381,Screening,2026-02-20,Completed,ABC-101 50 mg,Yes,,
ONC-0381,Baseline,2026-02-21,Completed,ABC-101 50 mg,Yes,,
ONC-0381,Week 2,2026-03-03,Completed,ABC-101 50 mg,Yes,,
ONC-0381,Week 4,2026-03-20,Completed,ABC-101 50 mg,Yes,,
ONC-0381,Week 8,2026-04-22,Completed,ABC-101 50 mg,Yes,,
ONC-0381,Week 12,2026-05-14,Completed,ABC-101 50 mg,Yes,,
ONC-0381,End of Study,2026-05-16,Completed,ABC-101 50 mg,Yes,,
ONC-0382,Screening,2026-05-14,Completed,ABC-101 100 mg,Yes,,
ONC-0382,Baseline,2026-05-15,Completed,ABC-101 100 mg,Yes,,
ONC-0382,Week 2,2026-05-25,Completed,ABC-101 100 mg,Yes,,
ONC-0382,Week 4,2026-06-14,Completed,ABC-101 100 mg,Yes,,
ONC-0382,Week 8,2026-07-07,Completed,ABC-101 100 mg,Yes,,
ONC-0382,Week 12,2026-08-06,Completed,ABC-101 100 mg,Yes,,
ONC-0382,End of Study,2026-08-11,Completed,ABC-101 100 mg,Yes,,
ONC-0383,Screening,2026-06-13,Completed,ABC-101 50 mg,Yes,,
ONC-0383,Baseline,2026-06-14,Completed,ABC-101 50 mg,Yes,,
ONC-0383,Week 2,2026-06-26,Completed,ABC-101 50 mg,Yes,,
ONC-0383,Week 4,2026-07-16,Completed,ABC-101 50 mg,Yes,,
ONC-0383,Week 8,2026-08-03,Completed,ABC-101 50 mg,Yes,,
ONC-0383,Week 12,2026-09-07,Missed,ABC-101 50 mg,No,Missed appointment,
ONC-0383,End of Study,2026-09-07,Completed,ABC-101 50 mg,Yes,,
ONC-0384,Screening,2026-05-12,Completed,ABC-101 50 mg,Yes,,
ONC-0384,Baseline,2026-05-13,Completed,ABC-101 50 mg,Yes,,
ONC-0384,Week 2,2026-05-27,Completed,ABC-101 50 mg,Yes,,
ONC-0384,Week 4,2026-06-12,Completed,ABC-101 50 mg,Yes,,
ONC-0384,Week 8,2026-07-08,Completed,ABC-101 50 mg,Yes,,
ONC-0384,Week 12,2026-08-03,Completed,ABC-101 50 mg,Yes,,
ONC-0384,End of Study,2026-08-12,Completed,ABC-101 50 mg,Yes,,
ONC-0385,Screening,2026-05-27,Completed,ABC-101 100 mg,Yes,,
ONC-0385,Baseline,2026-05-28,Completed,ABC-101 100 mg,Yes,,
ONC-0385,Week 2,2026-06-08,Completed,ABC-101 100 mg,Yes,,
ONC-0385,Week 4,2026-06-19,Completed,ABC-101 100 mg,Yes,,
ONC-0385,Week 8,2026-07-29,Completed,ABC-101 100 mg,Yes,,
ONC-0385,Week 12,2026-08-13,Completed,ABC-101 100 mg,Yes,,
ONC-0385,End of Study,2026-08-26,Missed,ABC-101 100 mg,No,Subject withdrew before visit,
ONC-0386,Screening,2026-03-26,Completed,Placebo,Yes,,
ONC-0386,Baseline,2026-03-27,Completed,Placebo,Yes,,
ONC-0386,Week 2,2026-04-12,Completed,Placebo,Yes,,
ONC-0386,Week 4,2026-04-20,Completed,Placebo,Yes,,
ONC-0386,Week 8,2026-05-25,Completed,Placebo,Yes,,
ONC-0386,Week 12,2026-06-22,Completed,Placebo,Yes,,
ONC-0386,End of Study,2026-06-22,Completed,Placebo,Yes,,
ONC-0387,Screening,2026-06-28,Completed,Placebo,Yes,,
ONC-0387,Baseline,2026-06-29,Completed,Placebo,Yes,,
ONC-0387,Week 2,2026-07-10,Completed,Placebo,Yes,,
ONC-0387,Week 4,2026-07-28,Completed,Placebo,Yes,,
ONC-0387,Week 8,2026-08-25,Completed,Placebo,Yes,,
ONC-0387,Week 12,2026-09-15,Completed,Placebo,Yes,,
ONC-0387,End of Study,2026-09-20,Completed,Placebo,Yes,,
ONC-0388,Screening,2026-06-26,Completed,Placebo,Yes,,
ONC-0388,Baseline,2026-06-27,Completed,Placebo,Yes,,
ONC-0388,Week 2,2026-07-07,Completed,Placebo,Yes,,
ONC-0388,Week 4,2026-07-19,Completed,Placebo,Yes,,
ONC-0388,Week 8,2026-08-20,Completed,Placebo,Yes,,
ONC-0388,Week 12,2026-09-14,Completed,Placebo,Yes,,
ONC-0388,End of Study,2026-09-24,Completed,Placebo,Yes,,
ONC-0389,Screening,2026-01-30,Completed,Placebo,Yes,,
ONC-0389,Baseline,2026-01-31,Completed,Placebo,Yes,,
ONC-0389,Week 2,2026-02-13,Completed,Placebo,Yes,,
ONC-0389,Week 4,2026-03-01,Completed,Placebo,Yes,,
ONC-0389,Week 8,2026-04-01,Completed,Placebo,Yes,,
ONC-0389,Week 12,2026-04-23,Completed,Placebo,Yes,,
ONC-0389,End of Study,2026-04-26,Completed,Placebo,Yes,,
ONC-0390,Screening,2026-03-08,Completed,ABC-101 50 mg,Yes,,
ONC-0390,Baseline,2026-03-09,Completed,ABC-101 50 mg,Yes,,
ONC-0390,Week 2,2026-03-20,Completed,ABC-101 50 mg,Yes,,
ONC-0390,Week 4,2026-04-05,Completed,ABC-101 50 mg,Yes,,
ONC-0390,Week 8,2026-05-02,Completed,ABC-101 50 mg,Yes,,
ONC-0390,Week 12,2026-05-30,Completed,ABC-101 50 mg,Yes,,
ONC-0390,End of Study,2026-06-10,Completed,ABC-101 50 mg,Yes,,
ONC-0391,Screening,2026-04-24,Completed,ABC-101 50 mg,Yes,,
ONC-0392,Screening,2026-02-20,Completed,Placebo,Yes,,
ONC-0392,Baseline,2026-02-21,Completed,Placebo,Yes,,
ONC-0392,Week 2,2026-03-04,Completed,Placebo,Yes,,
ONC-0392,Week 4,2026-03-21,Completed,Placebo,Yes,,
ONC-0392,Week 8,2026-04-10,Completed,Placebo,Yes,,
ONC-0392,Week 12,2026-05-19,Missed,Placebo,No,Missed appointment,
ONC-0392,End of Study,2026-05-20,Completed,Placebo,Yes,,
ONC-0393,Screening,2026-03-21,Completed,Placebo,Yes,,
ONC-0393,Baseline,2026-03-22,Completed,Placebo,Yes,,
ONC-0393,Week 2,2026-04-07,Completed,Placebo,Yes,,
ONC-0393,Week 4,2026-04-22,Completed,Placebo,Yes,,
ONC-0393,Week 8,2026-05-20,Completed,Placebo,Yes,,
ONC-0393,Week 12,2026-06-07,Completed,Placebo,Yes,,
ONC-0393,End of Study,2026-06-20,Completed,Placebo,Yes,,
ONC-0394,Screening,2026-03-05,Completed,ABC-101 50 mg,Yes,,
ONC-0394,Baseline,2026-03-06,Completed,ABC-101 50 mg,Yes,,
ONC-0394,Week 2,2026-03-22,Completed,ABC-101 50 mg,Yes,,
ONC-0394,Week 4,2026-03-29,Completed,ABC-101 50 mg,Yes,,
ONC-0394,Week 8,2026-04-26,Completed,ABC-101 50 mg,Yes,,
ONC-0394,Week 12,2026-05-23,Completed,ABC-101 50 mg,Yes,,
ONC-0394,End of Study,2026-06-08,Completed,ABC-101 50 mg,Yes,,
ONC-0395,Screening,2026-01-09,Completed,ABC-101 100 mg,Yes,,
ONC-0395,Baseline,2026-01-10,Completed,ABC-101 100 mg,Yes,,
ONC-0395,Week 2,2026-01-24,Completed,ABC-101 100 mg,Yes,,
ONC-0395,Week 4,2026-02-09,Completed,ABC-101 100 mg,Yes,,
ONC-0395,Week 8,2026-03-02,Completed,ABC-101 100 mg,Yes,,
ONC-0395,Week 12,2026-04-05,Completed,ABC-101 100 mg,Yes,,
ONC-0395,End of Study,2026-04-13,Completed,ABC-101 100 mg,Yes,,
ONC-0396,Screening,2026-02-12,Completed,ABC-101 100 mg,Yes,,
ONC-0396,Baseline,2026-02-13,Completed,ABC-101 100 mg,Yes,,
ONC-0396,Week 2,2026-02-26,Completed,ABC-101 100 mg,Yes,,
ONC-0396,Week 4,2026-03-13,Completed,ABC-101 100 mg,Yes,,
ONC-0396,Week 8,2026-04-10,Completed,ABC-101 100 mg,Yes,,
ONC-0396,Week 12,2026-05-04,Completed,ABC-101 100 mg,Yes,,
ONC-0396,End of Study,2026-05-10,Completed,ABC-101 100 mg,Yes,,
ONC-0397,Screening,2026-04-29,Completed,ABC-101 100 mg,Yes,,
ONC-0397,Baseline,2026-04-30,Completed,ABC-101 100 mg,Yes,,
ONC-0397,Week 2,2026-05-15,Completed,ABC-101 100 mg,Yes,,
ONC-0397,Week 4,2026-05-31,Completed,ABC-101 100 mg,Yes,,
ONC-0397,Week 8,2026-06-24,Completed,ABC-101 100 mg,Yes,,
ONC-0397,Week 12,2026-07-26,Completed,ABC-101 100 mg,Yes,,
ONC-0397,End of Study,2026-07-28,Completed,ABC-101 100 mg,Yes,,
ONC-0398,Screening,2026-06-22,Completed,ABC-101 50 mg,Yes,,
ONC-0398,Baseline,2026-06-23,Completed,ABC-101 50 mg,Yes,,
ONC-0398,Week 2,2026-07-06,Completed,ABC-101 50 mg,Yes,,
ONC-0398,Week 4,2026-07-19,Completed,ABC-101 50 mg,Yes,,
ONC-0398,Week 8,2026-08-16,Completed,ABC-101 50 mg,Yes,,
ONC-0398,Week 12,2026-09-11,Completed,ABC-101 50 mg,Yes,,
ONC-0398,End of Study,2026-09-20,Missed,ABC-101 50 mg,No,Scheduling conflict,
ONC-0399,Screening,2026-05-16,Completed,ABC-101 50 mg,Yes,,
ONC-0399,Baseline,2026-05-17,Completed,ABC-101 50 mg,Yes,,
ONC-0399,Week 2,2026-05-29,Completed,ABC-101 50 mg,Yes,,
ONC-0399,Week 4,2026-06-15,Completed,ABC-101 50 mg,Yes,,
ONC-0399,Week 8,2026-07-07,Completed,ABC-101 50 mg,Yes,,
ONC-0399,Week 12,2026-08-12,Completed,ABC-101 50 mg,Yes,,
ONC-0399,End of Study,2026-08-21,Completed,ABC-101 50 mg,Yes,,
ONC-0400,Screening,2026-05-07,Completed,Placebo,Yes,,
ONC-0400,Baseline,2026-05-08,Completed,Placebo,Yes,,
ONC-0400,Week 2,2026-05-24,Completed,Placebo,Yes,,
ONC-0400,Week 4,2026-06-08,Completed,Placebo,Yes,,
ONC-0400,Week 8,2026-07-05,Completed,Placebo,Yes,,
ONC-0400,Week 12,2026-07-31,Completed,Placebo,Yes,,
ONC-0400,End of Study,2026-08-07,Completed,Placebo,Yes,,
ONC-0401,Screening,2026-02-19,Completed,ABC-101 50 mg,Yes,,
ONC-0401,Baseline,2026-02-20,Completed,ABC-101 50 mg,Yes,,
ONC-0401,Week 2,2026-03-05,Completed,ABC-101 50 mg,Yes,,
ONC-0401,Week 4,2026-03-16,Missed,ABC-101 50 mg,No,Scheduling conflict,
ONC-0401,Week 8,2026-04-17,Completed,ABC-101 50 mg,Yes,,
ONC-0401,Week 12,2026-05-16,Completed,ABC-101 50 mg,Yes,,
ONC-0401,End of Study,2026-05-21,Completed,ABC-101 50 mg,Yes,,
ONC-0402,Screening,2026-02-05,Completed,ABC-101 100 mg,Yes,,
ONC-0402,Baseline,2026-02-06,Completed,ABC-101 100 mg,Yes,,
ONC-0402,Week 2,2026-02-22,Completed,ABC-101 100 mg,Yes,,
ONC-0402,Week 4,2026-03-08,Completed,ABC-101 100 mg,Yes,,
ONC-0402,Week 8,2026-03-29,Completed,ABC-101 100 mg,Yes,,
ONC-0402,Week 12,2026-04-23,Completed,ABC-101 100 mg,Yes,,
ONC-0402,End of Study,2026-04-30,Completed,ABC-101 100 mg,Yes,,
ONC-0403,Screening,2026-02-19,Completed,ABC-101 100 mg,Yes,,
ONC-0403,Baseline,2026-02-20,Completed,ABC-101 100 mg,Yes,,
ONC-0403,Week 2,2026-03-08,Completed,ABC-101 100 mg,Yes,,
ONC-0403,Week 4,2026-03-24,Completed,ABC-101 100 mg,Yes,,
ONC-0403,Week 8,2026-04-21,Completed,ABC-101 100 mg,Yes,,
ONC-0403,Week 12,2026-05-20,Completed,ABC-101 100 mg,Yes,,
ONC-0403,End of Study,2026-05-15,Completed,ABC-101 100 mg,Yes,,
ONC-0404,Screening,2026-03-12,Completed,ABC-101 100 mg,Yes,,
ONC-0405,Screening,2026-05-14,Completed,Placebo,Yes,,
ONC-0405,Baseline,2026-05-15,Completed,Placebo,Yes,,
ONC-0405,Week 2,2026-05-30,Completed,Placebo,Yes,,
ONC-0405,Week 4,2026-06-16,Completed,Placebo,Yes,,
ONC-0405,Week 8,2026-07-09,Completed,Placebo,Yes,,
ONC-0405,Week 12,2026-08-02,Completed,Placebo,Yes,,
ONC-0405,End of Study,2026-08-06,Completed,Placebo,Yes,,
ONC-0406,Screening,2026-05-10,Completed,ABC-101 100 mg,Yes,,
ONC-0406,Baseline,2026-05-11,Completed,ABC-101 100 mg,Yes,,
ONC-0406,Week 2,2026-05-24,Completed,ABC-101 100 mg,Yes,,
ONC-0406,Week 4,2026-06-09,Completed,ABC-101 100 mg,Yes,,
ONC-0406,Week 8,2026-07-06,Completed,ABC-101 100 mg,Yes,,
ONC-0406,Week 12,2026-08-08,Completed,ABC-101 100 mg,Yes,,
ONC-0406,End of Study,2026-08-04,Completed,ABC-101 100 mg,Yes,,
ONC-0407,Screening,2026-01-06,Completed,ABC-101 100 mg,Yes,,
ONC-0407,Baseline,2026-01-07,Completed,ABC-101 100 mg,Yes,,
ONC-0407,Week 2,2026-01-22,Completed,ABC-101 100 mg,Yes,,
ONC-0407,Week 4,2026-02-07,Completed,ABC-101 100 mg,Yes,,
ONC-0407,Week 8,2026-02-28,Completed,ABC-101 100 mg,Yes,,
ONC-0407,Week 12,2026-03-29,Completed,ABC-101 100 mg,Yes,,
ONC-0407,End of Study,2026-04-11,Completed,ABC-101 100 mg,Yes,,
ONC-0408,Screening,2026-06-30,Completed,ABC-101 50 mg,Yes,,
ONC-0408,Baseline,2026-07-01,Completed,ABC-101 50 mg,Yes,,
ONC-0408,Week 2,2026-07-11,Completed,ABC-101 50 mg,Yes,,
ONC-0408,Week 4,2026-08-01,Completed,ABC-101 50 mg,Yes,,
ONC-0408,Week 8,2026-08-26,Completed,ABC-101 50 mg,Yes,,
ONC-0408,Week 12,2026-09-15,Completed,ABC-101 50 mg,Yes,,
ONC-0408,End of Study,2026-09-21,Completed,ABC-101 50 mg,Yes,,
ONC-0409,Screening,2026-06-13,Completed,ABC-101 100 mg,Yes,,
ONC-0409,Baseline,2026-06-14,Completed,ABC-101 100 mg,Yes,,
ONC-0409,Week 2,2026-06-25,Completed,ABC-101 100 mg,Yes,,
ONC-0409,Week 4,2026-07-11,Completed,ABC-101 100 mg,Yes,,
ONC-0409,Week 8,2026-08-05,Completed,ABC-101 100 mg,Yes,,
ONC-0409,Week 12,2026-09-08,Completed,ABC-101 100 mg,Yes,,
ONC-0409,End of Study,2026-09-06,Completed,ABC-101 100 mg,Yes,,
ONC-0410,Screening,2026-01-10,Completed,Placebo,Yes,,
ONC-0410,Baseline,2026-01-11,Completed,Placebo,Yes,,
ONC-0410,Week 2,2026-01-25,Completed,Placebo,Yes,,
ONC-0410,Week 4,2026-02-09,Completed,Placebo,Yes,,
ONC-0410,Week 8,2026-03-12,Completed,Placebo,Yes,,
ONC-0410,Week 12,2026-04-08,Completed,Placebo,Yes,,
ONC-0410,End of Study,2026-04-15,Completed,Placebo,Yes,,
ONC-0411,Screening,2026-03-08,Completed,ABC-101 50 mg,Yes,,
ONC-0411,Baseline,2026-03-09,Completed,ABC-101 50 mg,Yes,,
ONC-0411,Week 2,2026-03-23,Completed,ABC-101 50 mg,Yes,,
ONC-0411,Week 4,2026-04-09,Completed,ABC-101 50 mg,Yes,,
ONC-0411,Week 8,2026-04-27,Completed,ABC-101 50 mg,Yes,,
ONC-0411,Week 12,2026-05-31,Completed,ABC-101 50 mg,Yes,,
ONC-0411,End of Study,2026-06-02,Completed,ABC-101 50 mg,Yes,,
ONC-0412,Screening,2026-03-18,Completed,ABC-101 100 mg,Yes,,
ONC-0413,Screening,2026-05-29,Completed,ABC-101 100 mg,Yes,,
ONC-0413,Baseline,2026-05-30,Completed,ABC-101 100 mg,Yes,,
ONC-0413,Week 2,2026-06-11,Completed,ABC-101 100 mg,Yes,,
ONC-0413,Week 4,2026-06-22,Completed,ABC-101 100 mg,Yes,,
ONC-0413,Week 8,2026-07-18,Completed,ABC-101 100 mg,Yes,,
ONC-0413,Week 12,2026-08-20,Completed,ABC-101 100 mg,Yes,,
ONC-0413,End of Study,2026-09-01,Completed,ABC-101 100 mg,Yes,,
ONC-0414,Screening,2026-02-03,Completed,ABC-101 100 mg,Yes,,
ONC-0415,Screening,2026-03-06,Completed,Placebo,Yes,,
ONC-0415,Baseline,2026-03-07,Completed,Placebo,Yes,,
ONC-0415,Week 2,2026-03-22,Missed,Placebo,No,Subject unavailable,
ONC-0415,Week 4,2026-04-03,Completed,Placebo,Yes,,
ONC-0415,Week 8,2026-04-25,Completed,Placebo,Yes,,
ONC-0415,Week 12,2026-05-23,Completed,Placebo,Yes,,
ONC-0415,End of Study,2026-05-30,Completed,Placebo,Yes,,
ONC-0416,Screening,2026-06-27,Completed,Placebo,Yes,,
ONC-0417,Screening,2026-02-08,Completed,ABC-101 100 mg,Yes,,
ONC-0417,Baseline,2026-02-09,Completed,ABC-101 100 mg,Yes,,
ONC-0417,Week 2,2026-02-21,Completed,ABC-101 100 mg,Yes,,
ONC-0417,Week 4,2026-03-13,Completed,ABC-101 100 mg,Yes,,
ONC-0417,Week 8,2026-04-01,Completed,ABC-101 100 mg,Yes,,
ONC-0417,Week 12,2026-04-30,Missed,ABC-101 100 mg,No,Subject withdrew before visit,
ONC-0417,End of Study,2026-05-07,Completed,ABC-101 100 mg,Yes,,
ONC-0418,Screening,2026-05-01,Completed,Placebo,Yes,,
ONC-0418,Baseline,2026-05-02,Completed,Placebo,Yes,,
ONC-0418,Week 2,2026-05-15,Completed,Placebo,Yes,,
ONC-0418,Week 4,2026-05-31,Completed,Placebo,Yes,,
ONC-0418,Week 8,2026-06-24,Completed,Placebo,Yes,,
ONC-0418,Week 12,2026-07-17,Completed,Placebo,Yes,,
ONC-0418,End of Study,2026-07-24,Completed,Placebo,Yes,,
ONC-0419,Screening,2026-02-28,Completed,ABC-101 50 mg,Yes,,
ONC-0419,Baseline,2026-03-01,Completed,ABC-101 50 mg,Yes,,
ONC-0419,Week 2,2026-03-16,Completed,ABC-101 50 mg,Yes,,
ONC-0419,Week 4,2026-03-23,Completed,ABC-101 50 mg,Yes,,
ONC-0419,Week 8,2026-04-28,Completed,ABC-101 50 mg,Yes,,
ONC-0419,Week 12,2026-05-29,Completed,ABC-101 50 mg,Yes,,
ONC-0419,End of Study,2026-06-03,Completed,ABC-101 50 mg,Yes,,
ONC-0420,Screening,2026-02-03,Completed,ABC-101 100 mg,Yes,,
ONC-0420,Baseline,2026-02-04,Completed,ABC-101 100 mg,Yes,,
ONC-0420,Week 2,2026-02-18,Completed,ABC-101 100 mg,Yes,,
ONC-0420,Week 4,2026-03-08,Completed,ABC-101 100 mg,Yes,,
ONC-0420,Week 8,2026-03-27,Completed,ABC-101 100 mg,Yes,,
ONC-0420,Week 12,2026-05-02,Completed,ABC-101 100 mg,Yes,,
ONC-0420,End of Study,2026-05-11,Completed,ABC-101 100 mg,Yes,,
ONC-0421,Screening,2026-04-28,Completed,ABC-101 100 mg,Yes,,
ONC-0421,Baseline,2026-04-29,Completed,ABC-101 100 mg,Yes,,
ONC-0421,Week 2,2026-05-09,Completed,ABC-101 100 mg,Yes,,
ONC-0421,Week 4,2026-05-31,Completed,ABC-101 100 mg,Yes,,
ONC-0421,Week 8,2026-06-19,Completed,ABC-101 100 mg,Yes,,
ONC-0421,Week 12,2026-07-26,Completed,ABC-101 100 mg,Yes,,
ONC-0421,End of Study,2026-07-29,Completed,ABC-101 100 mg,Yes,,
ONC-0422,Screening,2026-01-06,Completed,Placebo,Yes,,
ONC-0422,Baseline,2026-01-07,Completed,Placebo,Yes,,
ONC-0422,Week 2,2026-01-17,Completed,Placebo,Yes,,
ONC-0422,Week 4,2026-02-03,Completed,Placebo,Yes,,
ONC-0422,Week 8,2026-03-07,Completed,Placebo,Yes,,
ONC-0422,Week 12,2026-03-26,Missed,Placebo,No,Subject withdrew before visit,
ONC-0422,End of Study,2026-03-30,Completed,Placebo,Yes,,
ONC-0423,Screening,2026-03-23,Completed,ABC-101 100 mg,Yes,,
ONC-0423,Baseline,2026-03-24,Completed,ABC-101 100 mg,Yes,,
ONC-0423,Week 2,2026-04-07,Completed,ABC-101 100 mg,Yes,,
ONC-0423,Week 4,2026-04-16,Completed,ABC-101 100 mg,Yes,,
ONC-0423,Week 8,2026-05-20,Completed,ABC-101 100 mg,Yes,,
ONC-0423,Week 12,2026-06-19,Completed,ABC-101 100 mg,Yes,,
ONC-0423,End of Study,2026-06-18,Completed,ABC-101 100 mg,Yes,,
ONC-0424,Screening,2026-01-13,Completed,Placebo,Yes,,
ONC-0424,Baseline,2026-01-14,Completed,Placebo,Yes,,
ONC-0424,Week 2,2026-01-30,Completed,Placebo,Yes,,
ONC-0424,Week 4,2026-02-05,Completed,Placebo,Yes,,
ONC-0424,Week 8,2026-03-11,Completed,Placebo,Yes,,
ONC-0424,Week 12,2026-04-07,Completed,Placebo,Yes,,
ONC-0424,End of Study,2026-04-08,Completed,Placebo,Yes,,
ONC-0425,Screening,2026-05-26,Completed,ABC-101 100 mg,Yes,,
ONC-0425,Baseline,2026-05-27,Completed,ABC-101 100 mg,Yes,,
ONC-0425,Week 2,2026-06-11,Completed,ABC-101 100 mg,Yes,,
ONC-0425,Week 4,2026-06-24,Completed,ABC-101 100 mg,Yes,,
ONC-0425,Week 8,2026-07-15,Completed,ABC-101 100 mg,Yes,,
ONC-0425,Week 12,2026-08-24,Completed,ABC-101 100 mg,Yes,,
ONC-0425,End of Study,2026-08-26,Completed,ABC-101 100 mg,Yes,,
ONC-0426,Screening,2026-02-24,Completed,Placebo,Yes,,
ONC-0426,Baseline,2026-02-25,Completed,Placebo,Yes,,
ONC-0426,Week 2,2026-03-12,Completed,Placebo,Yes,,
ONC-0426,Week 4,2026-03-24,Completed,Placebo,Yes,,
ONC-0426,Week 8,2026-04-28,Completed,Placebo,Yes,,
ONC-0426,Week 12,2026-05-23,Completed,Placebo,Yes,,
ONC-0426,End of Study,2026-05-18,Completed,Placebo,Yes,,
ONC-0427,Screening,2026-01-13,Completed,ABC-101 100 mg,Yes,,
ONC-0427,Baseline,2026-01-14,Completed,ABC-101 100 mg,Yes,,
ONC-0427,Week 2,2026-01-27,Completed,ABC-101 100 mg,Yes,,
ONC-0427,Week 4,2026-02-12,Completed,ABC-101 100 mg,Yes,,
ONC-0427,Week 8,2026-03-16,Completed,ABC-101 100 mg,Yes,,
ONC-0427,Week 12,2026-04-04,Completed,ABC-101 100 mg,Yes,,
ONC-0427,End of Study,2026-04-15,Completed,ABC-101 100 mg,Yes,,
ONC-0428,Screening,2026-06-25,Completed,ABC-101 100 mg,Yes,,
ONC-0428,Baseline,2026-06-26,Completed,ABC-101 100 mg,Yes,,
ONC-0428,Week 2,2026-07-09,Completed,ABC-101 100 mg,Yes,,
ONC-0428,Week 4,2026-07-25,Completed,ABC-101 100 mg,Yes,,
ONC-0428,Week 8,2026-08-13,Completed,ABC-101 100 mg,Yes,,
ONC-0428,Week 12,2026-09-19,Completed,ABC-101 100 mg,Yes,,
ONC-0428,End of Study,2026-09-30,Completed,ABC-101 100 mg,Yes,,
ONC-0429,Screening,2026-03-15,Completed,Placebo,Yes,,
ONC-0429,Baseline,2026-03-16,Completed,Placebo,Yes,,
ONC-0429,Week 2,2026-03-27,Completed,Placebo,Yes,,
ONC-0429,Week 4,2026-04-15,Completed,Placebo,Yes,,
ONC-0429,Week 8,2026-05-13,Completed,Placebo,Yes,,
ONC-0429,Week 12,2026-06-01,Completed,Placebo,Yes,,
ONC-0429,End of Study,2026-06-18,Completed,Placebo,Yes,,
ONC-0430,Screening,2026-03-23,Completed,ABC-101 100 mg,Yes,,
ONC-0431,Screening,2026-03-11,Completed,ABC-101 100 mg,Yes,,
ONC-0431,Baseline,2026-03-12,Completed,ABC-101 100 mg,Yes,,
ONC-0431,Week 2,2026-03-26,Completed,ABC-101 100 mg,Yes,,
ONC-0431,Week 4,2026-04-08,Completed,ABC-101 100 mg,Yes,,
ONC-0431,Week 8,2026-05-01,Completed,ABC-101 100 mg,Yes,,
ONC-0431,Week 12,2026-06-03,Completed,ABC-101 100 mg,Yes,,
ONC-0431,End of Study,2026-06-03,Completed,ABC-101 100 mg,Yes,,
ONC-0432,Screening,2026-01-16,Completed,ABC-101 100 mg,Yes,,
ONC-0432,Baseline,2026-01-17,Completed,ABC-101 100 mg,Yes,,
ONC-0432,Week 2,2026-02-02,Completed,ABC-101 100 mg,Yes,,
ONC-0432,Week 4,2026-02-08,Completed,ABC-101 100 mg,Yes,,
ONC-0432,Week 8,2026-03-18,Completed,ABC-101 100 mg,Yes,,
ONC-0432,Week 12,2026-04-14,Completed,ABC-101 100 mg,Yes,,
ONC-0432,End of Study,2026-04-13,Completed,ABC-101 100 mg,Yes,,
ONC-0433,Screening,2026-01-13,Completed,Placebo,Yes,,
ONC-0433,Baseline,2026-01-14,Completed,Placebo,Yes,,
ONC-0433,Week 2,2026-01-25,Completed,Placebo,Yes,,
ONC-0433,Week 4,2026-02-10,Completed,Placebo,Yes,,
ONC-0433,Week 8,2026-03-05,Completed,Placebo,Yes,,
ONC-0433,Week 12,2026-04-02,Completed,Placebo,Yes,,
ONC-0433,End of Study,2026-04-19,Completed,Placebo,Yes,,
ONC-0434,Screening,2026-03-30,Completed,ABC-101 50 mg,Yes,,
ONC-0434,Baseline,2026-03-31,Completed,ABC-101 50 mg,Yes,,
ONC-0434,Week 2,2026-04-13,Missed,ABC-101 50 mg,No,Scheduling conflict,
ONC-0434,Week 4,2026-04-26,Completed,ABC-101 50 mg,Yes,,
ONC-0434,Week 8,2026-05-25,Completed,ABC-101 50 mg,Yes,,
ONC-0434,Week 12,2026-06-21,Completed,ABC-101 50 mg,Yes,,
ONC-0434,End of Study,2026-06-29,Completed,ABC-101 50 mg,Yes,,
ONC-0435,Screening,2026-03-16,Completed,Placebo,Yes,,
ONC-0435,Baseline,2026-03-17,Completed,Placebo,Yes,,
ONC-0435,Week 2,2026-03-31,Completed,Placebo,Yes,,
ONC-0435,Week 4,2026-04-11,Missed,Placebo,No,Subject withdrew before visit,
ONC-0435,Week 8,2026-05-08,Completed,Placebo,Yes,,
ONC-0435,Week 12,2026-06-13,Completed,Placebo,Yes,,
ONC-0435,End of Study,2026-06-08,Completed,Placebo,Yes,,
ONC-0436,Screening,2026-02-14,Completed,ABC-101 100 mg,Yes,,
ONC-0436,Baseline,2026-02-15,Completed,ABC-101 100 mg,Yes,,
ONC-0436,Week 2,2026-03-02,Completed,ABC-101 100 mg,Yes,,
ONC-0436,Week 4,2026-03-09,Completed,ABC-101 100 mg,Yes,,
ONC-0436,Week 8,2026-04-17,Completed,ABC-101 100 mg,Yes,,
ONC-0436,Week 12,2026-05-13,Completed,ABC-101 100 mg,Yes,,
ONC-0436,End of Study,2026-05-18,Completed,ABC-101 100 mg,Yes,,
ONC-0437,Screening,2026-05-28,Completed,ABC-101 100 mg,Yes,,
ONC-0437,Baseline,2026-05-29,Completed,ABC-101 100 mg,Yes,,
ONC-0437,Week 2,2026-06-09,Completed,ABC-101 100 mg,Yes,,
ONC-0437,Week 4,2026-06-26,Completed,ABC-101 100 mg,Yes,,
ONC-0437,Week 8,2026-07-16,Completed,ABC-101 100 mg,Yes,,
ONC-0437,Week 12,2026-08-14,Completed,ABC-101 100 mg,Yes,,
ONC-0437,End of Study,2026-08-20,Completed,ABC-101 100 mg,Yes,,
ONC-0438,Screening,2026-03-02,Completed,ABC-101 100 mg,Yes,,
ONC-0438,Baseline,2026-03-03,Completed,ABC-101 100 mg,Yes,,
ONC-0438,Week 2,2026-03-15,Completed,ABC-101 100 mg,Yes,,
ONC-0438,Week 4,2026-04-04,Completed,ABC-101 100 mg,Yes,,
ONC-0438,Week 8,2026-05-02,Completed,ABC-101 100 mg,Yes,,
ONC-0438,Week 12,2026-05-22,Completed,ABC-101 100 mg,Yes,,
ONC-0438,End of Study,2026-05-31,Completed,ABC-101 100 mg,Yes,,
ONC-0439,Screening,2026-06-12,Completed,Placebo,Yes,,
ONC-0439,Baseline,2026-06-13,Completed,Placebo,Yes,,
ONC-0439,Week 2,2026-06-23,Completed,Placebo,Yes,,
ONC-0439,Week 4,2026-07-06,Completed,Placebo,Yes,,
ONC-0439,Week 8,2026-08-08,Completed,Placebo,Yes,,
ONC-0439,Week 12,2026-09-11,Completed,Placebo,Yes,,
ONC-0439,End of Study,2026-09-04,Completed,Placebo,Yes,,
ONC-0440,Screening,2026-06-21,Completed,ABC-101 50 mg,Yes,,
ONC-0440,Baseline,2026-06-22,Completed,ABC-101 50 mg,Yes,,
ONC-0440,Week 2,2026-07-02,Completed,ABC-101 50 mg,Yes,,
ONC-0440,Week 4,2026-07-21,Completed,ABC-101 50 mg,Yes,,
ONC-0440,Week 8,2026-08-09,Completed,ABC-101 50 mg,Yes,,
ONC-0440,Week 12,2026-09-12,Completed,ABC-101 50 mg,Yes,,
ONC-0440,End of Study,2026-09-21,Completed,ABC-101 50 mg,Yes,,
ONC-0441,Screening,2026-01-19,Completed,ABC-101 100 mg,Yes,,
ONC-0441,Baseline,2026-01-20,Completed,ABC-101 100 mg,Yes,,
ONC-0441,Week 2,2026-02-02,Completed,ABC-101 100 mg,Yes,,
ONC-0441,Week 4,2026-02-21,Completed,ABC-101 100 mg,Yes,,
ONC-0441,Week 8,2026-03-15,Completed,ABC-101 100 mg,Yes,,
ONC-0441,Week 12,2026-04-16,Completed,ABC-101 100 mg,Yes,,
ONC-0441,End of Study,2026-04-16,Completed,ABC-101 100 mg,Yes,,
ONC-0442,Screening,2026-05-24,Completed,ABC-101 50 mg,Yes,,
ONC-0443,Screening,2026-02-13,Completed,ABC-101 50 mg,Yes,,
ONC-0443,Baseline,2026-02-14,Completed,ABC-101 50 mg,Yes,,
ONC-0443,Week 2,2026-02-24,Completed,ABC-101 50 mg,Yes,,
ONC-0443,Week 4,2026-03-18,Completed,ABC-101 50 mg,Yes,,
ONC-0443,Week 8,2026-04-12,Completed,ABC-101 50 mg,Yes,,
ONC-0443,Week 12,2026-05-12,Completed,ABC-101 50 mg,Yes,,
ONC-0443,End of Study,2026-05-21,Completed,ABC-101 50 mg,Yes,,
ONC-0444,Screening,2026-03-12,Completed,ABC-101 50 mg,Yes,,
ONC-0444,Baseline,2026-03-13,Completed,ABC-101 50 mg,Yes,,
ONC-0444,Week 2,2026-03-28,Completed,ABC-101 50 mg,Yes,,
ONC-0444,Week 4,2026-04-10,Completed,ABC-101 50 mg,Yes,,
ONC-0444,Week 8,2026-05-07,Completed,ABC-101 50 mg,Yes,,
ONC-0444,Week 12,2026-05-28,Completed,ABC-101 50 mg,Yes,,
ONC-0444,End of Study,2026-06-04,Completed,ABC-101 50 mg,Yes,,
ONC-0445,Screening,2026-05-25,Completed,ABC-101 100 mg,Yes,,
ONC-0445,Baseline,2026-05-26,Completed,ABC-101 100 mg,Yes,,
ONC-0445,Week 2,2026-06-07,Completed,ABC-101 100 mg,Yes,,
ONC-0445,Week 4,2026-06-18,Completed,ABC-101 100 mg,Yes,,
ONC-0445,Week 8,2026-07-16,Completed,ABC-101 100 mg,Yes,,
ONC-0445,Week 12,2026-08-10,Completed,ABC-101 100 mg,Yes,,
ONC-0445,End of Study,2026-08-21,Completed,ABC-101 100 mg,Yes,,
ONC-0446,Screening,2026-02-28,Completed,Placebo,Yes,,
ONC-0446,Baseline,2026-03-01,Completed,Placebo,Yes,,
ONC-0446,Week 2,2026-03-13,Completed,Placebo,Yes,,
ONC-0446,Week 4,2026-03-29,Completed,Placebo,Yes,,
ONC-0446,Week 8,2026-04-27,Completed,Placebo,Yes,,
ONC-0446,Week 12,2026-05-30,Completed,Placebo,Yes,,
ONC-0446,End of Study,2026-05-27,Completed,Placebo,Yes,,
ONC-0447,Screening,2026-03-08,Completed,Placebo,Yes,,
ONC-0448,Screening,2026-05-27,Completed,ABC-101 100 mg,Yes,,
ONC-0448,Baseline,2026-05-28,Completed,ABC-101 100 mg,Yes,,
ONC-0448,Week 2,2026-06-11,Completed,ABC-101 100 mg,Yes,,
ONC-0448,Week 4,2026-06-28,Missed,ABC-101 100 mg,No,Subject withdrew before visit,
ONC-0448,Week 8,2026-07-19,Completed,ABC-101 100 mg,Yes,,
ONC-0448,Week 12,2026-08-26,Completed,ABC-101 100 mg,Yes,,
ONC-0448,End of Study,2026-08-23,Completed,ABC-101 100 mg,Yes,,
ONC-0449,Screening,2026-02-13,Completed,ABC-101 50 mg,Yes,,
ONC-0449,Baseline,2026-02-14,Completed,ABC-101 50 mg,Yes,,
ONC-0449,Week 2,2026-02-25,Completed,ABC-101 50 mg,Yes,,
ONC-0449,Week 4,2026-03-08,Completed,ABC-101 50 mg,Yes,,
ONC-0449,Week 8,2026-04-11,Completed,ABC-101 50 mg,Yes,,
ONC-0449,Week 12,2026-05-14,Completed,ABC-101 50 mg,Yes,,
ONC-0449,End of Study,2026-05-08,Completed,ABC-101 50 mg,Yes,,
ONC-0450,Screening,2026-04-01,Completed,ABC-101 100 mg,Yes,,
ONC-0451,Screening,2026-01-23,Completed,ABC-101 50 mg,Yes,,
ONC-0451,Baseline,2026-01-24,Completed,ABC-101 50 mg,Yes,,
ONC-0451,Week 2,2026-02-08,Completed,ABC-101 50 mg,Yes,,
ONC-0451,Week 4,2026-02-23,Completed,ABC-101 50 mg,Yes,,
ONC-0451,Week 8,2026-03-15,Completed,ABC-101 50 mg,Yes,,
ONC-0451,Week 12,2026-04-22,Missed,ABC-101 50 mg,No,Scheduling conflict,
ONC-0451,End of Study,2026-04-24,Completed,ABC-101 50 mg,Yes,,
ONC-0452,Screening,2026-04-07,Completed,ABC-101 50 mg,Yes,,
ONC-0453,Screening,2026-05-03,Completed,ABC-101 100 mg,Yes,,
ONC-0453,Baseline,2026-05-04,Completed,ABC-101 100 mg,Yes,,
ONC-0453,Week 2,2026-05-16,Completed,ABC-101 100 mg,Yes,,
ONC-0453,Week 4,2026-05-30,Missed,ABC-101 100 mg,No,Subject withdrew before visit,
ONC-0453,Week 8,2026-07-01,Missed,ABC-101 100 mg,No,Missed appointment,
ONC-0453,Week 12,2026-07-29,Completed,ABC-101 100 mg,Yes,,
ONC-0453,End of Study,2026-07-31,Completed,ABC-101 100 mg,Yes,,
ONC-0454,Screening,2026-03-15,Completed,Placebo,Yes,,
ONC-0454,Baseline,2026-03-16,Completed,Placebo,Yes,,
ONC-0454,Week 2,2026-03-30,Missed,Placebo,No,Scheduling conflict,
ONC-0454,Week 4,2026-04-10,Completed,Placebo,Yes,,
ONC-0454,Week 8,2026-05-04,Completed,Placebo,Yes,,
ONC-0454,Week 12,2026-06-01,Completed,Placebo,Yes,,
ONC-0454,End of Study,2026-06-14,Completed,Placebo,Yes,,
ONC-0455,Screening,2026-04-28,Completed,ABC-101 100 mg,Yes,,
ONC-0455,Baseline,2026-04-29,Completed,ABC-101 100 mg,Yes,,
ONC-0455,Week 2,2026-05-09,Completed,ABC-101 100 mg,Yes,,
ONC-0455,Week 4,2026-05-22,Completed,ABC-101 100 mg,Yes,,
ONC-0455,Week 8,2026-06-28,Completed,ABC-101 100 mg,Yes,,
ONC-0455,Week 12,2026-07-28,Completed,ABC-101 100 mg,Yes,,
ONC-0455,End of Study,2026-07-24,Completed,ABC-101 100 mg,Yes,,
ONC-0456,Screening,2026-06-19,Completed,ABC-101 100 mg,Yes,,
ONC-0456,Baseline,2026-06-20,Completed,ABC-101 100 mg,Yes,,
ONC-0456,Week 2,2026-07-03,Completed,ABC-101 100 mg,Yes,,
ONC-0456,Week 4,2026-07-13,Completed,ABC-101 100 mg,Yes,,
ONC-0456,Week 8,2026-08-13,Completed,ABC-101 100 mg,Yes,,
ONC-0456,Week 12,2026-09-11,Completed,ABC-101 100 mg,Yes,,
ONC-0456,End of Study,2026-09-12,Completed,ABC-101 100 mg,Yes,,
ONC-0457,Screening,2026-01-05,Completed,Placebo,Yes,,
ONC-0457,Baseline,2026-01-06,Completed,Placebo,Yes,,
ONC-0457,Week 2,2026-01-18,Completed,Placebo,Yes,,
ONC-0457,Week 4,2026-01-28,Completed,Placebo,Yes,,
ONC-0457,Week 8,2026-02-25,Completed,Placebo,Yes,,
ONC-0457,Week 12,2026-04-06,Completed,Placebo,Yes,,
ONC-0457,End of Study,2026-04-09,Completed,Placebo,Yes,,
ONC-0458,Screening,2026-02-23,Completed,ABC-101 50 mg,Yes,,
ONC-0458,Baseline,2026-02-24,Completed,ABC-101 50 mg,Yes,,
ONC-0458,Week 2,2026-03-06,Completed,ABC-101 50 mg,Yes,,
ONC-0458,Week 4,2026-03-27,Completed,ABC-101 50 mg,Yes,,
ONC-0458,Week 8,2026-04-25,Missed,ABC-101 50 mg,No,Subject unavailable,
ONC-0458,Week 12,2026-05-20,Completed,ABC-101 50 mg,Yes,,
ONC-0458,End of Study,2026-05-20,Completed,ABC-101 50 mg,Yes,,
ONC-0459,Screening,2026-03-02,Completed,ABC-101 100 mg,Yes,,
ONC-0459,Baseline,2026-03-03,Completed,ABC-101 100 mg,Yes,,
ONC-0459,Week 2,2026-03-17,Completed,ABC-101 100 mg,Yes,,
ONC-0459,Week 4,2026-03-29,Completed,ABC-101 100 mg,Yes,,
ONC-0459,Week 8,2026-04-27,Completed,ABC-101 100 mg,Yes,,
ONC-0459,Week 12,2026-05-26,Completed,ABC-101 100 mg,Yes,,
ONC-0459,End of Study,2026-05-28,Completed,ABC-101 100 mg,Yes,,
ONC-0460,Screening,2026-02-14,Completed,Placebo,Yes,,
ONC-0461,Screening,2026-06-10,Completed,Placebo,Yes,,
ONC-0461,Baseline,2026-06-11,Completed,Placebo,Yes,,
ONC-0461,Week 2,2026-06-26,Missed,Placebo,No,Subject withdrew before visit,
ONC-0461,Week 4,2026-07-07,Completed,Placebo,Yes,,
ONC-0461,Week 8,2026-08-02,Completed,Placebo,Yes,,
ONC-0461,Week 12,2026-09-01,Completed,Placebo,Yes,,
ONC-0461,End of Study,2026-09-10,Completed,Placebo,Yes,,
ONC-0462,Screening,2026-05-01,Completed,ABC-101 100 mg,Yes,,
ONC-0462,Baseline,2026-05-02,Completed,ABC-101 100 mg,Yes,,
ONC-0462,Week 2,2026-05-13,Completed,ABC-101 100 mg,Yes,,
ONC-0462,Week 4,2026-06-03,Completed,ABC-101 100 mg,Yes,,
ONC-0462,Week 8,2026-06-28,Completed,ABC-101 100 mg,Yes,,
ONC-0462,Week 12,2026-07-18,Completed,ABC-101 100 mg,Yes,,
ONC-0462,End of Study,2026-08-02,Completed,ABC-101 100 mg,Yes,,
ONC-0463,Screening,2026-06-07,Completed,ABC-101 100 mg,Yes,,
ONC-0463,Baseline,2026-06-08,Completed,ABC-101 100 mg,Yes,,
ONC-0463,Week 2,2026-06-20,Completed,ABC-101 100 mg,Yes,,
ONC-0463,Week 4,2026-07-02,Completed,ABC-101 100 mg,Yes,,
ONC-0463,Week 8,2026-08-04,Completed,ABC-101 100 mg,Yes,,
ONC-0463,Week 12,2026-09-02,Completed,ABC-101 100 mg,Yes,,
ONC-0463,End of Study,2026-09-04,Completed,ABC-101 100 mg,Yes,,
ONC-0464,Screening,2026-01-07,Completed,ABC-101 50 mg,Yes,,
ONC-0464,Baseline,2026-01-08,Completed,ABC-101 50 mg,Yes,,
ONC-0464,Week 2,2026-01-22,Completed,ABC-101 50 mg,Yes,,
ONC-0464,Week 4,2026-02-09,Completed,ABC-101 50 mg,Yes,,
ONC-0464,Week 8,2026-03-10,Completed,ABC-101 50 mg,Yes,,
ONC-0464,Week 12,2026-04-06,Completed,ABC-101 50 mg,Yes,,
ONC-0464,End of Study,2026-04-07,Completed,ABC-101 50 mg,Yes,,
ONC-0465,Screening,2026-04-15,Completed,ABC-101 50 mg,Yes,,
ONC-0465,Baseline,2026-04-16,Completed,ABC-101 50 mg,Yes,,
ONC-0465,Week 2,2026-05-02,Completed,ABC-101 50 mg,Yes,,
ONC-0465,Week 4,2026-05-18,Completed,ABC-101 50 mg,Yes,,
ONC-0465,Week 8,2026-06-04,Completed,ABC-101 50 mg,Yes,,
ONC-0465,Week 12,2026-07-15,Missed,ABC-101 50 mg,No,Missed appointment,
ONC-0465,End of Study,2026-07-11,Completed,ABC-101 50 mg,Yes,,
ONC-0466,Screening,2026-03-07,Completed,ABC-101 100 mg,Yes,,
ONC-0466,Baseline,2026-03-08,Completed,ABC-101 100 mg,Yes,,
ONC-0466,Week 2,2026-03-24,Completed,ABC-101 100 mg,Yes,,
ONC-0466,Week 4,2026-04-09,Completed,ABC-101 100 mg,Yes,,
ONC-0466,Week 8,2026-05-01,Completed,ABC-101 100 mg,Yes,,
ONC-0466,Week 12,2026-05-31,Completed,ABC-101 100 mg,Yes,,
ONC-0466,End of Study,2026-06-10,Completed,ABC-101 100 mg,Yes,,
ONC-0467,Screening,2026-02-25,Completed,ABC-101 50 mg,Yes,,
ONC-0468,Screening,2026-04-22,Completed,ABC-101 100 mg,Yes,,
ONC-0468,Baseline,2026-04-23,Completed,ABC-101 100 mg,Yes,,
ONC-0468,Week 2,2026-05-08,Completed,ABC-101 100 mg,Yes,,
ONC-0468,Week 4,2026-05-20,Completed,ABC-101 100 mg,Yes,,
ONC-0468,Week 8,2026-06-21,Completed,ABC-101 100 mg,Yes,,
ONC-0468,Week 12,2026-07-16,Completed,ABC-101 100 mg,Yes,,
ONC-0468,End of Study,2026-07-24,Completed,ABC-101 100 mg,Yes,,
ONC-0469,Screening,2026-01-30,Completed,ABC-101 100 mg,Yes,,
ONC-0469,Baseline,2026-01-31,Completed,ABC-101 100 mg,Yes,,
ONC-0469,Week 2,2026-02-15,Completed,ABC-101 100 mg,Yes,,
ONC-0469,Week 4,2026-02-22,Completed,ABC-101 100 mg,Yes,,
ONC-0469,Week 8,2026-03-26,Completed,ABC-101 100 mg,Yes,,
ONC-0469,Week 12,2026-04-28,Completed,ABC-101 100 mg,Yes,,
ONC-0469,End of Study,2026-05-03,Missed,ABC-101 100 mg,No,Subject withdrew before visit,
ONC-0470,Screening,2026-06-12,Completed,ABC-101 100 mg,Yes,,
ONC-0470,Baseline,2026-06-13,Completed,ABC-101 100 mg,Yes,,
ONC-0470,Week 2,2026-06-23,Completed,ABC-101 100 mg,Yes,,
ONC-0470,Week 4,2026-07-11,Completed,ABC-101 100 mg,Yes,,
ONC-0470,Week 8,2026-08-08,Completed,ABC-101 100 mg,Yes,,
ONC-0470,Week 12,2026-09-08,Completed,ABC-101 100 mg,Yes,,
ONC-0470,End of Study,2026-09-12,Completed,ABC-101 100 mg,Yes,,
ONC-0471,Screening,2026-05-23,Completed,ABC-101 50 mg,Yes,,
ONC-0471,Baseline,2026-05-24,Completed,ABC-101 50 mg,Yes,,
ONC-0471,Week 2,2026-06-07,Completed,ABC-101 50 mg,Yes,,
ONC-0471,Week 4,2026-06-16,Completed,ABC-101 50 mg,Yes,,
ONC-0471,Week 8,2026-07-19,Completed,ABC-101 50 mg,Yes,,
ONC-0471,Week 12,2026-08-15,Completed,ABC-101 50 mg,Yes,,
ONC-0471,End of Study,2026-08-17,Completed,ABC-101 50 mg,Yes,,
ONC-0472,Screening,2026-03-13,Completed,ABC-101 50 mg,Yes,,
ONC-0472,Baseline,2026-03-14,Completed,ABC-101 50 mg,Yes,,
ONC-0472,Week 2,2026-03-28,Completed,ABC-101 50 mg,Yes,,
ONC-0472,Week 4,2026-04-14,Completed,ABC-101 50 mg,Yes,,
ONC-0472,Week 8,2026-05-06,Completed,ABC-101 50 mg,Yes,,
ONC-0472,Week 12,2026-06-03,Completed,ABC-101 50 mg,Yes,,
ONC-0472,End of Study,2026-06-15,Completed,ABC-101 50 mg,Yes,,
ONC-0473,Screening,2026-03-14,Completed,ABC-101 100 mg,Yes,,
ONC-0473,Baseline,2026-03-15,Completed,ABC-101 100 mg,Yes,,
ONC-0473,Week 2,2026-03-25,Completed,ABC-101 100 mg,Yes,,
ONC-0473,Week 4,2026-04-15,Completed,ABC-101 100 mg,Yes,,
ONC-0473,Week 8,2026-05-06,Completed,ABC-101 100 mg,Yes,,
ONC-0473,Week 12,2026-06-05,Completed,ABC-101 100 mg,Yes,,
ONC-0473,End of Study,2026-06-14,Completed,ABC-101 100 mg,Yes,,
ONC-0474,Screening,2026-06-29,Completed,ABC-101 50 mg,Yes,,
ONC-0474,Baseline,2026-06-30,Completed,ABC-101 50 mg,Yes,,
ONC-0474,Week 2,2026-07-10,Completed,ABC-101 50 mg,Yes,,
ONC-0474,Week 4,2026-07-24,Completed,ABC-101 50 mg,Yes,,
ONC-0474,Week 8,2026-08-23,Completed,ABC-101 50 mg,Yes,,
ONC-0474,Week 12,2026-09-24,Completed,ABC-101 50 mg,Yes,,
ONC-0474,End of Study,2026-09-23,Completed,ABC-101 50 mg,Yes,,
ONC-0475,Screening,2026-05-28,Completed,ABC-101 50 mg,Yes,,
ONC-0475,Baseline,2026-05-29,Completed,ABC-101 50 mg,Yes,,
ONC-0475,Week 2,2026-06-12,Completed,ABC-101 50 mg,Yes,,
ONC-0475,Week 4,2026-06-22,Completed,ABC-101 50 mg,Yes,,
ONC-0475,Week 8,2026-07-23,Completed,ABC-101 50 mg,Yes,,
ONC-0475,Week 12,2026-08-24,Completed,ABC-101 50 mg,Yes,,
ONC-0475,End of Study,2026-08-27,Completed,ABC-101 50 mg,Yes,,
ONC-0476,Screening,2026-04-13,Completed,ABC-101 50 mg,Yes,,
ONC-0477,Screening,2026-04-15,Completed,Placebo,Yes,,
ONC-0477,Baseline,2026-04-16,Completed,Placebo,Yes,,
ONC-0477,Week 2,2026-05-01,Completed,Placebo,Yes,,
ONC-0477,Week 4,2026-05-14,Completed,Placebo,Yes,,
ONC-0477,Week 8,2026-06-07,Completed,Placebo,Yes,,
ONC-0477,Week 12,2026-07-07,Completed,Placebo,Yes,,
ONC-0477,End of Study,2026-07-21,Completed,Placebo,Yes,,
ONC-0478,Screening,2026-03-15,Completed,ABC-101 100 mg,Yes,,
ONC-0478,Baseline,2026-03-16,Completed,ABC-101 100 mg,Yes,,
ONC-0478,Week 2,2026-03-29,Completed,ABC-101 100 mg,Yes,,
ONC-0478,Week 4,2026-04-16,Completed,ABC-101 100 mg,Yes,,
ONC-0478,Week 8,2026-05-10,Completed,ABC-101 100 mg,Yes,,
ONC-0478,Week 12,2026-06-05,Completed,ABC-101 100 mg,Yes,,
ONC-0478,End of Study,2026-06-12,Completed,ABC-101 100 mg,Yes,,
ONC-0479,Screening,2026-05-21,Completed,ABC-101 50 mg,Yes,,
ONC-0479,Baseline,2026-05-22,Completed,ABC-101 50 mg,Yes,,
ONC-0479,Week 2,2026-06-01,Missed,ABC-101 50 mg,No,Scheduling conflict,
ONC-0479,Week 4,2026-06-20,Completed,ABC-101 50 mg,Yes,,
ONC-0479,Week 8,2026-07-23,Completed,ABC-101 50 mg,Yes,,
ONC-0479,Week 12,2026-08-08,Completed,ABC-101 50 mg,Yes,,
ONC-0479,End of Study,2026-08-24,Completed,ABC-101 50 mg,Yes,,
ONC-0480,Screening,2026-03-24,Completed,Placebo,Yes,,
ONC-0480,Baseline,2026-03-25,Completed,Placebo,Yes,,
ONC-0480,Week 2,2026-04-04,Completed,Placebo,Yes,,
ONC-0480,Week 4,2026-04-16,Completed,Placebo,Yes,,
ONC-0480,Week 8,2026-05-24,Completed,Placebo,Yes,,
ONC-0480,Week 12,2026-06-14,Completed,Placebo,Yes,,
ONC-0480,End of Study,2026-06-20,Completed,Placebo,Yes,,
ONC-0481,Screening,2026-06-28,Completed,ABC-101 100 mg,Yes,,
ONC-0481,Baseline,2026-06-29,Completed,ABC-101 100 mg,Yes,,
ONC-0481,Week 2,2026-07-12,Completed,ABC-101 100 mg,Yes,,
ONC-0481,Week 4,2026-07-31,Completed,ABC-101 100 mg,Yes,,
ONC-0481,Week 8,2026-08-27,Completed,ABC-101 100 mg,Yes,,
ONC-0481,Week 12,2026-09-26,Completed,ABC-101 100 mg,Yes,,
ONC-0481,End of Study,2026-09-24,Completed,ABC-101 100 mg,Yes,,
ONC-0482,Screening,2026-06-09,Completed,Placebo,Yes,,
ONC-0482,Baseline,2026-06-10,Completed,Placebo,Yes,,
ONC-0482,Week 2,2026-06-20,Completed,Placebo,Yes,,
ONC-0482,Week 4,2026-07-11,Completed,Placebo,Yes,,
ONC-0482,Week 8,2026-08-08,Completed,Placebo,Yes,,
ONC-0482,Week 12,2026-08-26,Completed,Placebo,Yes,,
ONC-0482,End of Study,2026-09-13,Completed,Placebo,Yes,,
ONC-0483,Screening,2026-03-21,Completed,Placebo,Yes,,
ONC-0483,Baseline,2026-03-22,Completed,Placebo,Yes,,
ONC-0483,Week 2,2026-04-05,Completed,Placebo,Yes,,
ONC-0483,Week 4,2026-04-19,Completed,Placebo,Yes,,
ONC-0483,Week 8,2026-05-21,Completed,Placebo,Yes,,
ONC-0483,Week 12,2026-06-07,Completed,Placebo,Yes,,
ONC-0483,End of Study,2026-06-24,Completed,Placebo,Yes,,
ONC-0484,Screening,2026-02-07,Completed,ABC-101 100 mg,Yes,,
ONC-0484,Baseline,2026-02-08,Completed,ABC-101 100 mg,Yes,,
ONC-0484,Week 2,2026-02-20,Completed,ABC-101 100 mg,Yes,,
ONC-0484,Week 4,2026-03-11,Completed,ABC-101 100 mg,Yes,,
ONC-0484,Week 8,2026-04-05,Completed,ABC-101 100 mg,Yes,,
ONC-0484,Week 12,2026-05-06,Missed,ABC-101 100 mg,No,Scheduling conflict,
ONC-0484,End of Study,2026-05-09,Completed,ABC-101 100 mg,Yes,,
ONC-0485,Screening,2026-03-02,Completed,Placebo,Yes,,
ONC-0485,Baseline,2026-03-03,Completed,Placebo,Yes,,
ONC-0485,Week 2,2026-03-17,Completed,Placebo,Yes,,
ONC-0485,Week 4,2026-04-01,Completed,Placebo,Yes,,
ONC-0485,Week 8,2026-04-24,Completed,Placebo,Yes,,
ONC-0485,Week 12,2026-05-23,Completed,Placebo,Yes,,
ONC-0485,End of Study,2026-05-24,Completed,Placebo,Yes,,
ONC-0486,Screening,2026-02-01,Completed,ABC-101 100 mg,Yes,,
ONC-0486,Baseline,2026-02-02,Completed,ABC-101 100 mg,Yes,,
ONC-0486,Week 2,2026-02-13,Completed,ABC-101 100 mg,Yes,,
ONC-0486,Week 4,2026-03-01,Completed,ABC-101 100 mg,Yes,,
ONC-0486,Week 8,2026-03-31,Completed,ABC-101 100 mg,Yes,,
ONC-0486,Week 12,2026-04-25,Completed,ABC-101 100 mg,Yes,,
ONC-0486,End of Study,2026-05-02,Completed,ABC-101 100 mg,Yes,,
ONC-0487,Screening,2026-03-15,Completed,ABC-101 50 mg,Yes,,
ONC-0487,Baseline,2026-03-16,Completed,ABC-101 50 mg,Yes,,
ONC-0487,Week 2,2026-03-26,Completed,ABC-101 50 mg,Yes,,
ONC-0487,Week 4,2026-04-09,Missed,ABC-101 50 mg,No,Subject withdrew before visit,
ONC-0487,Week 8,2026-05-04,Completed,ABC-101 50 mg,Yes,,
ONC-0487,Week 12,2026-06-13,Completed,ABC-101 50 mg,Yes,,
ONC-0487,End of Study,2026-06-19,Completed,ABC-101 50 mg,Yes,,
ONC-0488,Screening,2026-05-26,Completed,ABC-101 100 mg,Yes,,
ONC-0488,Baseline,2026-05-27,Completed,ABC-101 100 mg,Yes,,
ONC-0488,Week 2,2026-06-06,Completed,ABC-101 100 mg,Yes,,
ONC-0488,Week 4,2026-06-25,Completed,ABC-101 100 mg,Yes,,
ONC-0488,Week 8,2026-07-19,Completed,ABC-101 100 mg,Yes,,
ONC-0488,Week 12,2026-08-11,Completed,ABC-101 100 mg,Yes,,
ONC-0488,End of Study,2026-08-20,Completed,ABC-101 100 mg,Yes,,
ONC-0489,Screening,2026-03-23,Completed,Placebo,Yes,,
ONC-0489,Baseline,2026-03-24,Completed,Placebo,Yes,,
ONC-0489,Week 2,2026-04-04,Missed,Placebo,No,Missed appointment,
ONC-0489,Week 4,2026-04-22,Completed,Placebo,Yes,,
ONC-0489,Week 8,2026-05-23,Completed,Placebo,Yes,,
ONC-0489,Week 12,2026-06-13,Completed,Placebo,Yes,,
ONC-0489,End of Study,2026-06-17,Completed,Placebo,Yes,,
ONC-0490,Screening,2026-03-03,Completed,ABC-101 100 mg,Yes,,
ONC-0490,Baseline,2026-03-04,Completed,ABC-101 100 mg,Yes,,
ONC-0490,Week 2,2026-03-20,Completed,ABC-101 100 mg,Yes,,
ONC-0490,Week 4,2026-03-26,Completed,ABC-101 100 mg,Yes,,
ONC-0490,Week 8,2026-04-26,Completed,ABC-101 100 mg,Yes,,
ONC-0490,Week 12,2026-05-21,Missed,ABC-101 100 mg,No,Scheduling conflict,
ONC-0490,End of Study,2026-05-27,Completed,ABC-101 100 mg,Yes,,
ONC-0491,Screening,2026-02-13,Completed,ABC-101 50 mg,Yes,,
ONC-0491,Baseline,2026-02-14,Completed,ABC-101 50 mg,Yes,,
ONC-0491,Week 2,2026-02-26,Completed,ABC-101 50 mg,Yes,,
ONC-0491,Week 4,2026-03-09,Completed,ABC-101 50 mg,Yes,,
ONC-0491,Week 8,2026-04-12,Completed,ABC-101 50 mg,Yes,,
ONC-0491,Week 12,2026-05-01,Completed,ABC-101 50 mg,Yes,,
ONC-0491,End of Study,2026-05-07,Missed,ABC-101 50 mg,No,Scheduling conflict,
ONC-0492,Screening,2026-01-22,Completed,ABC-101 50 mg,Yes,,
ONC-0492,Baseline,2026-01-23,Completed,ABC-101 50 mg,Yes,,
ONC-0492,Week 2,2026-02-08,Completed,ABC-101 50 mg,Yes,,
ONC-0492,Week 4,2026-02-22,Completed,ABC-101 50 mg,Yes,,
ONC-0492,Week 8,2026-03-20,Completed,ABC-101 50 mg,Yes,,
ONC-0492,Week 12,2026-04-21,Completed,ABC-101 50 mg,Yes,,
ONC-0492,End of Study,2026-04-21,Completed,ABC-101 50 mg,Yes,,
ONC-0493,Screening,2026-04-26,Completed,ABC-101 50 mg,Yes,,
ONC-0493,Baseline,2026-04-27,Completed,ABC-101 50 mg,Yes,,
ONC-0493,Week 2,2026-05-09,Completed,ABC-101 50 mg,Yes,,
ONC-0493,Week 4,2026-05-21,Completed,ABC-101 50 mg,Yes,,
ONC-0493,Week 8,2026-06-19,Completed,ABC-101 50 mg,Yes,,
ONC-0493,Week 12,2026-07-14,Completed,ABC-101 50 mg,Yes,,
ONC-0493,End of Study,2026-07-29,Completed,ABC-101 50 mg,Yes,,
ONC-0494,Screening,2026-06-21,Completed,ABC-101 100 mg,Yes,,
ONC-0494,Baseline,2026-06-22,Completed,ABC-101 100 mg,Yes,,
ONC-0494,Week 2,2026-07-06,Completed,ABC-101 100 mg,Yes,,
ONC-0494,Week 4,2026-07-15,Completed,ABC-101 100 mg,Yes,,
ONC-0494,Week 8,2026-08-12,Completed,ABC-101 100 mg,Yes,,
ONC-0494,Week 12,2026-09-06,Completed,ABC-101 100 mg,Yes,,
ONC-0494,End of Study,2026-09-26,Completed,ABC-101 100 mg,Yes,,
ONC-0495,Screening,2026-03-30,Completed,ABC-101 100 mg,Yes,,
ONC-0495,Baseline,2026-03-31,Completed,ABC-101 100 mg,Yes,,
ONC-0495,Week 2,2026-04-14,Completed,ABC-101 100 mg,Yes,,
ONC-0495,Week 4,2026-05-02,Completed,ABC-101 100 mg,Yes,,
ONC-0495,Week 8,2026-05-31,Completed,ABC-101 100 mg,Yes,,
ONC-0495,Week 12,2026-06-24,Completed,ABC-101 100 mg,Yes,,
ONC-0495,End of Study,2026-06-27,Missed,ABC-101 100 mg,No,Scheduling conflict,
ONC-0496,Screening,2026-01-21,Completed,ABC-101 50 mg,Yes,,
ONC-0496,Baseline,2026-01-22,Completed,ABC-101 50 mg,Yes,,
ONC-0496,Week 2,2026-02-02,Completed,ABC-101 50 mg,Yes,,
ONC-0496,Week 4,2026-02-18,Completed,ABC-101 50 mg,Yes,,
ONC-0496,Week 8,2026-03-15,Completed,ABC-101 50 mg,Yes,,
ONC-0496,Week 12,2026-04-11,Completed,ABC-101 50 mg,Yes,,
ONC-0496,End of Study,2026-04-18,Completed,ABC-101 50 mg,Yes,,
ONC-0497,Screening,2026-02-24,Completed,ABC-101 50 mg,Yes,,
ONC-0497,Baseline,2026-02-25,Completed,ABC-101 50 mg,Yes,,
ONC-0497,Week 2,2026-03-13,Completed,ABC-101 50 mg,Yes,,
ONC-0497,Week 4,2026-03-21,Completed,ABC-101 50 mg,Yes,,
ONC-0497,Week 8,2026-04-22,Completed,ABC-101 50 mg,Yes,,
ONC-0497,Week 12,2026-05-25,Completed,ABC-101 50 mg,Yes,,
ONC-0497,End of Study,2026-05-28,Completed,ABC-101 50 mg,Yes,,
ONC-0498,Screening,2026-02-10,Completed,Placebo,Yes,,
ONC-0498,Baseline,2026-02-11,Completed,Placebo,Yes,,
ONC-0498,Week 2,2026-02-24,Completed,Placebo,Yes,,
ONC-0498,Week 4,2026-03-14,Completed,Placebo,Yes,,
ONC-0498,Week 8,2026-04-10,Completed,Placebo,Yes,,
ONC-0498,Week 12,2026-05-07,Completed,Placebo,Yes,,
ONC-0498,End of Study,2026-05-14,Completed,Placebo,Yes,,
ONC-0499,Screening,2026-05-30,Completed,ABC-101 100 mg,Yes,,
ONC-0499,Baseline,2026-05-31,Completed,ABC-101 100 mg,Yes,,
ONC-0499,Week 2,2026-06-10,Completed,ABC-101 100 mg,Yes,,
ONC-0499,Week 4,2026-06-22,Completed,ABC-101 100 mg,Yes,,
ONC-0499,Week 8,2026-07-31,Completed,ABC-101 100 mg,Yes,,
ONC-0499,Week 12,2026-08-23,Completed,ABC-101 100 mg,Yes,,
ONC-0499,End of Study,2026-08-25,Completed,ABC-101 100 mg,Yes,,
ONC-0500,Screening,2026-02-25,Completed,ABC-101 50 mg,Yes,,
ONC-0500,Baseline,2026-02-26,Completed,ABC-101 50 mg,Yes,,
ONC-0500,Week 2,2026-03-10,Completed,ABC-101 50 mg,Yes,,
ONC-0500,Week 4,2026-03-27,Completed,ABC-101 50 mg,Yes,,
ONC-0500,Week 8,2026-04-22,Completed,ABC-101 50 mg,Yes,,
ONC-0500,Week 12,2026-05-26,Completed,ABC-101 50 mg,Yes,,
ONC-0500,End of Study,2026-06-02,Completed,ABC-101 50 mg,Yes,,
