subject_id,visit_name,visit_date,systolic_bp,diastolic_bp,heart_rate,respiratory_rate,temperature_c,weight_kg,comments
ONC-0001,Screening,2026-03-23,113,94,87,16,37.1,77.2,
ONC-0001,Baseline,2026-03-24,111,93,75,14,36.8,81.0,
ONC-0001,Week 2,2026-04-06,136,68,93,14,37.0,78.7,
ONC-0001,Week 4,2026-04-18,121,90,66,17,37.4,79.5,
ONC-0001,Week 8,2026-05-20,111,81,65,20,36.6,76.9,
ONC-0001,Week 12,2026-06-11,125,75,77,19,36.2,80.9,
ONC-0001,End of Study,2026-06-25,128,73,91,15,37.0,79.4,
ONC-0002,Screening,2026-05-31,126,87,68,17,36.8,79.8,
ONC-0002,Baseline,2026-06-01,112,91,89,17,36.3,83.5,
ONC-0002,Week 2,2026-06-16,107,69,55,16,36.8,79.8,
ONC-0002,Week 4,2026-07-01,300,86,78,12,36.8,82.8,
ONC-0002,Week 8,2026-07-20,129,82,82,16,36.2,81.3,
ONC-0002,Week 12,2026-08-29,149,65,65,16,36.2,82.2,
ONC-0002,End of Study,2026-08-24,130,92,79,13,37.2,81.1,
ONC-0003,Screening,2026-02-23,135,78,77,14,36.7,84.7,
ONC-0003,Baseline,2026-02-24,125,71,66,13,37.3,88.9,
ONC-0003,Week 2,2026-03-06,105,83,95,19,36.9,88.0,
ONC-0003,Week 4,2026-03-25,125,77,78,14,36.9,88.3,
ONC-0003,Week 8,2026-04-18,132,69,68,17,37.2,84.9,
ONC-0003,Week 12,2026-05-13,126,88,86,18,36.3,84.2,
ONC-0003,End of Study,2026-05-23,134,90,82,16,36.5,85.0,
ONC-0004,Screening,2026-05-23,118,71,72,17,37.0,92.7,
ONC-0004,Baseline,2026-05-24,113,68,84,18,36.6,88.6,
ONC-0004,Week 2,2026-06-09,122,70,72,16,36.5,88.2,
ONC-0004,Week 8,2026-07-22,111,74,79,13,36.7,92.0,
ONC-0004,Week 12,2026-08-22,144,78,84,15,36.4,91.1,
ONC-0004,End of Study,2026-08-17,136,70,95,13,37.3,88.5,
ONC-0005,Screening,2026-04-04,125,89,56,12,36.6,55.6,
ONC-0005,Baseline,2026-04-05,131,80,75,20,36.4,56.8,
ONC-0005,Week 2,2026-04-16,112,81,81,13,37.0,57.0,
ONC-0005,Week 8,2026-05-29,118,91,87,20,36.5,57.7,
ONC-0005,Week 12,2026-06-20,121,74,71,15,36.3,59.2,
ONC-0005,End of Study,2026-07-08,106,71,57,15,36.8,55.7,
ONC-0006,Screening,2026-05-06,114,78,86,17,36.3,105.0,
ONC-0006,Baseline,2026-05-07,142,84,64,15,36.2,104.1,
ONC-0006,Week 2,2026-05-18,145,79,93,19,36.6,104.3,
ONC-0006,Week 4,2026-06-04,107,71,55,18,37.4,106.6,
ONC-0006,Week 8,2026-06-24,147,77,57,16,37.1,106.7,
ONC-0006,Week 12,2026-08-02,106,82,56,20,37.0,105.7,
ONC-0006,End of Study,2026-08-02,135,93,79,13,36.3,106.7,
ONC-0007,Screening,2026-01-13,112,89,86,13,37.1,59.1,
ONC-0007,Baseline,2026-01-14,130,74,90,13,36.7,58.1,
ONC-0007,Week 2,2026-01-24,138,70,58,17,36.3,62.2,
ONC-0007,Week 8,2026-03-14,113,69,70,14,36.9,62.3,
ONC-0007,Week 12,2026-04-05,139,80,73,18,36.8,62.6,
ONC-0007,End of Study,2026-04-18,114,93,61,18,36.2,57.9,
ONC-0008,Screening,2026-06-10,105,95,61,20,36.3,75.1,
ONC-0008,Baseline,2026-06-11,111,69,67,13,37.2,80.8,
ONC-0008,Week 2,2026-06-27,133,81,91,15,36.6,77.7,
ONC-0008,Week 4,2026-07-12,134,83,63,15,36.9,79.8,
ONC-0008,Week 8,2026-08-03,112,79,84,17,37.3,75.8,
ONC-0008,Week 12,2026-08-30,120,87,64,20,36.4,76.1,
ONC-0008,End of Study,2026-09-12,150,93,62,14,37.3,77.4,
ONC-0009,Screening,2026-06-28,126,67,70,12,37.2,60.3,
ONC-0010,Screening,2026-04-03,132,72,62,14,36.2,87.8,
ONC-0010,Baseline,2026-04-04,108,87,66,20,36.4,83.3,
ONC-0010,Week 2,2026-04-20,112,90,59,19,36.3,86.2,
ONC-0010,Week 4,2026-05-02,113,82,65,18,36.7,83.7,
ONC-0010,Week 8,2026-05-25,108,65,59,14,37.3,84.6,
ONC-0010,Week 12,2026-06-26,136,67,58,19,36.4,85.0,
ONC-0010,End of Study,2026-07-01,123,79,63,12,36.1,85.5,
ONC-0011,Screening,2026-03-16,118,65,69,16,36.7,115.7,
ONC-0011,Baseline,2026-03-17,138,69,71,17,37.0,116.7,
ONC-0011,Week 2,2026-03-27,147,76,76,15,36.2,115.1,
ONC-0011,Week 4,2026-04-09,119,94,94,12,36.4,115.7,
ONC-0011,Week 8,2026-05-17,110,82,56,17,36.6,119.0,
ONC-0011,Week 12,2026-06-15,109,76,80,19,37.1,118.6,
ONC-0011,End of Study,2026-06-20,116,76,63,18,37.3,114.8,
ONC-0012,Screening,2026-04-19,117,84,79,20,36.5,101.4,
ONC-0012,Baseline,2026-04-20,145,84,79,20,36.7,100.7,
ONC-0012,Week 2,2026-05-06,140,83,60,19,37.2,100.3,
ONC-0012,Week 4,2026-05-19,106,75,83,16,37.1,100.2,
ONC-0012,Week 8,2026-06-19,137,74,83,18,36.6,101.4,
ONC-0012,Week 12,2026-07-19,131,74,71,17,36.8,101.0,
ONC-0012,End of Study,2026-07-15,114,95,94,13,36.3,100.7,
ONC-0013,Screening,2026-01-24,122,87,81,14,36.6,90.7,
ONC-0014,Screening,2026-02-09,137,73,78,16,37.4,90.1,
ONC-0014,Baseline,2026-02-10,135,72,89,13,37.1,85.9,
ONC-0014,Week 2,2026-02-25,112,72,84,15,36.2,89.0,
ONC-0014,Week 4,2026-03-10,136,94,69,15,36.2,88.8,
ONC-0014,Week 8,2026-04-11,147,85,79,13,36.1,90.7,
ONC-0014,Week 12,2026-04-30,112,89,61,18,36.6,90.7,
ONC-0014,End of Study,2026-05-10,143,87,63,12,37.0,85.9,
ONC-0015,Screening,2026-06-27,147,69,91,20,36.3,103.8,
ONC-0015,Baseline,2026-06-28,133,80,62,12,36.2,103.2,
ONC-0015,Week 2,2026-07-14,148,90,56,13,37.0,102.2,
ONC-0015,Week 4,2026-07-27,148,85,81,19,36.6,106.7,
ONC-0015,Week 8,2026-08-17,117,89,78,19,37.2,107.5,
ONC-0015,Week 12,2026-09-18,139,92,73,13,36.6,103.6,
ONC-0015,End of Study,2026-09-28,131,65,60,14,36.5,105.6,
ONC-0016,Screening,2026-04-10,148,88,84,15,36.1,76.1,
ONC-0016,Baseline,2026-04-11,142,83,86,19,37.3,78.3,
ONC-0016,Week 2,2026-04-21,139,73,92,18,37.2,75.5,
ONC-0016,Week 4,2026-05-12,123,84,84,16,36.5,76.5,
ONC-0016,Week 8,2026-05-29,105,82,91,15,36.4,76.3,
ONC-0016,Week 12,2026-06-26,115,87,69,12,36.9,79.9,
ONC-0016,End of Study,2026-07-13,135,67,60,19,36.3,78.4,
ONC-0017,Screening,2026-06-15,129,67,88,13,36.7,72.8,
ONC-0017,Baseline,2026-06-16,137,71,94,18,37.3,74.9,
ONC-0017,Week 2,2026-06-26,120,90,62,18,36.6,74.5,
ONC-0017,Week 4,2026-07-08,123,94,79,13,36.6,71.7,
ONC-0017,Week 8,2026-08-17,128,84,75,16,36.6,71.3,
ONC-0017,Week 12,2026-09-09,125,80,80,17,37.0,70.7,
ONC-0017,End of Study,2026-09-11,148,93,66,14,36.9,75.3,
ONC-0018,Screening,2026-05-27,110,89,87,18,37.0,90.5,
ONC-0018,Baseline,2026-05-28,138,76,65,14,36.7,90.9,
ONC-0018,Week 2,2026-06-12,122,86,59,19,36.8,90.1,
ONC-0018,Week 4,2026-06-22,133,66,70,19,36.6,90.2,
ONC-0018,Week 8,2026-07-16,140,92,69,17,36.3,91.9,
ONC-0018,Week 12,2026-08-21,119,94,82,16,37.1,93.4,
ONC-0018,End of Study,2026-08-21,134,70,91,16,36.8,90.0,
ONC-0019,Screening,2026-04-13,114,70,77,15,36.2,108.3,
ONC-0019,Baseline,2026-04-14,106,77,83,14,36.3,107.6,
ONC-0019,Week 2,2026-04-26,126,72,86,16,36.7,107.2,
ONC-0019,Week 4,2026-05-12,113,68,91,19,36.6,107.4,
ONC-0019,Week 8,2026-06-13,149,83,62,18,37.0,109.4,
ONC-0019,End of Study,2026-07-13,122,86,81,12,37.0,106.7,
ONC-0020,Screening,2026-05-04,131,84,88,12,37.1,109.0,
ONC-0020,Baseline,2026-05-05,110,82,62,17,36.3,112.2,
ONC-0020,Week 2,2026-05-21,109,68,85,19,36.4,114.3,
ONC-0020,Week 4,2026-05-29,110,68,90,14,36.3,112.0,
ONC-0020,Week 8,2026-07-06,120,76,60,15,36.2,112.4,
ONC-0020,Week 12,2026-08-02,118,89,88,16,36.9,112.8,
ONC-0020,End of Study,2026-07-28,107,94,78,14,36.9,114.8,
ONC-0021,Screening,2026-04-10,125,66,94,14,36.8,65.3,
ONC-0021,Baseline,2026-04-11,139,66,65,19,36.9,61.9,
ONC-0021,Week 4,2026-05-05,148,87,79,18,36.6,61.9,
ONC-0021,Week 8,2026-05-30,110,79,62,14,37.0,63.4,
ONC-0021,Week 12,2026-07-05,146,94,77,13,37.1,64.3,
ONC-0021,End of Study,2026-07-14,110,72,73,14,36.7,60.6,
ONC-0022,Screening,2026-04-17,119,89,71,18,36.7,87.8,
ONC-0022,Baseline,2026-04-18,117,73,81,12,36.7,87.4,
ONC-0022,Week 2,2026-04-30,146,75,94,19,36.9,89.1,
ONC-0022,Week 4,2026-05-13,132,94,60,20,37.0,89.4,
ONC-0022,Week 8,2026-06-16,146,95,77,15,36.4,89.4,
ONC-0022,End of Study,2026-07-13,128,76,80,18,36.2,86.1,
ONC-0023,Screening,2026-02-24,111,78,56,18,37.0,103.5,
ONC-0023,Baseline,2026-02-25,128,77,94,14,36.1,102.3,
ONC-0023,Week 2,2026-03-08,115,75,68,20,36.8,105.5,
ONC-0023,Week 4,2026-03-24,125,74,71,18,36.7,104.8,
ONC-0023,Week 8,2026-04-28,133,67,56,19,36.2,103.2,
ONC-0023,Week 12,2026-05-24,144,75,77,12,37.2,105.7,
ONC-0023,End of Study,2026-05-25,150,92,75,14,36.3,105.2,
ONC-0024,Screening,2026-04-01,117,65,68,12,36.9,86.9,
ONC-0024,Baseline,2026-04-02,129,78,84,13,37.2,90.7,
ONC-0024,Week 2,2026-04-14,114,69,60,14,36.9,88.3,
ONC-0024,Week 4,2026-05-03,110,95,86,20,36.7,86.0,
ONC-0024,Week 8,2026-06-01,140,71,56,12,36.8,86.2,
ONC-0024,Week 12,2026-06-24,122,65,84,16,37.0,91.6,
ONC-0024,End of Study,2026-06-24,133,76,80,16,36.3,87.3,
ONC-0025,Screening,2026-03-17,105,88,86,15,36.9,78.9,
ONC-0025,Baseline,2026-03-18,146,93,95,14,36.5,81.5,
ONC-0025,Week 2,2026-03-30,116,85,94,16,36.3,78.1,
ONC-0025,Week 4,2026-04-17,120,81,92,19,37.2,79.2,
ONC-0025,Week 8,2026-05-08,143,74,72,13,36.2,78.0,
ONC-0025,Week 12,2026-06-11,112,80,92,12,37.1,83.4,
ONC-0025,End of Study,2026-06-20,125,94,63,12,37.2,82.7,
ONC-0026,Screening,2026-02-17,142,75,86,15,36.8,72.3,
ONC-0026,Baseline,2026-02-18,133,65,67,17,37.0,71.0,
ONC-0026,Week 2,2026-03-03,131,94,95,19,36.2,70.7,
ONC-0026,Week 4,2026-03-19,105,75,82,17,37.3,72.0,
ONC-0026,Week 8,2026-04-08,127,85,56,15,37.2,70.1,
ONC-0026,Week 12,2026-05-08,111,69,80,13,36.5,69.6,
ONC-0026,End of Study,2026-05-11,139,69,67,16,37.4,71.9,
ONC-0027,Screening,2026-01-17,147,66,72,14,37.2,68.7,
ONC-0027,Baseline,2026-01-18,128,95,81,16,37.2,68.7,
ONC-0027,Week 2,2026-02-03,127,66,79,14,36.1,67.3,
ONC-0027,Week 4,2026-02-18,111,73,93,13,36.9,65.4,
ONC-0027,Week 8,2026-03-07,129,88,77,16,36.7,67.9,
ONC-0027,Week 12,2026-04-09,117,73,74,17,37.1,65.4,
ONC-0027,End of Study,2026-04-22,141,80,92,20,36.3,64.4,
ONC-0028,Screening,2026-05-28,138,77,81,13,36.6,93.5,
ONC-0028,Baseline,2026-05-29,120,73,75,18,37.1,92.6,
ONC-0028,Week 2,2026-06-10,133,69,57,13,36.3,93.3,
ONC-0028,Week 4,2026-06-23,147,91,67,15,37.3,93.0,
ONC-0028,Week 8,2026-07-30,114,77,77,13,36.2,92.6,
ONC-0028,Week 12,2026-08-14,135,65,59,16,37.2,93.6,
ONC-0028,End of Study,2026-08-26,143,75,95,19,36.4,93.5,
ONC-0029,Screening,2026-06-02,147,89,73,18,36.1,100.4,
ONC-0029,Baseline,2026-06-03,120,71,69,19,36.7,97.9,
ONC-0029,Week 2,2026-06-17,109,80,85,14,36.9,99.2,
ONC-0029,Week 4,2026-06-27,110,94,87,14,36.9,97.0,
ONC-0029,Week 8,2026-07-31,144,95,80,20,36.1,96.7,
ONC-0029,Week 12,2026-08-23,127,89,80,18,37.2,97.3,
ONC-0029,End of Study,2026-09-03,141,67,81,13,36.7,96.0,
ONC-0030,Screening,2026-01-15,115,77,88,12,37.2,101.1,
ONC-0030,Baseline,2026-01-16,105,95,77,13,36.5,98.6,
ONC-0030,Week 2,2026-02-01,123,87,62,18,36.8,103.2,
ONC-0030,Week 4,2026-02-11,139,93,59,17,37.3,101.9,
ONC-0030,Week 8,2026-03-12,107,92,63,20,36.7,98.6,
ONC-0030,Week 12,2026-04-15,106,84,84,12,37.1,103.3,
ONC-0030,End of Study,2026-04-16,120,75,63,14,37.3,99.2,
ONC-0031,Screening,2026-03-23,143,75,87,12,37.3,121.0,
ONC-0031,Baseline,2026-03-24,124,68,72,15,37.1,121.5,
ONC-0031,Week 2,2026-04-05,132,90,60,20,36.2,122.6,
ONC-0031,Week 4,2026-04-17,142,90,65,16,36.5,122.6,
ONC-0031,Week 8,2026-05-24,134,81,60,17,36.7,119.0,
ONC-0031,Week 12,2026-06-18,122,88,57,19,36.4,118.0,
ONC-0031,End of Study,2026-06-23,133,95,85,12,37.0,120.8,
ONC-0032,Screening,2026-01-10,128,90,59,16,36.7,76.2,
ONC-0032,Baseline,2026-01-11,109,95,82,18,37.4,76.4,
ONC-0032,Week 2,2026-01-23,111,84,89,20,36.3,75.8,
ONC-0032,Week 4,2026-02-10,145,88,80,15,36.8,74.1,
ONC-0032,Week 8,2026-03-07,143,72,90,17,36.7,75.2,
ONC-0032,Week 12,2026-03-28,148,67,77,12,36.5,75.2,
ONC-0032,End of Study,2026-04-08,128,75,57,17,36.4,76.0,
ONC-0033,Screening,2026-06-19,109,94,81,18,36.4,95.5,
ONC-0033,Baseline,2026-06-20,121,85,76,15,37.2,98.0,
ONC-0033,Week 2,2026-07-01,117,84,62,15,36.9,100.6,
ONC-0033,Week 4,2026-07-14,130,83,78,17,37.3,98.3,
ONC-0033,Week 8,2026-08-17,126,70,92,16,37.2,98.4,
ONC-0033,Week 12,2026-09-12,139,75,68,19,37.4,98.4,
ONC-0034,Screening,2026-02-28,146,82,66,13,36.2,60.1,
ONC-0034,Baseline,2026-03-01,110,84,57,17,36.9,57.9,
ONC-0034,Week 2,2026-03-16,128,89,81,17,36.9,60.3,
ONC-0034,Week 4,2026-03-25,118,75,58,18,36.3,59.0,
ONC-0034,Week 8,2026-04-18,105,92,70,20,37.1,56.7,
ONC-0034,Week 12,2026-05-24,107,70,61,13,36.8,61.7,
ONC-0034,End of Study,2026-05-22,115,73,73,14,36.9,61.1,
ONC-0035,Screening,2026-05-22,114,85,87,14,37.2,103.9,
ONC-0035,Baseline,2026-05-23,126,81,81,14,36.1,104.5,
ONC-0035,Week 2,2026-06-08,140,81,65,12,36.1,103.6,
ONC-0035,Week 4,2026-06-15,112,65,85,13,37.4,101.8,
ONC-0035,Week 8,2026-07-17,131,94,94,19,37.2,101.9,
ONC-0035,Week 12,2026-08-13,122,92,68,20,36.8,104.3,
ONC-0035,End of Study,2026-08-16,138,79,59,15,36.4,99.8,
ONC-0036,Screening,2026-06-10,108,78,62,13,37.1,112.7,
ONC-0036,Baseline,2026-06-11,129,88,62,16,36.2,116.9,
ONC-0036,Week 2,2026-06-23,132,76,58,20,36.4,112.6,
ONC-0036,Week 4,2026-07-03,107,68,91,13,37.4,116.6,
ONC-0036,Week 8,2026-08-11,143,84,70,12,36.8,115.4,
ONC-0036,Week 12,2026-08-30,127,76,63,19,36.4,116.3,
ONC-0036,End of Study,2026-09-05,111,75,77,18,36.6,113.0,
ONC-0037,Screening,2026-03-01,130,91,63,20,37.1,80.7,
ONC-0037,Baseline,2026-03-02,134,73,72,16,36.2,83.5,
ONC-0037,Week 2,2026-03-15,110,88,70,17,36.3,80.6,
ONC-0037,Week 4,2026-03-28,106,76,94,16,36.9,82.5,
ONC-0037,Week 8,2026-04-26,119,71,92,20,36.4,81.5,
ONC-0037,End of Study,2026-05-31,127,65,57,16,37.2,82.0,
ONC-0038,Screening,2026-03-21,129,93,55,18,36.2,118.6,
ONC-0038,Baseline,2026-03-22,111,65,72,15,36.8,114.5,
ONC-0038,Week 2,2026-04-02,128,87,73,12,36.2,118.1,
ONC-0038,Week 4,2026-04-13,145,94,59,15,37.4,117.5,
ONC-0038,Week 8,2026-05-21,112,71,84,13,36.4,118.1,
ONC-0038,Week 12,2026-06-18,111,94,80,16,36.1,118.8,
ONC-0038,End of Study,2026-06-17,140,76,63,14,37.0,116.3,
ONC-0039,Screening,2026-06-13,114,74,79,17,36.5,101.5,
ONC-0040,Screening,2026-05-17,129,69,86,13,36.4,79.5,
ONC-0040,Baseline,2026-05-18,123,71,69,12,37.1,75.3,
ONC-0040,Week 2,2026-06-02,144,87,94,16,36.9,79.5,
ONC-0040,Week 4,2026-06-12,107,92,86,16,37.0,76.8,
ONC-0040,Week 8,2026-07-18,112,79,81,19,36.7,76.8,
ONC-0040,Week 12,2026-08-13,132,86,88,12,36.7,73.8,
ONC-0040,End of Study,2026-08-11,110,68,63,20,36.9,76.2,
ONC-0041,Screening,2026-05-11,114,76,61,15,36.1,50.7,
ONC-0041,Baseline,2026-05-12,141,82,85,12,36.3,53.4,
ONC-0041,Week 2,2026-05-28,130,68,70,12,36.6,52.0,
ONC-0041,Week 4,2026-06-13,119,88,60,19,36.3,54.2,
ONC-0041,Week 8,2026-07-07,121,77,86,17,36.7,50.4,
ONC-0041,Week 12,2026-08-05,125,78,91,13,36.6,50.5,
ONC-0041,End of Study,2026-08-16,126,80,87,17,36.4,55.1,
ONC-0042,Screening,2026-02-11,150,65,62,14,36.4,62.5,
ONC-0042,Baseline,2026-02-12,110,65,84,12,36.4,62.0,
ONC-0042,Week 2,2026-02-27,108,93,84,15,36.5,63.9,
ONC-0042,Week 4,2026-03-11,137,82,65,17,37.0,65.8,
ONC-0042,Week 8,2026-04-13,141,81,86,19,36.7,62.3,
ONC-0042,Week 12,2026-05-08,134,75,62,20,37.2,63.0,
ONC-0042,End of Study,2026-05-12,148,77,57,20,36.5,64.9,
ONC-0043,Screening,2026-06-15,116,70,77,20,36.9,70.4,
ONC-0043,Baseline,2026-06-16,131,82,76,20,36.6,70.9,
ONC-0043,Week 2,2026-06-27,131,94,64,15,36.9,74.2,
ONC-0043,Week 4,2026-07-15,135,66,71,17,36.3,72.7,
ONC-0043,Week 8,2026-08-08,126,71,94,14,36.3,74.5,
ONC-0043,Week 12,2026-09-06,138,71,63,13,36.5,74.2,
ONC-0043,End of Study,2026-09-19,114,75,87,20,36.8,73.3,
ONC-0044,Screening,2026-05-12,124,71,63,16,37.3,73.2,
ONC-0044,Baseline,2026-05-13,113,71,72,20,36.8,71.8,
ONC-0044,Week 2,2026-05-26,140,92,87,20,36.7,70.5,
ONC-0044,Week 4,2026-06-14,146,81,82,13,36.8,68.3,
ONC-0044,Week 8,2026-07-06,108,74,92,18,37.2,72.6,
ONC-0044,Week 12,2026-07-29,137,86,64,15,36.3,72.4,
ONC-0044,End of Study,2026-08-11,108,80,68,20,36.5,69.7,
ONC-0045,Screening,2026-03-05,107,68,62,15,37.0,70.3,
ONC-0045,Baseline,2026-03-06,124,65,93,16,37.1,70.0,
ONC-0045,Week 2,2026-03-17,138,69,85,13,37.3,68.1,
ONC-0045,Week 4,2026-03-30,113,92,93,14,36.5,67.3,
ONC-0045,Week 8,2026-05-06,131,66,71,13,36.3,66.5,
ONC-0045,Week 12,2026-05-21,139,86,74,20,36.4,67.0,
ONC-0045,End of Study,2026-06-05,141,93,56,15,37.3,68.0,
ONC-0046,Screening,2026-05-02,111,89,70,12,37.0,79.4,
ONC-0046,Baseline,2026-05-03,136,71,94,15,36.8,81.1,
ONC-0046,Week 2,2026-05-16,142,95,80,13,36.7,79.0,
ONC-0046,Week 4,2026-05-29,146,65,65,15,36.6,84.8,
ONC-0046,Week 8,2026-06-27,106,86,68,20,36.9,79.6,
ONC-0046,Week 12,2026-07-25,119,94,71,19,37.2,79.2,
ONC-0046,End of Study,2026-08-01,105,72,72,12,37.3,84.1,
ONC-0047,Screening,2026-01-23,112,65,89,13,37.1,88.5,
ONC-0048,Screening,2026-04-14,117,91,56,20,37.4,105.8,
ONC-0048,Baseline,2026-04-15,120,85,57,18,36.7,101.9,
ONC-0048,Week 2,2026-04-28,142,77,88,19,36.8,100.9,
ONC-0048,Week 4,2026-05-11,134,70,55,13,36.3,100.4,
ONC-0048,Week 8,2026-06-13,106,93,61,14,37.2,104.9,
ONC-0048,Week 12,2026-07-09,106,95,92,19,36.2,101.8,
ONC-0048,End of Study,2026-07-19,135,74,90,15,36.8,101.3,
ONC-0049,Screening,2026-04-08,131,73,64,20,36.6,58.2,
ONC-0049,Baseline,2026-04-09,122,71,73,16,37.2,56.3,
ONC-0049,Week 2,2026-04-19,142,89,67,12,36.4,58.7,
ONC-0049,Week 4,2026-05-03,149,91,76,13,37.3,56.0,
ONC-0049,Week 8,2026-06-09,105,65,64,12,36.6,57.5,
ONC-0049,Week 12,2026-07-03,139,89,79,17,36.7,60.6,
ONC-0049,End of Study,2026-07-10,126,93,81,16,36.8,57.0,
ONC-0050,Screening,2026-03-09,116,72,63,14,37.0,90.9,
ONC-0050,Baseline,2026-03-10,147,82,75,12,36.7,88.1,
ONC-0050,Week 2,2026-03-24,117,69,85,13,36.5,90.9,
ONC-0050,Week 8,2026-04-27,132,94,90,18,37.1,86.4,
ONC-0050,Week 12,2026-05-27,107,83,93,17,37.4,90.6,
ONC-0050,End of Study,2026-06-10,106,82,63,17,36.2,89.3,
ONC-0051,Screening,2026-04-28,123,73,70,12,37.3,76.7,
ONC-0051,Baseline,2026-04-29,140,83,55,12,36.8,76.8,
ONC-0051,Week 2,2026-05-10,119,81,59,19,36.6,75.8,
ONC-0051,Week 4,2026-05-27,117,82,70,19,36.5,76.7,
ONC-0051,Week 8,2026-06-21,120,79,87,15,36.8,76.4,
ONC-0051,Week 12,2026-07-25,122,75,95,19,36.5,76.9,
ONC-0051,End of Study,2026-07-21,128,70,89,15,37.1,78.3,
ONC-0052,Screening,2026-06-23,116,71,59,20,37.3,55.6,
ONC-0052,Baseline,2026-06-24,119,68,66,17,36.2,51.6,
ONC-0052,Week 2,2026-07-06,147,81,90,16,36.7,53.6,
ONC-0052,Week 4,2026-07-26,118,77,64,17,36.1,55.3,
ONC-0052,Week 8,2026-08-23,145,82,84,15,36.6,53.8,
ONC-0052,Week 12,2026-09-10,106,76,85,13,36.3,53.2,
ONC-0052,End of Study,2026-09-22,146,70,89,20,36.4,57.1,
ONC-0053,Screening,2026-03-10,106,93,77,14,36.6,81.8,
ONC-0053,Baseline,2026-03-11,125,69,64,20,36.3,78.6,
ONC-0053,Week 2,2026-03-21,125,83,66,16,36.5,81.9,
ONC-0053,Week 4,2026-04-06,121,65,88,19,37.3,76.1,
ONC-0053,Week 8,2026-05-11,122,70,77,12,36.8,80.7,
ONC-0053,Week 12,2026-06-03,143,76,68,17,36.5,77.5,
ONC-0053,End of Study,2026-06-12,120,83,85,20,37.3,77.2,
ONC-0054,Screening,2026-03-28,106,82,88,18,36.7,113.0,
ONC-0054,Baseline,2026-03-29,121,67,65,15,37.1,115.7,
ONC-0054,Week 2,2026-04-08,146,81,78,16,36.3,116.9,
ONC-0054,Week 4,2026-04-20,138,67,71,17,36.1,114.7,
ONC-0054,Week 8,2026-05-16,134,66,90,17,36.9,114.9,
ONC-0054,Week 12,2026-06-20,147,85,70,16,36.3,115.8,
ONC-0054,End of Study,2026-07-01,123,75,68,13,37.2,114.1,
ONC-0055,Screening,2026-04-28,106,85,86,14,36.9,85.1,
ONC-0056,Screening,2026-03-26,108,76,85,19,36.6,76.9,
ONC-0056,Baseline,2026-03-27,150,66,90,15,36.4,77.6,
ONC-0056,Week 2,2026-04-06,109,86,61,17,36.8,79.4,
ONC-0056,Week 4,2026-04-21,143,67,69,15,36.9,78.4,
ONC-0056,Week 8,2026-05-15,119,82,78,16,37.1,81.7,
ONC-0056,Week 12,2026-06-14,137,86,95,12,37.4,81.7,
ONC-0056,End of Study,2026-06-26,139,75,59,14,36.3,80.8,
ONC-0057,Screening,2026-02-04,118,75,84,20,36.8,88.4,
ONC-0058,Screening,2026-06-18,143,76,77,16,36.8,84.1,
ONC-0058,Baseline,2026-06-19,117,65,89,19,36.1,82.2,
ONC-0058,Week 2,2026-07-03,117,70,63,18,37.0,84.3,
ONC-0058,Week 4,2026-07-14,114,86,83,15,36.7,83.0,
ONC-0058,Week 8,2026-08-19,129,87,72,12,36.1,83.4,
ONC-0058,Week 12,2026-09-13,116,66,76,13,36.6,81.4,
ONC-0058,End of Study,2026-09-22,106,92,63,19,36.7,86.6,
ONC-0059,Screening,2026-06-14,105,89,72,15,36.7,102.3,
ONC-0059,Baseline,2026-06-15,123,74,94,17,36.5,104.4,
ONC-0059,Week 2,2026-06-28,113,82,94,18,36.7,101.4,
ONC-0059,Week 4,2026-07-10,121,68,60,20,36.5,100.3,
ONC-0059,Week 8,2026-08-11,137,81,65,14,37.0,102.0,
ONC-0059,Week 12,2026-09-12,140,84,80,19,36.5,102.9,
ONC-0059,End of Study,2026-09-05,106,95,60,12,36.6,102.1,
ONC-0060,Screening,2026-04-13,110,91,57,13,37.4,98.3,
ONC-0060,Baseline,2026-04-14,115,75,69,13,36.8,99.0,
ONC-0060,Week 2,2026-04-29,116,86,65,14,37.2,103.0,
ONC-0060,Week 4,2026-05-15,127,90,65,16,36.7,102.5,
ONC-0060,Week 8,2026-06-09,128,66,88,18,36.8,100.6,
ONC-0060,Week 12,2026-07-12,123,86,62,17,37.3,103.4,
ONC-0060,End of Study,2026-07-11,110,90,69,13,37.2,101.6,
ONC-0061,Screening,2026-03-18,118,93,72,13,37.3,76.7,
ONC-0062,Screening,2026-03-07,122,65,89,17,36.8,119.8,
ONC-0062,Baseline,2026-03-08,125,82,76,15,36.1,120.0,
ONC-0062,Week 2,2026-03-24,107,92,86,17,36.9,116.9,
ONC-0062,Week 4,2026-04-02,109,92,85,15,36.8,119.4,
ONC-0062,Week 8,2026-05-03,129,89,78,16,37.3,117.7,
ONC-0062,Week 12,2026-05-31,125,93,91,16,37.3,121.2,
ONC-0062,End of Study,2026-06-12,117,73,80,12,37.1,121.6,
ONC-0063,Screening,2026-04-20,134,81,58,19,36.4,98.1,
ONC-0063,Baseline,2026-04-21,126,73,89,15,36.4,98.5,
ONC-0063,Week 2,2026-05-05,110,71,91,13,37.1,102.6,
ONC-0063,Week 4,2026-05-17,137,93,94,16,37.2,100.9,
ONC-0063,Week 8,2026-06-16,149,68,58,16,37.0,101.3,
ONC-0063,Week 12,2026-07-08,119,90,71,19,36.2,98.2,
ONC-0063,End of Study,2026-07-14,125,88,68,17,36.8,99.9,
ONC-0064,Screening,2026-04-04,109,81,92,18,37.2,120.3,
ONC-0064,Baseline,2026-04-05,149,75,93,17,36.8,118.2,
ONC-0064,Week 2,2026-04-20,112,67,68,12,37.2,118.5,
ONC-0064,Week 4,2026-05-05,132,76,59,17,36.8,121.3,
ONC-0064,Week 8,2026-06-06,107,90,58,12,37.0,119.3,
ONC-0064,Week 12,2026-07-04,132,81,95,12,37.0,120.4,
ONC-0064,End of Study,2026-06-26,106,82,60,14,36.4,117.6,
ONC-0065,Screening,2026-01-16,105,90,77,20,36.3,115.8,
ONC-0065,Baseline,2026-01-17,143,77,88,14,37.1,119.6,
ONC-0065,Week 2,2026-01-29,113,69,92,17,37.4,115.4,
ONC-0065,Week 4,2026-02-16,148,65,95,17,36.9,114.6,
ONC-0065,Week 8,2026-03-06,128,68,77,15,37.2,117.5,
ONC-0065,Week 12,2026-04-14,110,86,81,13,36.8,117.4,
ONC-0065,End of Study,2026-04-09,119,88,88,12,37.1,120.2,
ONC-0066,Screening,2026-02-13,116,81,63,13,37.2,92.7,
ONC-0067,Screening,2026-05-12,140,65,65,14,36.9,113.5,
ONC-0067,Baseline,2026-05-13,139,69,56,17,36.6,114.8,
ONC-0067,Week 2,2026-05-25,107,74,89,14,36.9,113.1,
ONC-0067,Week 4,2026-06-08,150,80,71,19,36.5,115.7,
ONC-0067,Week 8,2026-07-12,145,81,89,19,36.6,111.4,
ONC-0067,Week 12,2026-08-06,142,93,90,18,36.8,110.8,
ONC-0067,End of Study,2026-08-16,111,81,69,12,37.0,113.9,
ONC-0068,Screening,2026-05-01,122,70,95,14,36.2,106.8,
ONC-0068,Baseline,2026-05-02,125,89,94,19,36.2,107.3,
ONC-0068,Week 2,2026-05-15,142,74,95,15,37.2,106.1,
ONC-0068,Week 4,2026-06-01,132,66,73,14,37.1,107.6,
ONC-0068,Week 8,2026-06-19,140,82,91,16,37.2,109.5,
ONC-0068,Week 12,2026-07-26,146,86,94,15,36.3,104.8,
ONC-0068,End of Study,2026-08-04,141,90,74,13,36.4,109.6,
ONC-0069,Screening,2026-05-09,137,74,70,13,36.4,96.8,
ONC-0069,Baseline,2026-05-10,146,82,76,18,36.5,97.2,
ONC-0069,Week 2,2026-05-21,138,81,84,15,36.9,98.3,
ONC-0069,Week 4,2026-06-03,113,84,69,12,37.0,94.7,
ONC-0069,Week 8,2026-07-06,127,78,88,17,36.4,96.5,
ONC-0069,Week 12,2026-08-02,117,75,65,12,36.7,94.8,
ONC-0069,End of Study,2026-08-08,112,67,90,18,37.1,94.0,
ONC-0070,Screening,2026-05-18,135,74,87,17,36.6,115.7,
ONC-0070,Baseline,2026-05-19,129,66,93,20,37.0,117.3,
ONC-0070,Week 2,2026-06-01,131,80,61,20,36.9,118.0,
ONC-0070,Week 4,2026-06-20,123,88,72,16,37.0,115.8,
ONC-0070,Week 8,2026-07-07,117,72,71,19,36.4,115.0,
ONC-0070,Week 12,2026-08-10,114,88,62,14,37.1,116.5,
ONC-0070,End of Study,2026-08-21,141,68,90,13,36.6,120.0,
ONC-0071,Screening,2026-06-05,138,87,59,13,36.2,98.1,
ONC-0071,Baseline,2026-06-06,126,76,74,15,36.3,97.7,
ONC-0071,Week 2,2026-06-19,124,77,79,16,36.5,95.2,
ONC-0071,Week 4,2026-07-02,111,89,95,12,36.7,96.2,
ONC-0071,Week 8,2026-07-28,125,84,92,20,37.3,99.4,
ONC-0071,Week 12,2026-09-02,150,84,73,20,36.1,98.2,
ONC-0071,End of Study,2026-08-30,121,95,95,14,37.3,97.2,
ONC-0072,Screening,2026-02-22,147,92,87,20,37.1,93.5,
ONC-0072,Baseline,2026-02-23,141,73,88,17,36.4,93.8,
ONC-0072,Week 2,2026-03-07,150,77,57,19,36.2,95.9,
ONC-0072,Week 4,2026-03-22,113,69,67,18,37.1,97.1,
ONC-0072,Week 8,2026-04-23,121,68,68,16,36.5,98.2,
ONC-0072,Week 12,2026-05-21,106,75,79,12,36.5,94.9,
ONC-0072,End of Study,2026-05-24,129,68,77,13,36.7,98.1,
ONC-0073,Screening,2026-04-04,118,94,84,18,36.5,59.9,
ONC-0073,Baseline,2026-04-05,121,90,77,15,36.7,59.0,
ONC-0073,Week 2,2026-04-15,146,76,59,19,36.4,59.0,
ONC-0073,Week 4,2026-04-28,143,66,81,16,37.2,59.4,
ONC-0073,Week 8,2026-05-23,119,76,82,17,37.2,56.9,
ONC-0073,Week 12,2026-07-04,135,71,55,12,36.8,57.1,
ONC-0073,End of Study,2026-07-06,113,65,72,19,37.2,58.6,
ONC-0074,Screening,2026-04-27,150,70,95,18,36.2,102.0,
ONC-0074,Baseline,2026-04-28,107,93,93,18,37.0,99.9,
ONC-0074,Week 2,2026-05-12,106,90,88,15,36.7,103.3,
ONC-0074,Week 4,2026-05-26,107,77,72,13,36.4,104.3,
ONC-0074,Week 8,2026-06-29,117,71,88,19,36.8,105.6,
ONC-0074,Week 12,2026-07-26,138,65,69,19,36.9,100.3,
ONC-0074,End of Study,2026-07-28,145,70,79,12,36.7,100.6,
ONC-0075,Screening,2026-03-30,137,74,88,20,36.6,52.8,
ONC-0075,Baseline,2026-03-31,109,94,61,20,36.6,58.5,
ONC-0075,Week 2,2026-04-11,146,89,56,16,37.4,52.6,
ONC-0075,Week 4,2026-04-22,135,93,84,12,36.3,54.0,
ONC-0075,Week 8,2026-05-27,118,89,55,19,36.8,53.2,
ONC-0075,Week 12,2026-06-16,135,66,92,17,36.3,54.9,
ONC-0075,End of Study,2026-07-03,146,76,60,20,36.8,58.1,
ONC-0076,Screening,2026-05-25,145,87,62,12,36.4,58.9,
ONC-0076,Baseline,2026-05-26,109,90,76,16,36.5,58.3,
ONC-0076,Week 2,2026-06-10,140,79,67,13,37.0,62.7,
ONC-0076,Week 4,2026-06-20,143,73,94,19,37.0,61.1,
ONC-0076,Week 8,2026-07-18,118,94,89,16,36.9,62.5,
ONC-0076,Week 12,2026-08-10,142,78,59,14,36.2,63.6,
ONC-0076,End of Study,2026-08-20,116,90,85,18,37.4,63.6,
ONC-0077,Screening,2026-04-11,129,95,68,15,36.8,57.3,
ONC-0077,Baseline,2026-04-12,110,95,67,20,36.4,55.1,
ONC-0077,Week 2,2026-04-26,120,92,56,17,36.8,56.3,
ONC-0077,Week 4,2026-05-05,112,82,86,17,37.1,55.5,
ONC-0077,Week 8,2026-06-01,136,72,73,14,36.4,54.9,
ONC-0077,End of Study,2026-07-06,115,90,86,15,36.1,54.6,
ONC-0078,Screening,2026-02-09,128,75,82,18,36.5,76.0,
ONC-0078,Baseline,2026-02-10,127,70,92,13,36.9,80.0,
ONC-0078,Week 2,2026-02-24,143,76,74,19,37.3,80.7,
ONC-0078,Week 4,2026-03-04,107,94,61,12,37.4,77.6,
ONC-0078,Week 8,2026-04-08,105,77,68,14,36.5,80.5,
ONC-0078,Week 12,2026-04-30,119,80,84,12,36.5,78.1,
ONC-0078,End of Study,2026-05-09,127,91,74,15,37.3,77.2,
ONC-0079,Screening,2026-04-18,145,65,75,18,36.7,90.3,
ONC-0079,Baseline,2026-04-19,107,93,92,16,37.4,89.8,
ONC-0079,Week 2,2026-05-02,137,68,64,19,36.8,93.2,
ONC-0079,Week 4,2026-05-13,139,81,60,18,37.1,92.9,
ONC-0079,Week 8,2026-06-19,122,90,85,16,37.4,91.1,
ONC-0079,Week 12,2026-07-09,125,79,59,14,36.5,91.2,
ONC-0079,End of Study,2026-07-18,138,69,88,12,36.3,89.2,
ONC-0080,Screening,2026-01-05,117,80,63,12,37.3,69.2,
ONC-0080,Baseline,2026-01-06,110,88,87,17,37.2,72.5,
ONC-0080,Week 2,2026-01-22,106,91,64,17,36.8,69.0,
ONC-0080,Week 4,2026-02-07,120,68,93,20,37.2,68.8,
ONC-0080,Week 8,2026-03-03,123,94,81,17,36.2,67.7,
ONC-0080,Week 12,2026-04-02,116,94,56,16,36.9,70.8,
ONC-0080,End of Study,2026-04-01,122,65,65,17,36.6,72.4,
ONC-0081,Screening,2026-05-29,120,87,63,14,36.7,103.7,
ONC-0081,Baseline,2026-05-30,126,82,62,13,36.8,109.3,
ONC-0081,Week 2,2026-06-12,143,87,90,19,36.7,106.7,
ONC-0081,Week 4,2026-06-29,150,91,95,17,37.1,106.1,
ONC-0081,Week 12,2026-08-22,134,85,71,19,36.9,105.8,
ONC-0081,End of Study,2026-08-26,132,91,76,15,36.5,107.3,
ONC-0082,Screening,2026-04-28,111,88,93,13,36.5,49.4,
ONC-0082,Baseline,2026-04-29,119,92,71,16,36.3,51.8,
ONC-0082,Week 2,2026-05-12,121,65,66,14,37.1,52.7,
ONC-0082,Week 4,2026-05-31,138,70,65,12,36.9,48.8,
ONC-0082,Week 8,2026-06-28,147,71,79,18,36.5,49.1,
ONC-0082,Week 12,2026-07-17,136,71,93,14,36.3,50.2,
ONC-0082,End of Study,2026-07-22,147,82,59,13,36.6,50.3,
ONC-0083,Screening,2026-05-15,122,79,65,19,36.1,106.6,
ONC-0083,Baseline,2026-05-16,117,91,74,14,37.3,109.0,
ONC-0083,Week 2,2026-06-01,140,90,70,20,36.5,107.7,
ONC-0083,Week 4,2026-06-14,120,78,77,15,36.9,108.6,
ONC-0083,Week 8,2026-07-15,142,74,86,20,36.4,109.3,
ONC-0083,Week 12,2026-08-13,106,85,63,18,36.4,108.8,
ONC-0083,End of Study,2026-08-15,127,73,58,19,36.1,107.5,
ONC-0084,Screening,2026-05-21,123,91,67,12,37.0,53.5,
ONC-0084,Baseline,2026-05-22,118,66,90,20,36.8,50.3,
ONC-0084,Week 2,2026-06-03,113,65,81,19,37.0,51.3,
ONC-0084,Week 4,2026-06-21,110,88,87,19,36.6,51.6,
ONC-0084,Week 8,2026-07-22,129,75,65,15,36.8,50.6,
ONC-0084,Week 12,2026-08-18,149,79,90,16,36.5,49.5,
ONC-0084,End of Study,2026-08-17,132,81,63,15,36.3,51.7,
ONC-0085,Screening,2026-01-13,124,67,74,16,37.4,90.7,
ONC-0085,Baseline,2026-01-14,105,78,58,19,36.4,96.1,
ONC-0085,Week 2,2026-01-30,131,81,55,12,36.3,94.9,
ONC-0085,Week 4,2026-02-13,136,66,83,13,37.2,92.4,
ONC-0085,Week 8,2026-03-05,115,76,67,12,36.7,91.8,
ONC-0085,Week 12,2026-04-05,121,87,62,12,36.5,91.5,
ONC-0085,End of Study,2026-04-09,132,76,87,17,36.1,93.1,
ONC-0086,Screening,2026-01-19,129,79,60,19,36.4,84.9,
ONC-0086,Baseline,2026-01-20,143,77,93,18,36.5,85.6,
ONC-0086,Week 2,2026-01-30,134,78,58,12,36.5,90.3,
ONC-0086,Week 4,2026-02-15,117,71,68,19,37.2,85.2,
ONC-0086,Week 8,2026-03-19,105,74,94,18,36.5,87.7,
ONC-0086,Week 12,2026-04-11,108,83,61,18,36.5,85.3,
ONC-0086,End of Study,2026-04-21,139,87,64,17,37.0,86.1,
ONC-0087,Screening,2026-04-01,115,66,68,18,36.5,76.0,
ONC-0087,Baseline,2026-04-02,112,90,71,18,36.9,81.7,
ONC-0087,Week 2,2026-04-14,139,71,86,12,36.8,77.4,
ONC-0087,Week 4,2026-04-28,106,71,68,14,36.6,76.3,
ONC-0087,Week 8,2026-05-30,128,69,77,18,36.4,80.7,
ONC-0087,Week 12,2026-06-24,130,78,55,12,36.7,76.1,
ONC-0087,End of Study,2026-07-01,141,74,64,18,37.1,76.7,
ONC-0088,Screening,2026-02-15,129,80,61,13,36.2,117.4,
ONC-0088,Baseline,2026-02-16,138,65,95,18,36.2,119.1,
ONC-0088,Week 2,2026-02-26,131,70,86,18,37.3,117.2,
ONC-0088,Week 4,2026-03-17,148,79,80,20,37.1,120.6,
ONC-0088,Week 8,2026-04-07,127,73,76,13,36.1,118.4,
ONC-0088,Week 12,2026-05-12,129,76,62,15,37.3,121.0,
ONC-0088,End of Study,2026-05-15,131,69,59,14,36.1,121.8,
ONC-0089,Screening,2026-01-05,106,89,58,20,36.5,107.6,
ONC-0089,Baseline,2026-01-06,147,71,79,19,36.3,109.0,
ONC-0089,Week 2,2026-01-17,121,66,92,14,36.5,108.5,
ONC-0089,Week 4,2026-02-01,141,78,70,20,36.8,104.6,
ONC-0089,Week 8,2026-03-03,147,84,72,13,36.4,107.9,
ONC-0089,Week 12,2026-03-27,137,84,86,12,36.4,104.6,
ONC-0089,End of Study,2026-04-12,143,83,68,14,36.4,109.6,
ONC-0090,Screening,2026-06-25,148,92,79,20,37.3,57.1,
ONC-0090,Baseline,2026-06-26,113,66,94,16,37.4,55.2,
ONC-0090,Week 2,2026-07-06,109,67,89,13,36.5,58.0,
ONC-0090,Week 4,2026-07-18,124,77,62,16,36.5,54.0,
ONC-0090,Week 8,2026-08-26,122,93,60,14,36.5,56.1,
ONC-0090,Week 12,2026-09-17,118,92,76,20,37.3,55.0,
ONC-0090,End of Study,2026-09-20,105,82,81,16,37.1,58.8,
ONC-0091,Screening,2026-06-21,137,80,76,13,36.9,48.8,
ONC-0091,Baseline,2026-06-22,144,94,91,15,36.6,49.7,
ONC-0091,Week 2,2026-07-08,113,85,78,17,36.5,52.8,
ONC-0091,Week 12,2026-09-08,149,66,76,13,37.1,48.6,
ONC-0091,End of Study,2026-09-22,109,75,76,19,37.0,54.0,
ONC-0092,Screening,2026-03-04,130,95,75,17,37.0,120.5,
ONC-0093,Screening,2026-06-01,121,94,81,18,37.0,88.0,
ONC-0093,Baseline,2026-06-02,119,94,84,17,37.0,85.0,
ONC-0093,Week 2,2026-06-12,124,68,57,19,36.9,82.9,
ONC-0093,Week 4,2026-07-01,125,90,73,18,36.5,84.2,
ONC-0093,Week 8,2026-07-28,130,74,88,17,37.1,88.0,
ONC-0093,Week 12,2026-08-25,149,72,87,18,37.3,86.0,
ONC-0093,End of Study,2026-09-06,145,73,95,14,36.6,84.6,
ONC-0094,Screening,2026-02-02,143,89,68,17,36.7,51.2,
ONC-0094,Baseline,2026-02-03,148,92,82,16,36.8,52.4,
ONC-0094,Week 2,2026-02-15,145,86,57,16,37.2,51.8,
ONC-0094,Week 4,2026-03-05,146,74,57,18,36.6,51.9,
ONC-0094,Week 12,2026-05-03,105,86,74,18,36.5,48.8,
ONC-0094,End of Study,2026-05-04,121,95,88,16,36.6,51.8,
ONC-0095,Screening,2026-04-08,117,72,87,20,36.1,105.3,
ONC-0095,Baseline,2026-04-09,112,83,81,20,37.3,109.2,
ONC-0095,Week 4,2026-05-11,105,82,81,18,37.2,106.8,
ONC-0095,Week 8,2026-06-01,127,89,71,20,36.5,109.4,
ONC-0095,Week 12,2026-06-27,115,79,66,16,37.3,107.4,
ONC-0095,End of Study,2026-07-03,106,77,95,17,36.7,108.9,
ONC-0096,Screening,2026-03-12,106,71,89,20,36.7,78.8,
ONC-0096,Baseline,2026-03-13,119,82,95,15,36.2,78.8,
ONC-0096,Week 2,2026-03-25,118,69,61,16,37.3,80.3,
ONC-0096,Week 4,2026-04-13,149,73,63,12,36.5,77.2,
ONC-0096,Week 8,2026-05-12,108,88,74,16,36.7,76.4,
ONC-0096,End of Study,2026-06-17,128,78,58,15,37.1,79.9,
ONC-0097,Screening,2026-01-27,110,88,55,16,36.8,121.4,
ONC-0097,Baseline,2026-01-28,132,72,94,13,37.2,121.0,
ONC-0097,Week 2,2026-02-11,119,79,61,18,36.6,120.3,
ONC-0097,Week 4,2026-02-20,106,72,55,15,37.4,116.4,
ONC-0097,Week 8,2026-03-25,139,82,76,15,36.8,118.7,
ONC-0097,Week 12,2026-04-20,106,87,87,20,36.9,117.5,
ONC-0097,End of Study,2026-04-28,136,69,61,19,36.4,121.3,
ONC-0098,Screening,2026-02-12,136,68,91,20,36.7,75.6,
ONC-0098,Baseline,2026-02-13,138,73,88,14,37.0,78.8,
ONC-0098,Week 2,2026-02-23,133,69,92,13,37.0,78.5,
ONC-0098,Week 4,2026-03-13,118,74,93,17,36.4,77.3,
ONC-0098,Week 8,2026-04-02,113,73,92,13,37.3,80.3,
ONC-0098,Week 12,2026-05-04,121,76,73,17,37.0,77.2,
ONC-0098,End of Study,2026-05-17,129,95,69,13,37.2,76.4,
ONC-0099,Screening,2026-05-18,111,86,93,13,36.1,83.3,
ONC-0099,Baseline,2026-05-19,148,72,87,14,36.5,83.1,
ONC-0099,Week 2,2026-06-01,147,93,69,20,37.0,86.7,
ONC-0099,Week 4,2026-06-13,130,74,55,19,37.2,85.1,
ONC-0099,Week 8,2026-07-10,141,94,82,14,36.5,87.8,
ONC-0099,Week 12,2026-08-13,125,89,95,14,37.2,85.9,
ONC-0099,End of Study,2026-08-17,109,93,78,16,37.0,83.8,
ONC-0100,Screening,2026-03-18,114,75,65,14,37.0,96.4,
ONC-0100,Baseline,2026-03-19,124,91,90,17,36.5,97.0,
ONC-0100,Week 2,2026-03-31,107,92,60,12,36.3,97.3,
ONC-0100,Week 4,2026-04-14,106,93,56,17,37.1,98.7,
ONC-0100,Week 8,2026-05-12,112,94,80,15,36.7,97.7,
ONC-0100,Week 12,2026-06-16,143,93,68,15,36.4,98.9,
ONC-0100,End of Study,2026-06-09,131,91,85,18,37.1,100.0,
ONC-0101,Screening,2026-06-02,147,74,89,16,36.7,96.3,
ONC-0101,Baseline,2026-06-03,146,88,81,14,36.3,100.7,
ONC-0101,Week 2,2026-06-15,112,70,82,13,36.3,99.5,
ONC-0101,Week 4,2026-06-28,136,72,82,13,36.7,97.1,
ONC-0101,Week 8,2026-07-28,114,91,83,14,36.6,96.1,
ONC-0101,Week 12,2026-08-26,107,66,77,20,37.4,96.8,
ONC-0101,End of Study,2026-09-02,127,81,94,13,37.2,96.2,
ONC-0102,Screening,2026-03-15,124,78,62,15,37.3,84.2,
ONC-0102,Baseline,2026-03-16,123,95,75,14,36.3,86.0,
ONC-0102,Week 2,2026-03-30,116,93,88,14,36.2,87.1,
ONC-0102,Week 4,2026-04-17,132,81,77,19,37.0,86.5,
ONC-0102,Week 8,2026-05-15,110,74,82,15,36.7,88.1,
ONC-0102,Week 12,2026-06-13,148,95,61,14,36.8,85.9,
ONC-0102,End of Study,2026-06-16,110,89,93,16,37.1,88.7,
ONC-0103,Screening,2026-04-10,111,95,67,12,36.5,107.7,
ONC-0103,Baseline,2026-04-11,143,82,78,16,36.2,110.4,
ONC-0103,Week 2,2026-04-24,131,71,91,16,37.3,109.6,
ONC-0103,Week 4,2026-05-04,121,86,94,17,37.2,109.4,
ONC-0103,Week 8,2026-05-30,145,87,80,17,36.3,112.3,
ONC-0103,Week 12,2026-06-29,141,66,72,17,36.7,112.7,
ONC-0103,End of Study,2026-07-06,136,69,83,14,36.9,113.0,
ONC-0104,Screening,2026-02-14,131,69,79,14,36.3,63.3,
ONC-0104,Baseline,2026-02-15,118,83,73,16,37.0,62.4,
ONC-0104,Week 2,2026-02-26,113,91,59,18,36.7,63.3,
ONC-0104,Week 4,2026-03-11,149,81,76,12,37.1,65.6,
ONC-0104,Week 8,2026-04-04,145,68,56,12,36.5,62.8,
ONC-0104,Week 12,2026-05-09,138,73,72,18,37.2,60.4,
ONC-0104,End of Study,2026-05-08,146,74,61,12,36.1,64.4,
ONC-0105,Screening,2026-01-30,124,77,61,18,37.3,117.8,
ONC-0105,Baseline,2026-01-31,126,93,85,17,36.6,119.0,
ONC-0105,Week 2,2026-02-11,149,76,91,20,37.2,118.9,
ONC-0105,Week 4,2026-03-02,115,79,63,16,36.7,116.9,
ONC-0105,Week 8,2026-04-01,146,77,62,20,36.9,120.0,
ONC-0105,Week 12,2026-04-30,144,93,63,18,36.6,120.1,
ONC-0105,End of Study,2026-05-02,110,84,66,13,37.3,116.8,
ONC-0106,Screening,2026-03-24,145,80,86,19,37.3,83.5,
ONC-0106,Baseline,2026-03-25,127,75,60,13,36.8,83.7,
ONC-0106,Week 2,2026-04-04,148,86,62,18,37.2,84.8,
ONC-0106,Week 4,2026-04-19,110,89,65,16,37.2,80.2,
ONC-0106,Week 8,2026-05-18,120,75,68,19,36.8,81.6,
ONC-0106,End of Study,2026-06-26,111,75,66,16,36.3,80.2,
ONC-0107,Screening,2026-02-18,110,95,69,15,36.5,58.0,
ONC-0108,Screening,2026-04-19,133,70,76,16,36.8,117.5,
ONC-0108,Baseline,2026-04-20,117,85,61,12,37.2,116.9,
ONC-0108,Week 2,2026-04-30,108,71,75,18,37.1,120.7,
ONC-0108,Week 4,2026-05-22,114,76,92,17,37.2,118.4,
ONC-0108,Week 8,2026-06-18,139,82,77,18,36.7,119.8,
ONC-0108,Week 12,2026-07-07,135,85,68,14,37.2,116.5,
ONC-0108,End of Study,2026-07-20,116,88,73,17,37.0,120.6,
ONC-0109,Screening,2026-05-02,106,82,77,14,37.3,52.8,
ONC-0109,Baseline,2026-05-03,125,73,94,16,36.1,54.9,
ONC-0109,Week 2,2026-05-15,130,94,58,12,36.4,52.1,
ONC-0109,Week 4,2026-05-28,113,75,92,20,37.1,57.2,
ONC-0109,Week 12,2026-07-22,139,72,92,20,36.2,55.4,
ONC-0109,End of Study,2026-07-31,142,74,62,20,36.2,56.2,
ONC-0110,Screening,2026-04-19,114,72,56,16,37.3,103.6,
ONC-0110,Baseline,2026-04-20,118,89,91,19,37.1,107.3,
ONC-0110,Week 2,2026-05-05,119,66,58,18,36.7,107.6,
ONC-0110,Week 4,2026-05-20,149,91,74,16,36.7,106.9,
ONC-0110,Week 8,2026-06-19,112,73,69,16,37.1,104.2,
ONC-0110,Week 12,2026-07-08,145,74,94,12,36.9,108.2,
ONC-0110,End of Study,2026-07-11,148,94,93,20,36.3,102.7,
ONC-0111,Screening,2026-01-27,107,95,74,17,36.5,100.9,
ONC-0111,Baseline,2026-01-28,144,81,60,19,37.0,104.7,
ONC-0111,Week 2,2026-02-07,109,88,74,17,36.9,102.5,
ONC-0111,Week 4,2026-02-24,116,91,67,13,36.4,104.6,
ONC-0111,Week 8,2026-03-29,110,95,91,18,36.8,103.9,
ONC-0111,Week 12,2026-04-18,111,70,63,15,37.0,106.6,
ONC-0112,Screening,2026-05-29,136,92,95,15,37.4,86.5,
ONC-0112,Baseline,2026-05-30,144,66,84,13,36.7,87.8,
ONC-0112,Week 2,2026-06-12,139,75,88,18,37.2,88.3,
ONC-0112,Week 4,2026-06-23,120,68,67,20,37.2,91.3,
ONC-0112,Week 8,2026-07-18,124,94,78,16,37.0,87.5,
ONC-0112,Week 12,2026-08-28,148,73,83,17,36.6,89.4,
ONC-0112,End of Study,2026-08-27,116,95,57,15,36.5,89.4,
ONC-0113,Screening,2026-04-16,145,94,73,12,37.2,68.7,
ONC-0113,Baseline,2026-04-17,137,82,62,13,36.9,73.5,
ONC-0113,Week 2,2026-04-28,108,84,88,15,37.2,70.2,
ONC-0113,Week 4,2026-05-09,138,74,70,20,36.2,69.5,
ONC-0113,Week 8,2026-06-04,128,77,95,17,36.3,73.1,
ONC-0113,Week 12,2026-07-05,129,83,86,19,36.4,71.8,
ONC-0113,End of Study,2026-07-10,126,66,89,16,36.9,70.8,
ONC-0114,Screening,2026-03-05,108,94,69,13,36.9,117.1,
ONC-0114,Baseline,2026-03-06,145,65,77,12,36.8,119.4,
ONC-0114,Week 2,2026-03-18,122,81,57,13,37.1,117.8,
ONC-0114,Week 4,2026-04-05,131,71,92,19,36.3,116.2,
ONC-0114,Week 8,2026-04-29,114,79,66,14,36.8,115.7,
ONC-0114,End of Study,2026-06-08,108,92,63,19,37.2,119.1,
ONC-0115,Screening,2026-06-15,115,66,88,13,36.4,110.3,
ONC-0115,Baseline,2026-06-16,141,95,78,20,36.4,108.9,
ONC-0115,Week 2,2026-06-30,114,84,93,13,37.4,113.2,
ONC-0115,Week 8,2026-08-03,141,75,85,17,37.2,110.2,
ONC-0115,Week 12,2026-09-09,122,83,77,18,36.7,110.8,
ONC-0115,End of Study,2026-09-06,143,70,57,20,36.5,108.2,
ONC-0116,Screening,2026-05-30,110,88,92,19,36.5,74.8,
ONC-0116,Baseline,2026-05-31,138,77,60,19,36.8,75.2,
ONC-0116,Week 2,2026-06-16,134,87,86,15,36.2,71.8,
ONC-0116,Week 4,2026-06-29,137,77,66,17,36.8,72.0,
ONC-0116,Week 8,2026-07-24,147,88,74,17,37.2,74.5,
ONC-0116,Week 12,2026-08-17,112,89,59,18,36.3,73.1,
ONC-0116,End of Study,2026-08-31,139,72,64,15,37.3,77.5,
ONC-0117,Screening,2026-04-03,112,66,89,14,36.4,117.1,
ONC-0117,Baseline,2026-04-04,127,94,56,20,36.4,116.3,
ONC-0117,Week 2,2026-04-19,123,68,77,13,36.3,121.1,
ONC-0117,Week 4,2026-04-26,114,87,89,15,37.2,116.2,
ONC-0117,Week 12,2026-06-22,145,67,85,17,36.1,117.7,
ONC-0117,End of Study,2026-07-07,133,68,64,13,36.3,115.4,
ONC-0118,Screening,2026-04-21,118,70,59,20,36.7,56.6,
ONC-0118,Baseline,2026-04-22,132,68,84,20,37.0,56.7,
ONC-0118,Week 2,2026-05-05,116,71,66,19,37.1,57.5,
ONC-0118,Week 4,2026-05-24,143,94,87,16,36.2,55.4,
ONC-0118,Week 8,2026-06-22,132,86,94,13,36.6,54.0,
ONC-0118,Week 12,2026-07-19,107,95,55,13,37.2,54.3,
ONC-0118,End of Study,2026-07-17,144,86,62,20,36.6,55.4,
ONC-0119,Screening,2026-06-08,135,76,79,14,36.9,79.8,
ONC-0119,Baseline,2026-06-09,105,81,64,20,36.3,78.5,
ONC-0119,Week 2,2026-06-25,121,90,91,18,37.1,81.8,
ONC-0119,Week 4,2026-07-11,132,91,87,16,36.7,78.9,
ONC-0119,Week 8,2026-08-03,139,74,66,13,36.3,78.6,
ONC-0119,Week 12,2026-08-25,147,69,71,16,36.6,77.1,
ONC-0119,End of Study,2026-09-06,139,76,55,12,36.5,80.7,
ONC-0120,Screening,2026-01-27,130,85,80,12,36.6,105.6,
ONC-0120,Baseline,2026-01-28,113,85,76,14,37.2,109.0,
ONC-0120,Week 2,2026-02-13,142,68,72,20,36.8,110.6,
ONC-0120,Week 4,2026-02-20,116,89,61,19,36.9,107.8,
ONC-0120,Week 8,2026-03-19,131,83,73,16,36.6,109.2,
ONC-0120,Week 12,2026-04-20,124,79,64,19,36.9,108.9,
ONC-0120,End of Study,2026-05-01,131,85,88,19,36.5,110.8,
ONC-0121,Screening,2026-04-15,141,79,79,18,36.2,61.2,
ONC-0122,Screening,2026-06-05,143,94,61,12,37.3,83.1,
ONC-0122,Baseline,2026-06-06,122,70,69,17,36.4,84.8,
ONC-0122,Week 2,2026-06-16,138,74,72,20,36.9,85.1,
ONC-0122,Week 4,2026-06-30,138,87,59,18,36.4,86.4,
ONC-0122,Week 8,2026-07-27,150,81,93,15,37.3,81.9,
ONC-0122,End of Study,2026-09-09,127,74,66,15,36.7,84.9,
ONC-0123,Screening,2026-03-15,108,75,86,16,36.7,100.5,
ONC-0123,Baseline,2026-03-16,107,71,75,16,36.6,99.4,
ONC-0123,Week 2,2026-03-26,148,70,89,15,37.3,104.3,
ONC-0123,Week 4,2026-04-10,107,76,93,17,36.8,103.4,
ONC-0123,Week 12,2026-06-13,142,72,64,16,36.2,103.5,
ONC-0123,End of Study,2026-06-14,110,72,69,18,36.6,100.2,
ONC-0124,Screening,2026-03-24,129,85,62,16,36.7,57.0,
ONC-0125,Screening,2026-05-28,126,79,81,18,37.2,72.5,
ONC-0125,Baseline,2026-05-29,142,77,58,18,37.3,72.7,
ONC-0125,Week 2,2026-06-10,139,92,72,13,36.2,70.8,
ONC-0125,Week 4,2026-06-25,120,92,93,17,37.0,68.4,
ONC-0125,Week 8,2026-07-30,119,66,83,16,36.9,73.8,
ONC-0125,End of Study,2026-08-28,125,91,94,17,36.3,70.8,
ONC-0126,Screening,2026-01-19,150,65,67,16,36.4,61.3,
ONC-0126,Baseline,2026-01-20,119,94,66,20,36.4,63.0,
ONC-0126,Week 2,2026-02-02,120,91,93,17,36.3,61.9,
ONC-0126,Week 4,2026-02-14,144,79,57,18,36.9,61.4,
ONC-0126,Week 8,2026-03-14,115,82,71,18,36.2,62.7,
ONC-0126,Week 12,2026-04-20,117,69,90,19,37.1,65.5,
ONC-0126,End of Study,2026-04-14,136,67,86,20,36.3,62.1,
ONC-0127,Screening,2026-03-06,130,70,75,14,37.3,114.1,
ONC-0127,Baseline,2026-03-07,126,95,81,16,36.8,114.2,
ONC-0127,Week 2,2026-03-21,111,66,60,18,36.5,117.3,
ONC-0127,Week 4,2026-03-30,115,65,63,17,36.4,118.3,
ONC-0127,Week 8,2026-05-05,134,70,60,18,36.6,113.8,
ONC-0127,Week 12,2026-05-25,133,86,75,14,36.4,117.9,
ONC-0127,End of Study,2026-06-10,141,76,87,12,37.2,116.4,
ONC-0128,Screening,2026-02-04,140,79,65,13,36.6,63.1,
ONC-0128,Baseline,2026-02-05,135,76,55,16,36.8,64.5,
ONC-0128,Week 2,2026-02-20,140,72,63,18,37.1,68.5,
ONC-0128,Week 4,2026-03-09,135,86,78,20,36.7,66.5,
ONC-0128,Week 8,2026-03-30,131,70,69,13,36.3,68.4,
ONC-0128,Week 12,2026-05-06,126,90,57,16,37.4,66.6,
ONC-0128,End of Study,2026-05-12,144,72,68,15,36.8,63.0,
ONC-0129,Screening,2026-03-20,113,76,63,13,36.4,71.6,
ONC-0130,Screening,2026-05-03,123,65,55,17,37.3,70.2,
ONC-0130,Baseline,2026-05-04,106,84,87,19,37.2,70.5,
ONC-0130,Week 2,2026-05-15,109,93,71,13,36.6,69.1,
ONC-0130,Week 4,2026-06-02,149,92,75,12,36.8,69.3,
ONC-0130,Week 8,2026-06-24,119,89,61,16,36.3,69.3,
ONC-0130,Week 12,2026-08-02,119,70,72,17,36.5,70.1,
ONC-0130,End of Study,2026-07-29,141,72,83,18,36.8,68.9,
ONC-0131,Screening,2026-06-17,107,88,78,15,37.2,106.9,
ONC-0131,Baseline,2026-06-18,126,79,78,16,37.1,109.2,
ONC-0131,Week 2,2026-06-30,150,92,59,19,37.2,106.3,
ONC-0131,Week 4,2026-07-18,117,94,70,17,36.8,111.2,
ONC-0131,Week 8,2026-08-17,146,67,68,17,37.1,111.8,
ONC-0131,Week 12,2026-09-11,145,85,61,15,36.7,110.6,
ONC-0131,End of Study,2026-09-13,137,74,75,14,36.2,107.6,
ONC-0132,Screening,2026-04-16,112,88,88,12,37.3,89.2,
ONC-0133,Screening,2026-01-16,122,84,80,17,37.0,88.7,
ONC-0133,Baseline,2026-01-17,115,81,65,12,37.0,86.8,
ONC-0133,Week 2,2026-01-30,140,79,68,12,36.8,87.0,
ONC-0133,Week 8,2026-03-06,111,86,89,16,36.9,90.4,
ONC-0133,Week 12,2026-04-16,145,76,74,19,37.3,88.5,
ONC-0133,End of Study,2026-04-16,145,70,69,18,36.2,86.5,
ONC-0134,Screening,2026-05-18,126,65,60,18,36.8,53.4,
ONC-0134,Baseline,2026-05-19,105,81,79,14,36.4,54.4,
ONC-0134,Week 2,2026-05-30,109,85,92,12,37.1,53.2,
ONC-0134,Week 4,2026-06-17,122,87,55,13,37.1,51.9,
ONC-0134,Week 8,2026-07-16,127,70,81,12,36.8,55.0,
ONC-0134,Week 12,2026-08-12,133,65,64,16,36.6,55.8,
ONC-0134,End of Study,2026-08-18,120,93,63,19,36.1,53.1,
ONC-0135,Screening,2026-06-18,145,73,63,17,36.3,78.7,
ONC-0135,Baseline,2026-06-19,118,67,90,12,36.6,77.2,
ONC-0135,Week 2,2026-07-02,122,74,78,16,36.6,81.2,
ONC-0135,Week 4,2026-07-19,117,74,92,17,36.4,79.5,
ONC-0135,Week 8,2026-08-20,145,67,77,20,36.1,77.5,
ONC-0135,Week 12,2026-09-04,110,76,78,20,36.4,77.7,
ONC-0135,End of Study,2026-09-21,132,90,70,15,36.7,80.1,
ONC-0136,Screening,2026-04-28,112,72,64,19,37.2,63.5,
ONC-0136,Baseline,2026-04-29,127,67,89,18,36.4,64.4,
ONC-0136,Week 2,2026-05-13,139,72,65,12,36.8,60.8,
ONC-0136,Week 4,2026-05-29,110,68,67,16,36.6,61.7,
ONC-0136,Week 8,2026-06-26,144,78,71,20,36.1,59.8,
ONC-0136,Week 12,2026-07-19,131,82,73,14,36.5,62.4,
ONC-0136,End of Study,2026-07-21,105,72,81,14,36.5,59.1,
ONC-0137,Screening,2026-06-29,144,87,58,19,37.0,109.3,
ONC-0137,Baseline,2026-06-30,125,67,76,13,36.4,109.2,
ONC-0137,Week 2,2026-07-14,119,70,81,13,36.7,105.4,
ONC-0137,Week 4,2026-07-23,141,86,73,16,37.3,106.5,
ONC-0137,Week 8,2026-08-18,140,94,65,12,37.0,106.3,
ONC-0137,Week 12,2026-09-21,105,68,66,13,37.2,109.0,
ONC-0137,End of Study,2026-09-21,117,77,71,13,37.2,109.9,
ONC-0138,Screening,2026-04-12,127,93,80,16,36.3,93.1,
ONC-0139,Screening,2026-03-03,115,66,70,19,37.1,101.2,
ONC-0139,Baseline,2026-03-04,145,68,63,16,37.0,100.5,
ONC-0139,Week 2,2026-03-16,132,95,63,20,36.5,104.7,
ONC-0139,Week 4,2026-03-26,112,66,64,12,36.2,100.9,
ONC-0139,Week 8,2026-04-26,139,92,89,16,36.3,104.1,
ONC-0139,Week 12,2026-05-26,136,74,71,16,36.9,101.0,
ONC-0139,End of Study,2026-06-01,142,68,68,13,36.7,102.1,
ONC-0140,Screening,2026-02-26,131,77,60,16,36.3,69.4,
ONC-0140,Baseline,2026-02-27,126,69,76,15,37.1,71.0,
ONC-0140,Week 2,2026-03-12,108,65,65,15,37.4,68.0,
ONC-0140,Week 4,2026-03-24,143,78,59,18,36.2,72.1,
ONC-0140,Week 8,2026-04-24,113,75,55,20,37.0,71.5,
ONC-0140,Week 12,2026-05-24,105,68,95,18,36.3,68.4,
ONC-0140,End of Study,2026-05-28,112,89,90,19,36.9,66.8,
ONC-0141,Screening,2026-06-27,110,81,55,14,36.1,106.9,
ONC-0141,Baseline,2026-06-28,144,76,94,15,36.8,104.1,
ONC-0141,Week 2,2026-07-12,117,66,62,12,36.9,108.5,
ONC-0141,Week 4,2026-07-22,149,68,93,13,37.0,109.3,
ONC-0141,Week 8,2026-08-29,106,92,68,14,37.2,106.9,
ONC-0141,Week 12,2026-09-15,135,87,58,16,36.2,106.4,
ONC-0141,End of Study,2026-09-28,121,83,85,18,37.3,104.0,
ONC-0142,Screening,2026-04-21,134,71,61,17,37.2,57.1,
ONC-0142,Baseline,2026-04-22,119,65,81,20,36.2,58.7,
ONC-0142,Week 2,2026-05-03,135,69,55,16,37.2,61.0,
ONC-0142,Week 4,2026-05-24,129,92,95,16,37.3,57.7,
ONC-0142,Week 8,2026-06-14,135,94,70,20,37.0,56.7,
ONC-0142,Week 12,2026-07-09,150,94,90,12,37.2,59.0,
ONC-0142,End of Study,2026-07-20,145,73,69,18,36.7,61.2,
ONC-0143,Screening,2026-03-05,134,73,92,16,36.9,49.9,
ONC-0144,Screening,2026-05-04,111,71,62,18,36.8,108.7,
ONC-0144,Baseline,2026-05-05,119,66,88,18,37.1,109.0,
ONC-0144,Week 2,2026-05-21,137,72,56,14,36.8,108.1,
ONC-0144,Week 4,2026-05-31,121,89,59,18,36.4,104.6,
ONC-0144,Week 8,2026-07-03,115,86,84,15,36.3,104.1,
ONC-0144,Week 12,2026-08-03,136,82,60,13,36.7,106.6,
ONC-0144,End of Study,2026-08-07,123,93,67,15,36.7,103.5,
ONC-0145,Screening,2026-01-24,118,76,62,15,36.9,53.8,
ONC-0146,Screening,2026-06-10,108,91,93,20,37.1,54.0,
ONC-0146,Baseline,2026-06-11,136,65,65,17,36.2,53.0,
ONC-0146,Week 2,2026-06-26,115,93,95,16,37.1,51.6,
ONC-0146,Week 4,2026-07-12,126,79,65,15,36.5,52.0,
ONC-0146,Week 8,2026-08-02,145,69,89,19,36.1,48.3,
ONC-0146,Week 12,2026-09-05,150,69,59,12,36.4,51.7,
ONC-0146,End of Study,2026-09-11,140,72,77,14,36.8,54.0,
ONC-0147,Screening,2026-02-20,117,75,83,13,37.2,79.6,
ONC-0147,Baseline,2026-02-21,140,87,75,17,36.6,82.0,
ONC-0147,Week 2,2026-03-06,127,82,79,12,36.9,79.3,
ONC-0147,Week 4,2026-03-19,109,79,86,19,36.3,81.9,
ONC-0147,Week 8,2026-04-18,109,68,91,18,36.9,83.3,
ONC-0147,Week 12,2026-05-22,106,86,75,12,37.4,83.3,
ONC-0147,End of Study,2026-05-19,113,86,83,14,37.4,80.5,
ONC-0148,Screening,2026-05-09,142,74,65,16,37.1,57.9,
ONC-0148,Baseline,2026-05-10,131,74,57,18,36.2,55.9,
ONC-0148,Week 2,2026-05-26,122,71,90,20,37.0,57.5,
ONC-0148,Week 4,2026-06-03,142,82,87,20,36.3,54.3,
ONC-0148,Week 8,2026-07-09,149,69,80,13,37.1,54.6,
ONC-0148,Week 12,2026-08-02,142,89,91,20,36.2,53.3,
ONC-0148,End of Study,2026-08-13,109,67,71,12,37.0,52.6,
ONC-0149,Screening,2026-04-02,107,66,67,18,37.2,116.5,
ONC-0149,Baseline,2026-04-03,145,66,87,19,36.6,117.8,
ONC-0149,Week 2,2026-04-13,129,77,84,18,37.3,114.8,
ONC-0149,Week 4,2026-04-29,135,82,57,15,36.6,116.3,
ONC-0149,Week 8,2026-06-03,118,81,78,13,37.3,115.2,
ONC-0149,Week 12,2026-06-24,121,67,58,19,36.4,116.3,
ONC-0149,End of Study,2026-07-01,141,79,76,19,37.1,115.6,
ONC-0150,Screening,2026-06-11,132,82,61,18,37.0,84.0,
ONC-0150,Baseline,2026-06-12,120,83,86,13,36.9,82.2,
ONC-0150,Week 2,2026-06-25,143,68,56,19,37.3,82.5,
ONC-0150,Week 4,2026-07-07,150,80,81,13,37.0,81.8,
ONC-0150,Week 8,2026-08-08,121,84,77,13,37.2,83.1,
ONC-0150,Week 12,2026-09-07,148,67,79,17,37.1,78.6,
ONC-0150,End of Study,2026-09-08,114,69,69,12,36.8,81.5,
ONC-0151,Screening,2026-01-26,132,81,90,15,36.3,59.5,
ONC-0151,Baseline,2026-01-27,115,78,93,12,36.3,60.0,
ONC-0151,Week 2,2026-02-06,128,72,95,20,36.9,60.6,
ONC-0151,Week 4,2026-02-24,140,76,72,12,36.2,61.2,
ONC-0151,Week 8,2026-03-17,106,94,84,12,36.2,57.5,
ONC-0151,Week 12,2026-04-23,115,89,65,18,37.3,61.1,
ONC-0151,End of Study,2026-04-30,141,90,58,17,36.1,62.3,
ONC-0152,Screening,2026-02-08,131,76,78,17,37.4,103.5,
ONC-0152,Baseline,2026-02-09,126,80,84,13,36.5,105.0,
ONC-0152,Week 2,2026-02-22,147,88,94,15,36.3,107.5,
ONC-0152,Week 4,2026-03-06,128,80,69,14,36.9,104.1,
ONC-0152,Week 8,2026-04-06,127,78,86,19,36.5,107.7,
ONC-0152,Week 12,2026-04-30,144,71,60,17,36.3,105.2,
ONC-0152,End of Study,2026-05-11,139,94,86,12,37.3,102.4,
ONC-0153,Screening,2026-06-08,110,68,75,15,36.3,54.5,
ONC-0154,Screening,2026-05-12,126,68,89,18,37.0,90.8,
ONC-0155,Screening,2026-06-20,141,92,81,20,36.3,72.7,
ONC-0155,Baseline,2026-06-21,127,91,67,20,36.1,74.4,
ONC-0155,Week 2,2026-07-02,136,71,84,13,36.9,69.4,
ONC-0155,Week 4,2026-07-13,136,81,73,13,36.1,74.1,
ONC-0155,Week 8,2026-08-18,141,65,61,17,37.1,71.8,
ONC-0155,Week 12,2026-09-09,148,83,56,15,36.5,71.9,
ONC-0155,End of Study,2026-09-20,120,67,90,19,37.2,72.8,
ONC-0156,Screening,2026-03-26,127,84,74,17,36.7,116.1,
ONC-0156,Baseline,2026-03-27,107,80,68,13,36.3,114.1,
ONC-0156,Week 2,2026-04-06,108,65,85,14,36.4,113.4,
ONC-0156,Week 4,2026-04-27,142,89,83,13,37.0,111.0,
ONC-0156,Week 8,2026-05-27,133,66,81,17,36.4,112.4,
ONC-0156,Week 12,2026-06-22,149,76,62,17,37.3,112.7,
ONC-0156,End of Study,2026-06-23,150,76,94,14,36.2,112.4,
ONC-0157,Screening,2026-03-07,116,93,72,15,36.4,120.0,
ONC-0158,Screening,2026-04-07,129,76,87,19,36.8,60.2,
ONC-0159,Screening,2026-02-14,116,65,79,13,37.2,92.0,
ONC-0159,Baseline,2026-02-15,127,84,75,20,36.5,92.2,
ONC-0159,Week 2,2026-03-01,137,73,77,13,36.3,92.3,
ONC-0159,Week 4,2026-03-10,120,91,90,20,36.4,95.7,
ONC-0159,Week 8,2026-04-17,132,69,77,20,36.3,97.0,
ONC-0159,Week 12,2026-05-06,142,94,85,20,36.8,92.1,
ONC-0159,End of Study,2026-05-13,130,83,78,13,36.7,93.6,
ONC-0160,Screening,2026-04-14,142,95,84,13,37.0,94.9,
ONC-0160,Baseline,2026-04-15,131,89,89,16,36.2,99.7,
ONC-0160,Week 2,2026-04-30,119,82,91,18,36.2,99.8,
ONC-0160,Week 4,2026-05-10,130,86,94,18,36.7,100.0,
ONC-0160,Week 8,2026-06-14,117,84,68,20,36.5,99.1,
ONC-0160,Week 12,2026-07-12,138,75,85,13,36.4,96.9,
ONC-0160,End of Study,2026-07-13,108,94,92,12,36.2,95.4,
ONC-0161,Screening,2026-01-12,132,80,87,15,37.4,91.5,
ONC-0161,Baseline,2026-01-13,135,82,82,12,36.1,86.4,
ONC-0161,Week 2,2026-01-28,128,68,60,20,36.7,89.9,
ONC-0161,Week 4,2026-02-07,114,68,87,15,36.9,87.7,
ONC-0161,Week 8,2026-03-05,110,76,67,18,36.8,90.8,
ONC-0161,Week 12,2026-04-03,107,94,78,13,37.4,91.7,
ONC-0161,End of Study,2026-04-18,114,94,91,12,37.0,88.4,
ONC-0162,Screening,2026-01-31,111,78,95,14,37.1,62.2,
ONC-0162,Baseline,2026-02-01,115,86,87,14,37.0,62.0,
ONC-0162,Week 2,2026-02-16,147,68,80,13,36.8,62.5,
ONC-0162,Week 4,2026-02-25,105,66,57,19,36.6,57.5,
ONC-0162,Week 8,2026-03-29,122,81,85,14,36.8,62.1,
ONC-0162,Week 12,2026-04-19,125,93,56,16,36.6,58.9,
ONC-0162,End of Study,2026-05-06,150,71,95,20,37.2,59.4,
ONC-0163,Screening,2026-04-22,139,92,85,19,36.3,79.5,
ONC-0163,Baseline,2026-04-23,136,85,79,14,36.9,75.7,
ONC-0163,Week 2,2026-05-07,131,80,94,15,36.2,78.4,
ONC-0163,Week 4,2026-05-18,105,94,75,20,36.8,80.5,
ONC-0163,Week 8,2026-06-13,133,89,80,18,36.8,80.4,
ONC-0163,Week 12,2026-07-18,150,65,88,20,37.0,78.8,
ONC-0163,End of Study,2026-07-28,128,91,75,14,36.3,79.0,
ONC-0164,Screening,2026-01-25,132,69,69,15,36.4,118.7,
ONC-0164,Baseline,2026-01-26,117,82,58,12,37.2,116.6,
ONC-0164,Week 2,2026-02-09,136,67,90,18,36.9,118.3,
ONC-0164,Week 4,2026-02-24,134,74,63,20,36.2,116.9,
ONC-0164,Week 8,2026-03-20,147,90,67,18,36.7,118.1,
ONC-0164,Week 12,2026-04-20,125,81,85,16,37.4,115.2,
ONC-0164,End of Study,2026-04-27,107,75,58,20,36.7,116.5,
ONC-0165,Screening,2026-01-06,130,71,59,19,36.7,93.7,
ONC-0165,Baseline,2026-01-07,124,93,57,20,36.5,93.9,
ONC-0165,Week 2,2026-01-17,140,72,60,18,36.5,93.2,
ONC-0165,Week 4,2026-02-04,113,81,70,19,36.2,93.7,
ONC-0165,Week 8,2026-02-26,146,87,68,15,36.6,92.9,
ONC-0165,Week 12,2026-03-25,106,89,57,15,36.1,92.0,
ONC-0165,End of Study,2026-04-09,119,67,93,17,36.5,94.8,
ONC-0166,Screening,2026-02-02,147,78,65,13,36.9,52.7,
ONC-0166,Baseline,2026-02-03,147,89,60,17,36.6,50.3,
ONC-0166,Week 2,2026-02-15,128,85,90,18,37.1,52.4,
ONC-0166,Week 4,2026-03-04,136,77,67,19,36.1,54.4,
ONC-0166,Week 8,2026-03-25,110,84,63,19,36.7,54.7,
ONC-0166,Week 12,2026-04-25,123,94,88,19,37.4,51.5,
ONC-0166,End of Study,2026-04-27,125,85,79,14,36.7,50.0,
ONC-0167,Screening,2026-01-31,122,85,57,19,36.2,100.1,
ONC-0167,Baseline,2026-02-01,130,69,61,20,36.3,102.0,
ONC-0167,Week 2,2026-02-11,125,95,92,14,36.2,98.4,
ONC-0167,Week 4,2026-03-05,126,85,75,13,37.1,103.1,
ONC-0167,Week 8,2026-04-02,149,66,79,13,37.1,97.4,
ONC-0167,Week 12,2026-04-24,131,72,67,17,36.2,98.0,
ONC-0167,End of Study,2026-05-08,116,81,57,15,36.9,100.4,
ONC-0168,Screening,2026-01-19,145,81,58,17,36.4,57.5,
ONC-0168,Baseline,2026-01-20,147,71,58,14,36.9,54.3,
ONC-0168,Week 2,2026-02-03,138,70,89,18,37.1,56.3,
ONC-0168,Week 4,2026-02-17,117,69,77,17,37.3,53.1,
ONC-0168,Week 8,2026-03-19,119,86,62,20,36.9,54.5,
ONC-0168,Week 12,2026-04-19,129,88,86,17,36.3,57.9,
ONC-0168,End of Study,2026-04-24,150,81,79,16,37.0,56.8,
ONC-0169,Screening,2026-06-02,124,90,80,18,36.5,66.9,
ONC-0169,Baseline,2026-06-03,132,74,69,15,36.8,64.9,
ONC-0169,Week 2,2026-06-17,127,67,76,17,36.9,64.5,
ONC-0169,Week 4,2026-07-04,148,81,69,19,36.6,66.2,
ONC-0169,Week 8,2026-08-04,106,70,77,16,37.2,68.2,
ONC-0169,Week 12,2026-08-22,122,81,88,20,37.1,63.3,
ONC-0169,End of Study,2026-09-02,150,66,68,19,36.7,65.2,
ONC-0170,Screening,2026-06-10,148,83,66,18,36.5,111.4,
ONC-0170,Baseline,2026-06-11,114,72,60,20,36.8,109.2,
ONC-0170,Week 2,2026-06-27,106,74,95,16,36.1,108.0,
ONC-0170,Week 4,2026-07-11,132,90,78,18,37.3,108.1,
ONC-0170,Week 8,2026-08-07,108,92,61,14,36.9,106.8,
ONC-0170,Week 12,2026-08-31,144,94,76,13,36.8,111.5,
ONC-0170,End of Study,2026-09-06,132,77,78,19,36.6,107.4,
ONC-0171,Screening,2026-01-22,148,78,80,14,36.3,120.1,
ONC-0171,Baseline,2026-01-23,147,65,76,17,37.0,116.3,
ONC-0171,Week 2,2026-02-07,115,66,92,12,36.7,121.3,
ONC-0171,Week 4,2026-02-20,109,65,64,19,37.0,118.4,
ONC-0171,Week 8,2026-03-26,135,70,56,14,37.2,117.2,
ONC-0171,Week 12,2026-04-13,123,77,86,16,36.1,116.8,
ONC-0171,End of Study,2026-04-20,121,95,60,12,37.1,116.3,
ONC-0172,Screening,2026-05-16,150,87,91,19,37.4,67.2,
ONC-0172,Baseline,2026-05-17,110,67,55,12,37.2,67.4,
ONC-0172,Week 2,2026-06-02,108,72,64,19,36.6,66.4,
ONC-0172,Week 4,2026-06-15,123,88,76,12,36.3,63.1,
ONC-0172,Week 8,2026-07-04,142,65,85,16,36.8,65.2,
ONC-0172,Week 12,2026-08-11,125,76,92,20,36.8,65.8,
ONC-0172,End of Study,2026-08-21,149,74,62,17,37.3,65.5,
ONC-0173,Screening,2026-02-17,134,68,75,16,36.4,115.3,
ONC-0173,Baseline,2026-02-18,106,93,71,19,37.4,116.7,
ONC-0173,Week 2,2026-03-03,121,70,67,15,36.4,112.9,
ONC-0173,Week 4,2026-03-17,134,79,93,19,36.3,117.2,
ONC-0173,Week 8,2026-04-08,147,66,90,12,37.2,117.8,
ONC-0173,Week 12,2026-05-16,111,93,60,13,37.3,113.7,
ONC-0173,End of Study,2026-05-17,117,68,80,12,36.7,117.8,
ONC-0174,Screening,2026-01-12,118,81,86,17,36.5,78.0,
ONC-0174,Baseline,2026-01-13,127,80,72,12,37.1,77.4,
ONC-0174,Week 2,2026-01-26,130,88,70,20,37.2,77.2,
ONC-0174,Week 4,2026-02-12,135,82,57,13,36.2,76.6,
ONC-0174,Week 8,2026-03-02,135,79,87,19,37.2,74.4,
ONC-0174,Week 12,2026-04-06,140,66,75,17,36.5,80.0,
ONC-0174,End of Study,2026-04-05,138,86,75,19,37.4,75.6,
ONC-0175,Screening,2026-03-07,127,87,62,13,36.3,60.3,
ONC-0175,Baseline,2026-03-08,140,72,70,16,36.4,62.0,
ONC-0175,Week 2,2026-03-21,149,81,77,16,37.4,63.1,
ONC-0175,Week 4,2026-04-06,138,94,94,20,36.2,60.7,
ONC-0175,Week 8,2026-05-09,127,83,86,18,37.3,61.8,
ONC-0175,Week 12,2026-05-29,126,80,62,18,37.4,61.5,
ONC-0175,End of Study,2026-05-29,136,70,59,20,37.3,60.8,
ONC-0176,Screening,2026-03-07,117,94,81,15,36.1,119.3,
ONC-0176,Baseline,2026-03-08,148,80,91,13,36.4,117.3,
ONC-0176,Week 2,2026-03-18,119,92,93,15,36.2,118.7,
ONC-0176,Week 4,2026-03-30,130,69,86,20,37.1,119.6,
ONC-0176,Week 8,2026-04-30,131,71,81,17,36.2,119.7,
ONC-0176,Week 12,2026-06-02,129,94,65,14,36.9,121.4,
ONC-0176,End of Study,2026-05-30,113,93,94,16,37.0,122.2,
ONC-0177,Screening,2026-06-06,118,94,92,20,36.9,71.6,
ONC-0177,Baseline,2026-06-07,105,94,75,12,37.0,68.0,
ONC-0177,Week 2,2026-06-18,116,65,85,14,36.5,72.3,
ONC-0177,Week 4,2026-07-06,109,86,61,15,36.9,72.7,
ONC-0177,Week 8,2026-08-06,142,76,56,18,36.4,70.1,
ONC-0177,Week 12,2026-08-22,150,87,66,20,37.1,67.1,
ONC-0177,End of Study,2026-09-10,146,87,86,13,36.4,71.4,
ONC-0178,Screening,2026-01-03,129,80,78,20,36.2,63.6,
ONC-0178,Baseline,2026-01-04,108,87,72,15,37.4,67.1,
ONC-0178,Week 2,2026-01-18,117,65,58,13,36.8,67.3,
ONC-0178,Week 4,2026-01-26,137,83,72,20,37.0,68.2,
ONC-0178,Week 8,2026-03-06,126,89,83,20,37.3,63.9,
ONC-0178,Week 12,2026-04-02,121,91,70,16,36.3,63.3,
ONC-0178,End of Study,2026-04-05,134,95,59,12,36.9,64.5,
ONC-0179,Screening,2026-02-12,130,69,81,19,37.2,103.6,
ONC-0179,Baseline,2026-02-13,117,68,89,15,36.2,104.6,
ONC-0179,Week 2,2026-03-01,125,87,88,19,37.3,102.0,
ONC-0179,Week 4,2026-03-09,116,82,81,19,37.1,100.7,
ONC-0179,Week 8,2026-04-08,119,69,95,18,36.3,105.8,
ONC-0179,Week 12,2026-05-13,110,88,75,17,36.4,100.3,
ONC-0179,End of Study,2026-05-10,112,84,79,18,36.2,101.2,
ONC-0180,Screening,2026-03-15,136,69,77,14,37.3,72.2,
ONC-0180,Baseline,2026-03-16,128,81,56,18,36.5,72.9,
ONC-0180,Week 2,2026-03-31,145,73,67,16,36.4,74.3,
ONC-0180,Week 4,2026-04-10,112,94,68,12,36.3,69.9,
ONC-0180,Week 8,2026-05-10,143,68,91,12,36.7,69.9,
ONC-0180,Week 12,2026-06-05,137,74,87,14,36.1,69.9,
ONC-0180,End of Study,2026-06-10,106,71,61,13,36.9,71.8,
ONC-0181,Screening,2026-04-18,127,92,78,15,36.7,116.4,
ONC-0181,Baseline,2026-04-19,133,86,73,13,37.1,115.4,
ONC-0181,Week 2,2026-05-03,140,78,82,12,36.5,114.1,
ONC-0181,Week 4,2026-05-20,117,94,83,13,37.4,114.0,
ONC-0181,Week 8,2026-06-14,135,81,60,13,36.3,113.3,
ONC-0181,Week 12,2026-07-06,108,71,63,16,36.9,116.8,
ONC-0181,End of Study,2026-07-15,137,86,75,17,36.7,118.3,
ONC-0182,Screening,2026-05-20,133,92,73,18,37.1,69.8,
ONC-0182,Baseline,2026-05-21,142,73,90,17,36.6,66.6,
ONC-0182,Week 2,2026-06-02,148,87,56,17,36.9,69.7,
ONC-0182,Week 4,2026-06-17,109,91,94,16,36.3,68.5,
ONC-0182,Week 8,2026-07-20,125,83,61,18,36.6,65.6,
ONC-0182,Week 12,2026-08-15,113,85,56,16,36.6,65.9,
ONC-0182,End of Study,2026-08-12,115,88,86,19,37.4,65.7,
ONC-0183,Screening,2026-01-09,118,83,62,17,36.8,98.1,
ONC-0183,Baseline,2026-01-10,108,94,57,17,36.9,99.2,
ONC-0183,Week 2,2026-01-24,106,68,79,15,37.1,102.5,
ONC-0183,Week 4,2026-02-06,123,68,90,17,36.5,98.3,
ONC-0183,Week 8,2026-02-27,112,86,81,17,36.7,101.2,
ONC-0183,Week 12,2026-04-02,110,72,72,19,36.3,101.9,
ONC-0183,End of Study,2026-04-15,142,70,76,13,36.7,102.1,
ONC-0184,Screening,2026-01-29,142,65,88,14,36.6,60.4,
ONC-0184,Baseline,2026-01-30,136,83,55,20,36.9,63.8,
ONC-0184,Week 2,2026-02-14,123,88,71,19,37.1,64.1,
ONC-0184,Week 4,2026-03-03,113,81,83,12,36.5,65.3,
ONC-0184,Week 12,2026-04-21,121,90,92,18,36.2,64.8,
ONC-0184,End of Study,2026-04-26,121,86,87,15,36.7,61.6,
ONC-0185,Screening,2026-01-04,132,79,68,15,37.3,88.0,
ONC-0185,Baseline,2026-01-05,136,78,80,13,36.1,87.1,
ONC-0185,Week 2,2026-01-18,137,91,60,18,36.6,87.2,
ONC-0185,Week 4,2026-02-05,119,76,83,17,37.0,88.7,
ONC-0185,Week 8,2026-03-01,108,82,81,14,36.9,87.6,
ONC-0185,Week 12,2026-03-26,106,84,85,14,37.0,85.7,
ONC-0185,End of Study,2026-04-06,125,73,71,14,37.0,84.6,
ONC-0186,Screening,2026-05-13,108,70,88,12,36.9,71.0,
ONC-0186,Baseline,2026-05-14,111,85,85,20,36.4,66.1,
ONC-0186,Week 2,2026-05-29,126,68,62,12,36.3,66.0,
ONC-0186,Week 4,2026-06-12,123,67,87,18,36.2,69.7,
ONC-0186,Week 12,2026-08-01,130,75,91,17,37.2,70.2,
ONC-0186,End of Study,2026-08-18,149,72,79,15,36.2,65.9,
ONC-0187,Screening,2026-03-11,142,79,69,20,36.1,77.5,
ONC-0188,Screening,2026-02-10,134,70,56,15,36.2,100.8,
ONC-0188,Baseline,2026-02-11,146,90,71,20,36.9,105.2,
ONC-0188,Week 2,2026-02-22,149,68,94,14,36.8,102.0,
ONC-0188,Week 4,2026-03-12,148,90,77,18,36.1,100.8,
ONC-0188,Week 8,2026-04-13,143,71,77,20,36.3,101.8,
ONC-0188,Week 12,2026-05-09,108,75,85,20,36.8,101.6,
ONC-0188,End of Study,2026-05-05,149,70,76,15,36.9,103.6,
ONC-0189,Screening,2026-06-18,108,86,95,13,36.8,115.2,
ONC-0189,Baseline,2026-06-19,119,75,67,14,36.7,116.5,
ONC-0189,Week 2,2026-07-03,106,65,87,14,37.2,112.4,
ONC-0189,Week 4,2026-07-21,129,81,83,12,36.3,114.2,
ONC-0189,Week 8,2026-08-10,128,95,90,14,36.7,113.8,
ONC-0189,Week 12,2026-09-05,106,75,79,12,36.8,117.5,
ONC-0189,End of Study,2026-09-21,119,73,77,17,36.5,116.8,
ONC-0190,Screening,2026-02-25,108,75,83,18,37.2,118.8,
ONC-0191,Screening,2026-01-23,142,67,66,20,36.8,114.0,
ONC-0191,Baseline,2026-01-24,113,66,94,18,36.7,117.2,
ONC-0191,Week 2,2026-02-08,114,65,80,14,36.4,116.5,
ONC-0191,Week 4,2026-02-24,107,79,63,16,37.2,115.9,
ONC-0191,Week 8,2026-03-17,109,66,77,18,36.3,114.6,
ONC-0191,Week 12,2026-04-20,110,75,81,16,37.0,113.1,
ONC-0191,End of Study,2026-04-18,106,78,77,14,37.3,115.2,
ONC-0192,Screening,2026-06-21,136,75,64,19,36.2,82.3,
ONC-0192,Baseline,2026-06-22,128,94,68,19,36.5,83.3,
ONC-0192,Week 2,2026-07-03,107,67,85,15,36.5,85.9,
ONC-0192,Week 4,2026-07-18,112,69,71,20,37.2,86.3,
ONC-0192,Week 8,2026-08-23,145,65,65,20,36.6,86.8,
ONC-0192,Week 12,2026-09-11,132,66,70,18,36.5,84.7,
ONC-0192,End of Study,2026-09-18,140,90,89,14,36.8,81.6,
ONC-0193,Screening,2026-05-07,140,68,82,16,37.3,66.8,
ONC-0193,Baseline,2026-05-08,130,91,91,12,37.0,66.8,
ONC-0193,Week 2,2026-05-19,141,90,65,15,36.2,63.8,
ONC-0193,Week 4,2026-06-03,147,92,69,13,36.6,66.4,
ONC-0193,Week 8,2026-07-01,120,91,87,13,37.1,66.8,
ONC-0193,Week 12,2026-08-05,148,78,90,15,36.1,64.2,
ONC-0193,End of Study,2026-07-30,142,76,95,16,36.2,62.9,
ONC-0194,Screening,2026-04-20,109,85,60,16,37.4,78.6,
ONC-0194,Baseline,2026-04-21,148,86,66,18,36.9,78.6,
ONC-0194,Week 2,2026-05-07,138,76,95,12,36.1,78.6,
ONC-0194,Week 4,2026-05-19,138,73,94,13,37.1,77.9,
ONC-0194,Week 8,2026-06-22,137,77,85,13,36.9,75.3,
ONC-0194,Week 12,2026-07-12,150,92,73,15,36.2,78.1,
ONC-0194,End of Study,2026-07-23,137,89,87,17,37.2,77.4,
ONC-0195,Screening,2026-04-21,144,85,82,15,36.3,53.3,
ONC-0195,Baseline,2026-04-22,114,81,60,15,36.3,52.1,
ONC-0195,Week 2,2026-05-04,110,77,71,16,36.7,50.2,
ONC-0195,Week 4,2026-05-20,141,93,75,15,37.3,53.7,
ONC-0195,Week 8,2026-06-15,146,92,85,17,36.9,54.7,
ONC-0195,Week 12,2026-07-12,114,66,68,17,36.2,54.2,
ONC-0195,End of Study,2026-07-16,105,71,64,14,36.8,51.7,
ONC-0196,Screening,2026-03-24,110,71,70,18,36.3,68.7,
ONC-0196,Baseline,2026-03-25,147,70,88,13,36.9,67.1,
ONC-0196,Week 2,2026-04-09,120,88,73,13,36.2,66.4,
ONC-0196,Week 4,2026-04-23,141,82,75,18,36.4,68.4,
ONC-0196,Week 8,2026-05-25,128,86,68,16,37.3,67.1,
ONC-0196,Week 12,2026-06-22,130,88,71,19,36.3,64.8,
ONC-0196,End of Study,2026-06-15,141,92,58,20,37.2,64.4,
ONC-0197,Screening,2026-06-24,117,86,85,15,37.0,56.7,
ONC-0197,Baseline,2026-06-25,131,86,92,20,37.3,52.2,
ONC-0197,Week 2,2026-07-08,148,86,70,16,37.3,52.7,
ONC-0197,Week 4,2026-07-26,125,66,88,17,37.3,54.8,
ONC-0197,Week 12,2026-09-18,137,82,57,12,36.6,55.6,
ONC-0197,End of Study,2026-09-23,125,72,76,14,36.8,54.4,
ONC-0198,Screening,2026-04-18,129,91,66,19,36.3,113.2,
ONC-0198,Baseline,2026-04-19,141,95,57,15,37.0,112.6,
ONC-0198,Week 2,2026-04-29,133,77,61,14,36.3,112.0,
ONC-0198,Week 4,2026-05-16,133,73,56,12,36.8,111.0,
ONC-0198,Week 8,2026-06-08,113,71,84,19,36.2,113.6,
ONC-0198,Week 12,2026-07-15,143,89,64,16,36.2,113.8,
ONC-0198,End of Study,2026-07-20,110,71,56,18,36.3,114.7,
ONC-0199,Screening,2026-03-09,131,66,88,17,37.3,73.9,
ONC-0199,Baseline,2026-03-10,145,83,84,19,36.7,74.5,
ONC-0199,Week 2,2026-03-26,124,68,61,19,37.2,74.4,
ONC-0199,Week 4,2026-04-08,125,72,77,14,37.4,73.8,
ONC-0199,Week 8,2026-04-29,143,84,95,17,36.3,75.2,
ONC-0199,Week 12,2026-06-04,125,74,89,18,36.5,74.1,
ONC-0199,End of Study,2026-06-02,147,65,84,19,36.3,71.8,
ONC-0200,Screening,2026-01-18,123,90,58,14,36.6,54.0,
ONC-0200,Baseline,2026-01-19,115,68,60,20,36.6,55.1,
ONC-0200,Week 2,2026-01-30,116,87,68,15,36.5,53.4,
ONC-0200,Week 4,2026-02-16,119,80,92,13,37.2,53.7,
ONC-0200,Week 8,2026-03-11,143,66,77,14,36.4,50.3,
ONC-0200,Week 12,2026-04-16,147,83,70,15,37.2,53.5,
ONC-0200,End of Study,2026-04-17,123,92,62,20,36.7,51.1,
ONC-0201,Screening,2026-06-16,117,94,83,15,36.6,67.8,
ONC-0201,Baseline,2026-06-17,134,93,93,17,37.0,68.2,
ONC-0201,Week 2,2026-06-30,128,73,81,17,37.3,67.0,
ONC-0201,Week 4,2026-07-13,140,74,70,13,37.4,65.0,
ONC-0201,Week 8,2026-08-16,105,74,84,18,37.1,67.5,
ONC-0201,Week 12,2026-09-14,121,73,90,18,37.1,69.5,
ONC-0201,End of Study,2026-09-15,136,71,95,16,37.3,69.5,
ONC-0202,Screening,2026-02-26,130,79,63,18,37.3,105.0,
ONC-0202,Baseline,2026-02-27,125,90,68,16,36.1,105.7,
ONC-0202,Week 2,2026-03-10,113,89,69,17,36.3,100.6,
ONC-0202,Week 4,2026-03-24,145,72,95,20,37.2,105.4,
ONC-0202,Week 8,2026-04-30,119,91,74,12,36.9,103.3,
ONC-0202,End of Study,2026-06-03,143,84,57,12,36.2,100.9,
ONC-0203,Screening,2026-04-17,108,94,94,16,37.1,115.7,
ONC-0203,Baseline,2026-04-18,130,67,69,18,37.2,115.2,
ONC-0203,Week 2,2026-04-28,117,95,81,15,36.9,115.7,
ONC-0203,Week 4,2026-05-14,129,95,88,17,37.3,112.1,
ONC-0203,Week 8,2026-06-09,123,84,85,14,37.3,114.8,
ONC-0203,Week 12,2026-07-17,111,74,82,13,36.4,113.6,
ONC-0203,End of Study,2026-07-14,137,81,94,18,37.4,111.6,
ONC-0204,Screening,2026-03-10,149,94,62,14,36.3,74.7,
ONC-0204,Baseline,2026-03-11,138,84,63,12,37.4,75.2,
ONC-0204,Week 2,2026-03-25,108,85,84,13,36.6,72.8,
ONC-0204,Week 4,2026-04-05,123,72,88,18,36.8,75.6,
ONC-0204,Week 8,2026-05-10,105,70,74,15,36.7,72.3,
ONC-0204,Week 12,2026-05-30,111,70,95,19,37.4,75.0,
ONC-0204,End of Study,2026-06-01,144,72,63,12,36.7,77.1,
ONC-0205,Screening,2026-03-25,112,84,71,13,36.3,85.7,
ONC-0205,Baseline,2026-03-26,137,87,79,14,36.2,87.8,
ONC-0205,Week 2,2026-04-09,113,66,72,19,36.4,84.5,
ONC-0205,Week 4,2026-04-21,134,77,88,13,37.3,89.1,
ONC-0205,Week 8,2026-05-26,122,88,67,18,36.6,87.9,
ONC-0205,Week 12,2026-06-11,121,91,95,13,36.5,84.3,
ONC-0205,End of Study,2026-06-22,130,75,94,16,37.4,85.1,
ONC-0206,Screening,2026-01-08,126,73,83,12,37.0,73.1,
ONC-0206,Baseline,2026-01-09,146,77,88,20,37.0,75.4,
ONC-0206,Week 2,2026-01-22,122,94,90,16,37.3,74.9,
ONC-0206,Week 4,2026-02-03,108,89,64,13,37.0,73.3,
ONC-0206,Week 8,2026-03-02,141,71,64,16,36.4,73.5,
ONC-0206,Week 12,2026-04-07,143,84,82,15,36.3,74.2,
ONC-0206,End of Study,2026-04-04,145,90,76,12,37.3,74.3,
ONC-0207,Screening,2026-02-10,108,94,71,20,36.7,68.7,
ONC-0207,Baseline,2026-02-11,119,65,78,14,36.7,66.3,
ONC-0207,Week 2,2026-02-21,131,95,84,15,36.5,65.6,
ONC-0207,Week 4,2026-03-12,143,75,78,20,36.4,68.1,
ONC-0207,Week 8,2026-04-12,148,70,81,13,37.3,70.0,
ONC-0207,Week 12,2026-05-08,137,81,92,16,36.9,68.4,
ONC-0207,End of Study,2026-05-18,109,89,72,15,36.7,66.2,
ONC-0208,Screening,2026-03-11,139,72,61,16,36.6,75.0,
ONC-0208,Baseline,2026-03-12,135,77,59,16,36.8,74.4,
ONC-0208,Week 2,2026-03-23,118,77,70,12,36.1,78.9,
ONC-0208,Week 4,2026-04-09,108,74,95,19,37.1,76.0,
ONC-0208,Week 8,2026-05-03,136,66,55,16,36.2,74.1,
ONC-0208,Week 12,2026-06-03,112,75,60,20,36.7,77.4,
ONC-0208,End of Study,2026-06-05,109,80,68,13,36.9,79.4,
ONC-0209,Screening,2026-05-13,140,73,82,18,36.5,108.4,
ONC-0209,Baseline,2026-05-14,124,91,63,20,37.4,105.1,
ONC-0209,Week 2,2026-05-24,131,72,59,16,36.6,108.4,
ONC-0209,Week 4,2026-06-08,109,74,81,19,36.2,102.8,
ONC-0209,Week 8,2026-07-05,115,82,70,20,36.7,106.9,
ONC-0209,Week 12,2026-08-10,116,93,60,12,36.3,104.2,
ONC-0209,End of Study,2026-08-12,149,88,58,17,36.9,105.0,
ONC-0210,Screening,2026-04-21,113,72,68,16,36.3,70.8,
ONC-0210,Baseline,2026-04-22,112,85,71,17,37.2,69.6,
ONC-0210,Week 2,2026-05-07,107,68,84,17,37.3,73.4,
ONC-0210,Week 4,2026-05-16,123,72,78,20,37.1,73.6,
ONC-0210,Week 8,2026-06-15,150,79,75,16,36.9,71.5,
ONC-0210,Week 12,2026-07-09,115,66,58,15,36.3,74.8,
ONC-0210,End of Study,2026-07-18,138,88,76,17,36.1,74.2,
ONC-0211,Screening,2026-02-18,134,84,88,13,36.5,102.1,
ONC-0211,Baseline,2026-02-19,130,79,90,14,36.3,105.5,
ONC-0211,Week 4,2026-03-22,126,94,75,15,36.5,103.8,
ONC-0211,Week 8,2026-04-09,129,71,69,16,36.8,104.7,
ONC-0211,End of Study,2026-05-15,150,92,76,17,36.5,102.8,
ONC-0212,Screening,2026-03-31,145,65,62,17,36.8,67.3,
ONC-0212,Baseline,2026-04-01,107,89,83,13,36.8,68.8,
ONC-0212,Week 2,2026-04-13,145,91,84,14,37.3,68.5,
ONC-0212,Week 4,2026-05-02,146,68,66,17,36.2,68.1,
ONC-0212,Week 8,2026-05-19,139,91,87,13,37.4,67.4,
ONC-0212,Week 12,2026-06-23,118,83,67,15,36.2,72.2,
ONC-0212,End of Study,2026-07-05,115,76,93,19,36.3,66.8,
ONC-0213,Screening,2026-02-13,109,80,90,12,36.7,115.9,
ONC-0213,Baseline,2026-02-14,119,83,86,15,36.2,121.5,
ONC-0213,Week 2,2026-03-02,109,93,68,18,37.1,117.1,
ONC-0213,Week 4,2026-03-11,144,74,82,17,36.8,121.4,
ONC-0213,Week 8,2026-04-16,150,93,61,14,36.9,121.1,
ONC-0213,Week 12,2026-05-10,117,70,82,14,37.0,119.2,
ONC-0213,End of Study,2026-05-19,106,78,59,12,36.7,121.3,
ONC-0214,Screening,2026-06-22,121,66,62,14,37.2,75.7,
ONC-0214,Baseline,2026-06-23,138,65,60,18,36.3,78.5,
ONC-0214,Week 2,2026-07-07,129,89,59,20,37.0,77.7,
ONC-0214,Week 4,2026-07-23,138,65,57,14,36.4,73.7,
ONC-0214,Week 8,2026-08-11,116,68,76,14,36.5,75.2,
ONC-0214,Week 12,2026-09-11,130,89,79,15,36.6,76.6,
ONC-0214,End of Study,2026-09-26,118,90,67,19,37.3,77.8,
ONC-0215,Screening,2026-05-27,148,66,79,12,36.7,108.9,
ONC-0215,Baseline,2026-05-28,121,76,73,18,36.2,110.8,
ONC-0215,Week 2,2026-06-07,122,90,69,19,36.8,108.6,
ONC-0215,Week 4,2026-06-25,139,89,78,19,37.0,112.7,
ONC-0215,Week 8,2026-07-28,149,92,57,12,36.6,110.3,
ONC-0215,Week 12,2026-08-25,146,83,83,19,36.6,112.9,
ONC-0215,End of Study,2026-08-25,114,65,59,12,36.1,110.8,
ONC-0216,Screening,2026-03-28,143,72,81,12,36.5,65.9,
ONC-0216,Baseline,2026-03-29,118,95,72,16,36.2,65.4,
ONC-0216,Week 2,2026-04-08,148,73,56,17,37.1,60.5,
ONC-0216,Week 4,2026-04-20,112,85,59,18,37.3,64.2,
ONC-0216,Week 8,2026-05-18,116,83,86,18,37.3,61.9,
ONC-0216,Week 12,2026-06-19,115,68,77,18,37.0,64.8,
ONC-0216,End of Study,2026-06-29,116,76,69,12,36.9,65.9,
ONC-0217,Screening,2026-05-06,112,86,84,17,36.8,76.9,
ONC-0217,Baseline,2026-05-07,134,74,69,14,37.3,78.0,
ONC-0217,Week 2,2026-05-19,144,67,86,13,37.0,76.8,
ONC-0217,Week 4,2026-06-04,137,81,93,14,37.2,75.2,
ONC-0217,Week 8,2026-06-28,134,70,56,13,36.2,75.6,
ONC-0217,Week 12,2026-07-22,105,73,76,14,36.7,77.3,
ONC-0217,End of Study,2026-08-08,110,73,69,17,37.2,75.6,
ONC-0218,Screening,2026-05-13,105,67,84,20,37.1,63.7,
ONC-0218,Baseline,2026-05-14,123,89,78,17,37.2,63.6,
ONC-0218,Week 2,2026-05-24,109,84,74,17,36.6,66.6,
ONC-0218,Week 4,2026-06-10,130,94,88,14,36.6,62.6,
ONC-0218,Week 8,2026-07-12,144,69,72,17,36.9,61.8,
ONC-0218,Week 12,2026-08-11,105,66,75,17,36.3,64.7,
ONC-0218,End of Study,2026-08-14,138,65,72,13,37.0,66.4,
ONC-0219,Screening,2026-02-05,116,88,64,15,36.4,91.2,
ONC-0219,Baseline,2026-02-06,132,75,62,14,36.9,95.6,
ONC-0219,Week 2,2026-02-21,141,91,92,13,36.1,94.6,
ONC-0219,Week 4,2026-03-02,145,91,66,14,37.3,92.0,
ONC-0219,Week 8,2026-04-05,127,79,93,13,36.5,93.6,
ONC-0219,Week 12,2026-04-24,131,67,78,13,36.9,95.2,
ONC-0219,End of Study,2026-05-04,130,80,94,15,37.3,90.7,
ONC-0220,Screening,2026-03-29,140,80,57,17,36.7,118.3,
ONC-0220,Baseline,2026-03-30,143,94,57,19,37.4,120.2,
ONC-0220,Week 2,2026-04-13,124,75,78,14,36.3,121.3,
ONC-0220,Week 4,2026-04-22,121,69,90,19,36.7,120.8,
ONC-0220,Week 8,2026-05-23,126,70,89,15,36.7,121.2,
ONC-0220,Week 12,2026-06-14,137,79,55,19,37.4,115.8,
ONC-0220,End of Study,2026-06-21,113,95,89,13,36.6,121.2,
ONC-0221,Screening,2026-05-02,139,66,92,18,36.8,92.5,
ONC-0221,Baseline,2026-05-03,123,82,56,12,36.4,89.7,
ONC-0221,Week 2,2026-05-15,144,93,62,12,36.8,92.7,
ONC-0221,Week 4,2026-06-01,135,75,94,15,37.0,92.5,
ONC-0221,Week 8,2026-07-02,109,88,90,17,37.3,92.0,
ONC-0221,Week 12,2026-07-31,134,87,86,13,36.2,90.4,
ONC-0221,End of Study,2026-07-30,109,66,87,17,36.1,89.5,
ONC-0222,Screening,2026-02-18,128,87,80,18,37.0,61.0,
ONC-0222,Baseline,2026-02-19,135,86,84,12,36.4,56.6,
ONC-0222,Week 2,2026-03-05,138,73,58,12,36.5,59.4,
ONC-0222,Week 4,2026-03-16,108,94,61,13,37.4,59.6,
ONC-0222,Week 8,2026-04-18,134,91,72,13,37.1,60.4,
ONC-0222,Week 12,2026-05-10,122,71,80,15,36.8,61.6,
ONC-0222,End of Study,2026-05-22,136,70,64,17,37.1,57.9,
ONC-0223,Screening,2026-01-31,126,79,74,20,37.1,61.3,
ONC-0223,Baseline,2026-02-01,136,65,70,17,36.8,65.2,
ONC-0223,Week 4,2026-02-23,127,90,64,13,36.5,63.7,
ONC-0223,Week 8,2026-04-01,118,78,95,13,36.2,63.8,
ONC-0223,Week 12,2026-04-30,132,89,74,15,36.4,60.4,
ONC-0223,End of Study,2026-04-29,127,93,95,13,36.6,62.5,
ONC-0224,Screening,2026-05-04,110,82,86,16,36.4,118.8,
ONC-0224,Baseline,2026-05-05,121,78,86,16,36.8,118.6,
ONC-0224,Week 2,2026-05-16,107,65,70,14,37.0,114.9,
ONC-0224,Week 4,2026-06-06,149,88,74,15,37.0,116.6,
ONC-0224,Week 8,2026-06-26,122,83,92,13,36.5,116.9,
ONC-0224,Week 12,2026-08-01,140,74,62,20,36.7,119.9,
ONC-0224,End of Study,2026-08-02,145,79,55,15,36.3,119.5,
ONC-0225,Screening,2026-05-05,117,79,66,15,37.3,108.9,
ONC-0225,Baseline,2026-05-06,133,68,80,13,36.7,109.6,
ONC-0225,Week 2,2026-05-17,135,79,95,14,36.9,111.7,
ONC-0225,Week 4,2026-05-29,139,75,71,12,36.7,111.9,
ONC-0225,Week 8,2026-07-02,125,94,73,16,36.8,113.6,
ONC-0225,Week 12,2026-07-30,131,93,83,14,36.1,114.1,
ONC-0225,End of Study,2026-08-09,119,95,94,15,36.9,113.4,
ONC-0226,Screening,2026-05-27,108,72,95,19,36.8,117.5,
ONC-0226,Baseline,2026-05-28,139,65,79,19,36.9,113.5,
ONC-0226,Week 4,2026-06-25,137,92,66,12,37.0,116.6,
ONC-0226,Week 8,2026-07-23,146,78,70,13,36.6,113.4,
ONC-0226,Week 12,2026-08-22,136,77,87,16,36.8,117.9,
ONC-0226,End of Study,2026-08-18,143,75,94,16,37.3,116.1,
ONC-0227,Screening,2026-02-24,117,89,65,12,37.0,67.2,
ONC-0227,Baseline,2026-02-25,130,88,61,12,36.4,63.5,
ONC-0227,Week 2,2026-03-10,124,73,89,15,36.8,65.9,
ONC-0227,Week 4,2026-03-26,133,81,81,13,36.6,64.1,
ONC-0227,Week 8,2026-04-23,121,72,79,13,36.5,65.7,
ONC-0227,Week 12,2026-05-25,126,80,69,14,36.6,65.0,
ONC-0227,End of Study,2026-05-19,134,90,72,19,36.4,62.4,
ONC-0228,Screening,2026-06-28,142,91,88,13,36.5,106.5,
ONC-0228,Baseline,2026-06-29,149,75,68,13,37.0,106.9,
ONC-0228,Week 2,2026-07-13,108,68,76,12,37.2,107.2,
ONC-0228,Week 4,2026-07-28,142,73,80,16,37.2,106.9,
ONC-0228,Week 8,2026-08-26,139,69,58,16,36.3,104.1,
ONC-0228,Week 12,2026-09-22,109,89,81,15,36.1,103.6,
ONC-0229,Screening,2026-06-16,111,92,83,14,36.9,98.6,
ONC-0229,Baseline,2026-06-17,114,78,77,18,36.9,99.4,
ONC-0229,Week 2,2026-06-29,138,67,92,18,36.9,99.7,
ONC-0229,Week 4,2026-07-09,110,89,62,17,36.3,98.7,
ONC-0229,Week 8,2026-08-13,126,85,88,19,37.1,98.4,
ONC-0229,Week 12,2026-09-12,141,87,58,12,36.7,101.8,
ONC-0229,End of Study,2026-09-18,144,81,84,20,36.5,97.5,
ONC-0230,Screening,2026-04-05,140,94,69,15,36.3,94.2,
ONC-0230,Baseline,2026-04-06,147,87,70,20,37.4,96.7,
ONC-0230,Week 2,2026-04-22,133,80,62,18,36.3,96.1,
ONC-0230,Week 4,2026-04-30,145,68,68,12,37.1,96.2,
ONC-0230,Week 8,2026-06-04,142,95,71,20,36.2,93.6,
ONC-0230,Week 12,2026-06-25,147,82,57,13,36.1,92.6,
ONC-0230,End of Study,2026-07-09,128,90,81,14,36.3,92.1,
ONC-0231,Screening,2026-06-06,109,82,56,15,36.7,89.5,
ONC-0231,Baseline,2026-06-07,134,88,66,12,36.3,86.9,
ONC-0231,Week 2,2026-06-21,122,81,74,15,36.4,88.3,
ONC-0231,Week 4,2026-07-08,111,81,79,18,37.0,84.7,
ONC-0231,Week 8,2026-08-03,136,82,70,17,36.3,90.6,
ONC-0231,Week 12,2026-08-25,117,92,95,19,36.7,87.1,
ONC-0231,End of Study,2026-09-01,144,73,74,16,36.3,85.3,
ONC-0232,Screening,2026-03-20,144,84,82,14,37.0,53.6,
ONC-0232,Baseline,2026-03-21,119,91,67,17,37.0,52.7,
ONC-0232,Week 2,2026-04-06,126,71,81,18,36.3,53.9,
ONC-0232,Week 4,2026-04-16,115,79,66,19,36.5,52.9,
ONC-0232,Week 8,2026-05-14,124,94,80,15,37.3,53.4,
ONC-0232,Week 12,2026-06-15,112,67,79,12,36.6,50.9,
ONC-0232,End of Study,2026-06-12,150,68,69,18,36.3,52.5,
ONC-0233,Screening,2026-03-21,116,93,87,13,37.3,100.5,
ONC-0233,Baseline,2026-03-22,123,68,74,20,36.3,101.7,
ONC-0233,Week 2,2026-04-03,144,66,81,17,37.1,100.7,
ONC-0233,Week 4,2026-04-18,115,78,60,18,37.0,98.7,
ONC-0233,Week 8,2026-05-17,129,70,95,15,36.3,101.3,
ONC-0233,Week 12,2026-06-16,130,84,60,19,36.4,98.2,
ONC-0233,End of Study,2026-06-15,140,79,66,13,36.8,98.0,
ONC-0234,Screening,2026-05-18,142,76,63,19,36.7,67.7,
ONC-0234,Baseline,2026-05-19,128,88,86,16,36.4,65.3,
ONC-0234,Week 2,2026-06-01,118,81,65,19,36.1,65.5,
ONC-0234,Week 4,2026-06-18,105,84,68,17,37.0,65.2,
ONC-0234,Week 8,2026-07-10,114,82,90,18,36.5,65.2,
ONC-0234,Week 12,2026-08-13,124,92,85,13,36.2,68.1,
ONC-0234,End of Study,2026-08-23,117,93,57,16,36.2,66.7,
ONC-0235,Screening,2026-02-13,137,92,57,16,36.4,75.1,
ONC-0235,Baseline,2026-02-14,138,70,78,12,37.0,73.2,
ONC-0235,Week 2,2026-02-27,106,92,58,14,36.9,72.2,
ONC-0235,Week 4,2026-03-13,112,93,61,17,36.6,71.4,
ONC-0235,Week 8,2026-04-04,144,81,91,18,36.6,75.1,
ONC-0235,Week 12,2026-05-03,113,82,82,20,36.9,75.9,
ONC-0235,End of Study,2026-05-10,141,67,84,12,37.4,72.9,
ONC-0236,Screening,2026-06-27,123,85,56,13,36.6,69.1,
ONC-0236,Baseline,2026-06-28,138,93,91,15,37.3,66.1,
ONC-0236,Week 2,2026-07-12,135,91,56,12,36.6,64.6,
ONC-0236,Week 4,2026-07-21,149,65,69,13,37.0,66.7,
ONC-0236,Week 8,2026-08-20,147,83,89,12,36.3,66.5,
ONC-0236,Week 12,2026-09-16,126,66,74,18,36.4,66.4,
ONC-0236,End of Study,2026-09-26,115,70,56,19,37.4,69.0,
ONC-0237,Screening,2026-03-09,142,84,60,14,37.1,119.6,
ONC-0237,Baseline,2026-03-10,111,73,80,15,36.9,116.9,
ONC-0237,Week 2,2026-03-23,127,65,77,19,37.0,119.2,
ONC-0237,Week 4,2026-04-07,137,82,67,18,36.7,118.6,
ONC-0237,Week 8,2026-05-04,126,87,88,18,37.0,116.3,
ONC-0237,Week 12,2026-06-01,147,86,57,12,36.3,119.7,
ONC-0237,End of Study,2026-06-04,146,87,93,20,37.1,117.4,
ONC-0238,Screening,2026-06-08,141,90,64,20,36.9,50.8,
ONC-0238,Baseline,2026-06-09,118,78,66,18,36.8,52.6,
ONC-0238,Week 2,2026-06-20,115,89,69,13,37.2,52.6,
ONC-0238,Week 4,2026-07-03,118,85,58,16,36.1,52.4,
ONC-0238,Week 8,2026-08-07,150,71,86,20,37.0,52.3,
ONC-0238,Week 12,2026-09-01,133,84,55,13,37.3,56.0,
ONC-0238,End of Study,2026-09-09,150,95,94,13,36.6,50.9,
ONC-0239,Screening,2026-01-24,142,92,63,18,36.7,81.6,
ONC-0239,Baseline,2026-01-25,131,91,69,20,37.0,82.6,
ONC-0239,Week 2,2026-02-05,111,71,57,20,36.2,83.1,
ONC-0239,Week 4,2026-02-20,119,84,73,15,36.7,81.8,
ONC-0239,Week 8,2026-03-27,131,80,70,19,36.9,78.7,
ONC-0239,Week 12,2026-04-16,126,89,76,16,37.3,80.6,
ONC-0239,End of Study,2026-04-20,133,84,56,20,36.4,83.8,
ONC-0240,Screening,2026-05-11,123,81,71,16,37.2,60.7,
ONC-0240,Baseline,2026-05-12,140,74,84,18,37.1,60.6,
ONC-0240,Week 2,2026-05-25,140,73,57,16,37.2,55.4,
ONC-0240,Week 4,2026-06-05,144,78,85,14,36.8,55.6,
ONC-0240,Week 8,2026-07-12,111,94,78,16,36.4,58.4,
ONC-0240,Week 12,2026-08-07,138,67,94,20,37.0,59.9,
ONC-0240,End of Study,2026-08-11,118,93,68,12,37.3,58.7,
ONC-0241,Screening,2026-02-25,108,72,79,18,36.3,67.8,
ONC-0241,Baseline,2026-02-26,120,66,62,14,36.6,65.8,
ONC-0241,Week 2,2026-03-12,116,73,65,14,36.8,64.9,
ONC-0241,Week 4,2026-03-29,127,89,63,14,36.4,65.4,
ONC-0241,Week 8,2026-04-22,143,88,57,18,36.9,68.2,
ONC-0241,Week 12,2026-05-21,120,65,90,12,36.2,65.5,
ONC-0242,Screening,2026-03-29,109,68,78,12,36.7,82.8,
ONC-0242,Baseline,2026-03-30,137,90,92,15,36.9,82.6,
ONC-0242,Week 2,2026-04-09,105,89,64,19,37.2,81.8,
ONC-0242,Week 4,2026-04-30,112,66,89,20,36.3,81.2,
ONC-0242,Week 8,2026-05-22,142,80,56,20,37.3,82.2,
ONC-0242,Week 12,2026-06-18,148,67,68,12,37.0,84.3,
ONC-0242,End of Study,2026-07-03,142,89,57,18,36.5,80.4,
ONC-0243,Screening,2026-01-13,115,87,68,13,37.3,70.6,
ONC-0243,Baseline,2026-01-14,106,92,67,18,36.7,70.2,
ONC-0243,Week 2,2026-01-27,124,86,55,15,37.1,70.4,
ONC-0243,Week 4,2026-02-09,117,89,56,17,36.5,71.5,
ONC-0243,Week 8,2026-03-14,133,93,90,15,36.7,72.0,
ONC-0243,Week 12,2026-03-31,124,79,90,19,36.5,67.4,
ONC-0243,End of Study,2026-04-09,141,66,83,16,37.2,69.1,
ONC-0244,Screening,2026-03-17,130,70,60,12,36.8,69.3,
ONC-0244,Baseline,2026-03-18,125,65,57,17,36.5,69.4,
ONC-0244,Week 2,2026-04-02,139,82,61,17,36.6,72.0,
ONC-0244,Week 4,2026-04-12,123,80,83,12,36.5,68.4,
ONC-0244,Week 8,2026-05-06,136,66,68,15,36.6,70.7,
ONC-0244,Week 12,2026-06-08,118,66,78,20,36.1,71.2,
ONC-0244,End of Study,2026-06-09,131,94,62,17,36.2,73.3,
ONC-0245,Screening,2026-04-14,128,89,67,15,37.2,58.5,
ONC-0245,Baseline,2026-04-15,107,68,65,17,36.8,56.2,
ONC-0245,Week 2,2026-04-25,123,92,91,19,36.7,58.6,
ONC-0245,Week 4,2026-05-10,137,68,67,15,36.8,59.9,
ONC-0245,Week 8,2026-06-16,145,82,67,13,37.0,59.4,
ONC-0245,Week 12,2026-07-09,136,77,81,13,37.3,56.9,
ONC-0245,End of Study,2026-07-13,139,86,67,16,36.6,54.4,
ONC-0246,Screening,2026-04-12,116,88,57,12,37.1,95.6,
ONC-0247,Screening,2026-05-24,136,65,77,15,36.1,84.2,
ONC-0247,Baseline,2026-05-25,117,87,93,16,36.2,84.8,
ONC-0247,Week 2,2026-06-07,131,92,87,19,37.0,86.9,
ONC-0247,Week 4,2026-06-21,111,81,66,16,36.5,88.2,
ONC-0247,Week 8,2026-07-17,133,95,60,15,36.3,86.2,
ONC-0247,Week 12,2026-08-13,146,80,86,13,37.1,85.8,
ONC-0247,End of Study,2026-08-24,146,82,90,12,36.8,84.9,
ONC-0248,Screening,2026-04-25,130,81,90,15,36.8,85.2,
ONC-0248,Baseline,2026-04-26,105,88,91,15,37.0,82.2,
ONC-0248,Week 2,2026-05-12,114,89,62,14,36.8,86.5,
ONC-0248,Week 4,2026-05-20,106,84,80,17,37.1,84.4,
ONC-0248,Week 8,2026-06-13,143,85,85,14,37.0,83.6,
ONC-0248,Week 12,2026-07-17,115,85,56,19,37.3,83.2,
ONC-0248,End of Study,2026-07-31,111,73,60,13,37.2,83.1,
ONC-0249,Screening,2026-06-02,135,82,69,15,37.2,116.2,
ONC-0249,Baseline,2026-06-03,130,95,70,19,36.7,117.8,
ONC-0249,Week 2,2026-06-18,140,66,91,15,36.7,115.7,
ONC-0249,Week 4,2026-06-26,114,78,78,20,36.5,118.7,
ONC-0249,Week 12,2026-08-21,109,70,74,15,37.3,113.8,
ONC-0249,End of Study,2026-08-24,143,70,84,17,37.0,113.9,
ONC-0250,Screening,2026-05-29,129,65,70,14,37.4,64.3,
ONC-0250,Baseline,2026-05-30,150,71,90,20,36.4,65.2,
ONC-0250,Week 2,2026-06-13,145,82,84,17,36.3,61.3,
ONC-0250,Week 12,2026-08-27,116,72,90,14,36.4,62.4,
ONC-0250,End of Study,2026-08-24,124,87,94,13,36.2,63.3,
ONC-0251,Screening,2026-04-10,105,73,60,14,37.1,82.0,
ONC-0251,Baseline,2026-04-11,115,82,67,16,36.3,81.8,
ONC-0251,Week 2,2026-04-25,113,68,67,19,36.5,78.2,
ONC-0251,Week 4,2026-05-04,119,91,80,17,37.2,82.4,
ONC-0251,Week 8,2026-05-29,134,77,58,12,36.5,79.0,
ONC-0251,Week 12,2026-06-29,116,72,94,19,36.5,80.6,
ONC-0251,End of Study,2026-07-04,111,84,85,12,36.8,82.9,
ONC-0252,Screening,2026-03-27,127,66,67,12,37.0,86.2,
ONC-0252,Baseline,2026-03-28,122,91,62,15,37.1,85.3,
ONC-0252,Week 2,2026-04-07,126,79,63,15,36.5,84.5,
ONC-0252,Week 4,2026-04-20,138,82,55,12,36.4,86.0,
ONC-0252,Week 8,2026-05-20,114,74,86,17,36.4,82.6,
ONC-0252,Week 12,2026-06-14,126,93,94,12,37.4,83.7,
ONC-0252,End of Study,2026-06-24,128,88,83,18,36.5,84.5,
ONC-0253,Screening,2026-04-28,131,72,68,12,37.2,105.4,
ONC-0254,Screening,2026-04-11,121,94,94,20,37.3,66.6,
ONC-0254,Baseline,2026-04-12,138,93,73,18,36.6,66.9,
ONC-0254,Week 2,2026-04-24,122,78,83,12,36.1,66.2,
ONC-0254,Week 4,2026-05-07,130,76,75,19,37.2,68.8,
ONC-0254,Week 8,2026-05-30,115,95,77,13,36.5,67.9,
ONC-0254,Week 12,2026-06-30,114,86,61,17,36.7,63.6,
ONC-0254,End of Study,2026-07-10,115,65,72,17,36.9,68.9,
ONC-0255,Screening,2026-01-14,118,90,71,19,36.1,61.3,
ONC-0255,Baseline,2026-01-15,142,72,65,20,37.2,60.1,
ONC-0255,Week 2,2026-01-31,115,70,59,17,36.4,61.4,
ONC-0255,Week 4,2026-02-13,134,74,86,12,36.6,62.9,
ONC-0255,Week 8,2026-03-17,138,83,57,16,36.4,62.6,
ONC-0255,Week 12,2026-04-03,128,75,71,14,36.4,65.0,
ONC-0255,End of Study,2026-04-10,107,79,88,15,36.3,61.7,
ONC-0256,Screening,2026-01-06,122,88,59,17,36.9,61.9,
ONC-0256,Baseline,2026-01-07,136,94,93,20,37.2,63.8,
ONC-0256,Week 2,2026-01-22,129,94,60,15,36.6,62.1,
ONC-0256,Week 4,2026-02-03,142,91,90,14,36.2,61.9,
ONC-0256,Week 8,2026-03-03,121,67,85,12,36.7,61.9,
ONC-0256,Week 12,2026-03-26,147,77,70,16,36.5,66.1,
ONC-0256,End of Study,2026-04-04,150,88,72,19,36.1,63.5,
ONC-0257,Screening,2026-03-01,145,81,94,15,36.6,114.2,
ONC-0257,Baseline,2026-03-02,128,74,65,18,36.9,118.8,
ONC-0257,Week 2,2026-03-12,133,74,58,17,36.6,114.5,
ONC-0257,Week 4,2026-04-03,141,82,90,12,36.4,115.1,
ONC-0257,Week 8,2026-04-25,112,74,62,13,37.3,114.3,
ONC-0257,Week 12,2026-05-29,142,90,64,13,36.7,118.9,
ONC-0257,End of Study,2026-05-24,142,65,74,15,36.9,116.1,
ONC-0258,Screening,2026-06-11,117,95,65,20,36.8,100.5,
ONC-0258,Baseline,2026-06-12,150,74,75,16,37.0,105.5,
ONC-0258,Week 2,2026-06-24,136,78,75,12,37.2,104.7,
ONC-0258,Week 4,2026-07-13,119,76,89,20,36.4,104.7,
ONC-0258,Week 8,2026-08-09,110,85,69,17,36.5,104.1,
ONC-0258,Week 12,2026-08-27,113,91,85,16,36.7,105.4,
ONC-0258,End of Study,2026-09-03,116,69,83,17,37.2,102.0,
ONC-0259,Screening,2026-01-14,122,90,71,15,37.3,78.8,
ONC-0259,Baseline,2026-01-15,142,70,93,20,36.4,82.8,
ONC-0259,Week 2,2026-01-28,141,91,78,18,36.3,80.5,
ONC-0259,Week 4,2026-02-09,118,90,81,15,36.6,79.7,
ONC-0259,Week 8,2026-03-14,129,88,59,17,36.7,78.8,
ONC-0259,Week 12,2026-04-06,120,82,77,16,36.7,80.7,
ONC-0259,End of Study,2026-04-19,111,84,85,15,36.1,82.0,
ONC-0260,Screening,2026-06-18,140,91,73,19,37.3,83.3,
ONC-0260,Baseline,2026-06-19,107,94,72,20,37.0,81.8,
ONC-0260,Week 2,2026-07-02,126,82,90,19,36.2,86.6,
ONC-0260,Week 4,2026-07-18,134,88,62,17,36.4,86.0,
ONC-0260,Week 8,2026-08-14,149,87,68,18,36.1,82.0,
ONC-0260,Week 12,2026-09-06,137,69,84,19,36.9,83.9,
ONC-0260,End of Study,2026-09-18,111,77,90,18,37.3,83.1,
ONC-0261,Screening,2026-05-20,122,69,88,18,36.2,65.4,
ONC-0262,Screening,2026-06-26,113,95,59,20,36.4,103.2,
ONC-0262,Baseline,2026-06-27,132,81,76,19,36.2,102.6,
ONC-0262,Week 4,2026-07-26,120,94,93,15,37.1,101.3,
ONC-0262,Week 8,2026-08-25,107,81,91,20,36.7,104.1,
ONC-0262,Week 12,2026-09-18,114,68,79,19,37.3,103.8,
ONC-0262,End of Study,2026-09-23,142,66,68,14,37.3,101.6,
ONC-0263,Screening,2026-04-25,118,72,67,18,37.0,106.0,
ONC-0263,Baseline,2026-04-26,107,75,72,12,36.7,105.5,
ONC-0263,Week 2,2026-05-11,106,68,64,15,37.0,104.3,
ONC-0263,Week 4,2026-05-23,123,84,71,15,37.3,108.1,
ONC-0263,Week 8,2026-06-22,116,74,64,12,37.2,104.6,
ONC-0263,Week 12,2026-07-14,112,69,89,20,37.4,107.8,
ONC-0263,End of Study,2026-07-27,119,68,57,14,36.2,104.9,
ONC-0264,Screening,2026-01-10,147,85,71,13,36.7,118.4,
ONC-0264,Baseline,2026-01-11,138,93,89,12,36.1,114.8,
ONC-0264,Week 4,2026-02-06,126,69,83,20,37.0,118.7,
ONC-0264,Week 8,2026-03-02,113,85,69,14,36.1,117.6,
ONC-0264,Week 12,2026-04-03,132,74,65,16,37.3,119.3,
ONC-0264,End of Study,2026-04-05,124,68,92,17,37.0,116.8,
ONC-0265,Screening,2026-04-19,117,78,63,13,37.1,72.2,
ONC-0265,Baseline,2026-04-20,106,76,88,20,36.2,74.2,
ONC-0265,Week 2,2026-05-06,125,70,83,17,36.2,75.5,
ONC-0265,Week 4,2026-05-13,127,92,64,20,36.8,72.7,
ONC-0265,Week 8,2026-06-20,113,86,85,20,36.6,73.0,
ONC-0265,Week 12,2026-07-16,119,93,58,17,36.9,75.6,
ONC-0265,End of Study,2026-07-25,121,90,93,14,36.4,75.4,
ONC-0266,Screening,2026-03-16,122,76,80,15,36.8,85.6,
ONC-0266,Baseline,2026-03-17,134,84,88,13,36.8,81.8,
ONC-0266,Week 2,2026-03-29,114,83,59,18,37.1,83.5,
ONC-0266,Week 4,2026-04-13,108,87,63,20,36.8,82.3,
ONC-0266,Week 8,2026-05-10,148,93,64,13,36.3,84.5,
ONC-0266,Week 12,2026-06-02,111,93,77,19,37.3,85.2,
ONC-0266,End of Study,2026-06-14,118,70,61,14,37.1,81.0,
ONC-0267,Screening,2026-06-21,131,86,89,20,36.3,60.5,
ONC-0267,Baseline,2026-06-22,142,91,59,13,36.8,57.7,
ONC-0267,Week 2,2026-07-04,128,72,63,13,36.6,58.3,
ONC-0267,Week 4,2026-07-18,149,77,95,17,37.0,58.7,
ONC-0267,Week 8,2026-08-21,105,68,65,18,37.0,60.0,
ONC-0267,Week 12,2026-09-09,127,94,71,18,36.5,60.6,
ONC-0267,End of Study,2026-09-22,137,90,75,12,36.2,59.4,
ONC-0268,Screening,2026-05-26,139,78,73,12,36.7,88.2,
ONC-0268,Baseline,2026-05-27,127,88,78,13,37.0,89.6,
ONC-0268,Week 2,2026-06-12,114,80,61,14,36.1,91.5,
ONC-0268,Week 4,2026-06-21,112,76,55,17,37.2,86.3,
ONC-0268,Week 8,2026-07-25,133,87,91,16,36.8,87.7,
ONC-0268,Week 12,2026-08-19,130,92,57,17,36.4,89.0,
ONC-0268,End of Study,2026-08-20,123,87,55,13,36.9,90.9,
ONC-0269,Screening,2026-03-28,138,66,87,12,36.9,108.3,
ONC-0269,Baseline,2026-03-29,129,67,67,17,36.8,107.9,
ONC-0269,Week 2,2026-04-08,146,85,82,13,37.4,103.4,
ONC-0269,Week 4,2026-04-25,127,76,79,18,37.2,106.1,
ONC-0269,Week 8,2026-05-30,105,75,81,16,36.6,108.9,
ONC-0269,Week 12,2026-06-26,144,74,77,18,36.9,104.5,
ONC-0269,End of Study,2026-06-29,138,78,60,16,36.8,106.0,
ONC-0270,Screening,2026-02-04,142,76,58,19,36.7,102.2,
ONC-0271,Screening,2026-04-19,135,85,56,13,37.1,83.5,
ONC-0271,Baseline,2026-04-20,114,92,93,20,37.4,82.6,
ONC-0271,Week 2,2026-05-06,134,89,64,17,36.3,80.4,
ONC-0271,Week 4,2026-05-17,130,86,69,16,36.2,78.5,
ONC-0271,Week 8,2026-06-20,143,76,82,14,36.5,79.2,
ONC-0271,Week 12,2026-07-15,139,91,70,14,37.3,79.0,
ONC-0271,End of Study,2026-07-22,114,92,92,20,36.7,78.9,
ONC-0272,Screening,2026-02-19,124,68,58,15,36.8,59.8,
ONC-0273,Screening,2026-01-20,113,72,67,20,37.0,105.7,
ONC-0273,Baseline,2026-01-21,127,67,56,16,36.8,105.0,
ONC-0273,Week 2,2026-02-05,106,68,91,19,37.2,106.3,
ONC-0273,Week 4,2026-02-16,126,94,59,15,36.1,108.9,
ONC-0273,Week 8,2026-03-22,122,89,75,18,36.4,108.1,
ONC-0273,Week 12,2026-04-07,126,75,60,20,37.4,106.5,
ONC-0273,End of Study,2026-04-15,112,66,70,17,37.1,109.4,
ONC-0274,Screening,2026-04-04,127,82,85,13,36.7,92.3,
ONC-0275,Screening,2026-04-06,111,74,88,12,36.5,53.5,
ONC-0275,Baseline,2026-04-07,150,91,75,16,36.6,52.7,
ONC-0275,Week 2,2026-04-20,115,66,81,14,36.5,57.7,
ONC-0275,Week 4,2026-05-08,131,77,71,17,36.8,52.9,
ONC-0275,Week 8,2026-06-05,131,67,61,17,37.4,52.9,
ONC-0275,Week 12,2026-06-24,129,89,78,20,36.1,53.8,
ONC-0275,End of Study,2026-07-06,110,93,75,12,36.2,52.4,
ONC-0276,Screening,2026-02-21,150,65,74,20,36.3,68.8,
ONC-0276,Baseline,2026-02-22,108,89,69,14,37.0,70.6,
ONC-0276,Week 2,2026-03-09,105,92,76,15,36.7,69.0,
ONC-0276,Week 4,2026-03-19,128,87,55,20,37.2,68.3,
ONC-0276,Week 8,2026-04-17,109,66,70,18,36.6,68.2,
ONC-0276,Week 12,2026-05-21,114,86,66,19,36.1,70.8,
ONC-0276,End of Study,2026-05-24,136,71,88,15,36.2,68.4,
ONC-0277,Screening,2026-01-21,147,91,56,19,36.4,109.5,
ONC-0277,Baseline,2026-01-22,135,73,67,13,36.3,111.0,
ONC-0277,Week 2,2026-02-05,150,87,85,19,37.3,109.1,
ONC-0277,Week 4,2026-02-16,137,87,64,20,36.4,105.3,
ONC-0277,Week 8,2026-03-14,127,76,73,12,37.1,107.4,
ONC-0277,Week 12,2026-04-15,148,95,69,16,36.3,108.5,
ONC-0277,End of Study,2026-04-16,140,82,74,18,36.9,109.7,
ONC-0278,Screening,2026-03-31,144,86,76,14,37.3,67.0,
ONC-0278,Baseline,2026-04-01,120,80,86,13,37.3,69.2,
ONC-0278,Week 2,2026-04-15,112,82,90,17,37.0,70.8,
ONC-0278,Week 4,2026-04-25,129,66,63,14,36.3,66.4,
ONC-0278,Week 8,2026-05-27,144,92,79,15,37.1,66.4,
ONC-0278,Week 12,2026-06-24,119,81,81,16,36.2,66.1,
ONC-0278,End of Study,2026-06-29,120,92,66,19,36.2,67.6,
ONC-0279,Screening,2026-04-24,111,75,87,12,36.6,96.3,
ONC-0279,Baseline,2026-04-25,105,90,57,19,37.2,91.5,
ONC-0279,Week 2,2026-05-10,117,83,56,19,37.3,95.6,
ONC-0279,Week 4,2026-05-18,129,81,55,18,36.6,94.8,
ONC-0279,Week 8,2026-06-18,122,71,74,16,36.1,94.1,
ONC-0279,Week 12,2026-07-18,120,77,61,12,36.7,96.5,
ONC-0279,End of Study,2026-07-21,113,73,86,12,37.2,92.6,
ONC-0280,Screening,2026-01-30,143,65,69,17,36.3,106.9,
ONC-0280,Baseline,2026-01-31,115,65,69,19,36.2,105.5,
ONC-0280,Week 2,2026-02-14,114,69,79,12,36.7,110.0,
ONC-0280,Week 4,2026-02-23,115,71,58,18,36.1,105.5,
ONC-0280,Week 12,2026-04-28,134,73,84,15,36.4,109.4,
ONC-0280,End of Study,2026-05-03,113,67,69,14,36.6,109.1,
ONC-0281,Screening,2026-03-26,141,77,84,15,36.3,80.5,
ONC-0281,Baseline,2026-03-27,126,79,80,18,37.3,79.1,
ONC-0281,Week 2,2026-04-06,124,95,74,17,37.3,83.2,
ONC-0281,Week 4,2026-04-25,133,80,95,14,37.2,83.1,
ONC-0281,Week 8,2026-05-15,107,84,62,14,37.3,79.4,
ONC-0281,Week 12,2026-06-22,116,92,72,13,37.4,83.5,
ONC-0281,End of Study,2026-06-26,106,86,89,14,37.3,82.3,
ONC-0282,Screening,2026-04-01,127,90,67,13,36.7,56.1,
ONC-0282,Baseline,2026-04-02,129,85,76,16,36.7,56.8,
ONC-0282,Week 2,2026-04-12,122,84,73,17,37.1,57.2,
ONC-0282,Week 4,2026-04-26,107,95,87,13,36.9,56.7,
ONC-0282,Week 8,2026-05-23,119,90,59,13,37.2,59.5,
ONC-0282,Week 12,2026-06-20,131,91,58,18,37.1,55.5,
ONC-0282,End of Study,2026-07-05,123,70,77,17,36.2,55.8,
ONC-0283,Screening,2026-06-18,110,92,91,15,37.3,115.6,
ONC-0283,Baseline,2026-06-19,137,74,89,12,36.3,115.3,
ONC-0283,Week 2,2026-07-05,144,69,73,12,36.1,117.0,
ONC-0283,Week 4,2026-07-15,143,93,75,14,37.1,117.1,
ONC-0283,Week 8,2026-08-12,107,65,89,13,36.7,118.6,
ONC-0283,Week 12,2026-09-13,149,81,75,14,36.2,116.9,
ONC-0283,End of Study,2026-09-22,125,67,92,12,37.3,120.4,
ONC-0284,Screening,2026-05-02,126,79,95,13,37.1,76.0,
ONC-0285,Screening,2026-03-17,107,71,79,14,36.7,111.2,
ONC-0285,Baseline,2026-03-18,150,74,55,20,37.0,113.2,
ONC-0285,Week 2,2026-03-28,150,75,62,14,36.2,112.2,
ONC-0285,Week 4,2026-04-14,150,65,69,17,36.3,110.1,
ONC-0285,Week 8,2026-05-13,116,70,82,12,36.9,113.3,
ONC-0285,Week 12,2026-06-13,127,94,89,12,36.4,111.7,
ONC-0285,End of Study,2026-06-13,126,86,95,19,36.4,110.9,
ONC-0286,Screening,2026-03-23,113,85,80,20,37.3,90.6,
ONC-0286,Baseline,2026-03-24,116,87,77,18,37.0,88.6,
ONC-0286,Week 2,2026-04-08,136,83,79,19,36.3,85.9,
ONC-0286,Week 4,2026-04-20,105,68,69,17,36.7,89.4,
ONC-0286,Week 8,2026-05-17,122,78,83,13,36.1,91.4,
ONC-0286,Week 12,2026-06-12,139,84,86,18,36.3,85.8,
ONC-0286,End of Study,2026-06-20,140,83,71,19,37.1,91.0,
ONC-0287,Screening,2026-04-26,136,83,56,14,36.8,74.3,
ONC-0287,Baseline,2026-04-27,136,65,70,14,37.3,74.6,
ONC-0287,Week 2,2026-05-12,116,95,78,16,37.3,75.2,
ONC-0287,Week 4,2026-05-19,109,78,61,13,36.2,72.5,
ONC-0287,Week 8,2026-06-20,127,88,84,13,36.9,74.4,
ONC-0287,Week 12,2026-07-24,129,82,80,20,36.5,73.4,
ONC-0287,End of Study,2026-07-25,107,76,72,20,37.3,71.5,
ONC-0288,Screening,2026-04-03,112,85,59,15,37.3,76.4,
ONC-0288,Baseline,2026-04-04,112,88,86,19,36.2,77.2,
ONC-0288,Week 2,2026-04-17,147,79,78,16,36.1,80.4,
ONC-0288,Week 4,2026-04-29,143,66,87,20,37.2,81.2,
ONC-0288,Week 8,2026-05-23,133,76,77,12,37.0,78.3,
ONC-0288,Week 12,2026-06-21,141,83,74,18,36.3,79.1,
ONC-0288,End of Study,2026-06-27,132,72,60,14,36.3,81.3,
ONC-0289,Screening,2026-06-12,127,86,91,15,37.2,84.2,
ONC-0289,Baseline,2026-06-13,134,84,60,14,36.1,81.8,
ONC-0289,Week 2,2026-06-28,125,66,84,18,36.7,79.8,
ONC-0289,Week 4,2026-07-07,148,72,84,16,36.4,81.7,
ONC-0289,Week 8,2026-08-02,144,69,61,16,36.3,85.2,
ONC-0289,Week 12,2026-08-29,140,79,95,15,36.7,80.2,
ONC-0289,End of Study,2026-09-12,106,77,65,18,36.9,83.4,
ONC-0290,Screening,2026-01-19,140,84,57,13,36.6,75.2,
ONC-0290,Baseline,2026-01-20,123,73,60,15,36.6,72.8,
ONC-0290,Week 2,2026-01-31,135,67,82,20,36.7,76.2,
ONC-0290,Week 4,2026-02-12,120,79,86,12,36.7,76.1,
ONC-0290,Week 8,2026-03-15,106,74,70,18,37.1,77.5,
ONC-0290,Week 12,2026-04-17,141,68,77,12,36.9,76.6,
ONC-0290,End of Study,2026-04-19,136,70,64,16,36.2,72.8,
ONC-0291,Screening,2026-06-12,133,92,64,14,37.0,67.3,
ONC-0291,Baseline,2026-06-13,107,77,67,15,36.8,68.8,
ONC-0291,Week 2,2026-06-25,107,79,57,13,37.3,71.2,
ONC-0291,Week 4,2026-07-05,112,85,80,13,36.3,69.7,
ONC-0291,Week 8,2026-08-10,150,93,70,17,36.4,67.8,
ONC-0291,Week 12,2026-09-01,136,94,55,17,36.4,68.5,
ONC-0291,End of Study,2026-09-06,126,70,84,13,36.7,71.2,
ONC-0292,Screening,2026-06-01,111,74,78,20,36.9,112.1,
ONC-0292,Baseline,2026-06-02,117,68,58,15,36.6,111.6,
ONC-0292,Week 2,2026-06-15,119,76,81,13,36.7,112.5,
ONC-0292,Week 4,2026-06-26,131,67,81,15,37.1,113.1,
ONC-0292,Week 8,2026-08-02,149,88,62,18,37.1,115.4,
ONC-0292,Week 12,2026-08-27,143,78,77,18,37.1,110.9,
ONC-0292,End of Study,2026-08-25,117,72,80,16,37.1,114.0,
ONC-0293,Screening,2026-01-18,135,93,73,13,37.4,55.2,
ONC-0293,Baseline,2026-01-19,146,92,72,19,37.3,50.1,
ONC-0293,Week 2,2026-01-31,127,87,60,12,36.3,53.3,
ONC-0293,Week 4,2026-02-14,107,84,84,12,36.4,53.0,
ONC-0293,Week 8,2026-03-20,127,81,82,18,36.8,55.0,
ONC-0293,Week 12,2026-04-19,139,74,89,15,37.0,52.2,
ONC-0293,End of Study,2026-04-13,144,87,86,18,37.3,54.6,
ONC-0294,Screening,2026-06-01,143,70,58,12,36.2,102.7,
ONC-0294,Baseline,2026-06-02,124,95,84,19,37.3,99.6,
ONC-0294,Week 2,2026-06-12,138,70,67,18,37.4,100.1,
ONC-0294,Week 4,2026-07-04,147,89,58,17,36.1,104.0,
ONC-0294,Week 8,2026-07-28,120,82,80,19,36.5,104.2,
ONC-0294,Week 12,2026-08-17,123,85,92,18,36.8,101.9,
ONC-0294,End of Study,2026-08-26,148,78,88,19,36.5,103.2,
ONC-0295,Screening,2026-04-10,124,94,74,13,37.1,87.6,
ONC-0295,Baseline,2026-04-11,121,70,70,13,36.9,89.3,
ONC-0295,Week 2,2026-04-23,105,86,66,20,36.4,86.0,
ONC-0295,Week 4,2026-05-10,105,83,66,14,37.1,87.6,
ONC-0295,Week 8,2026-05-29,134,91,73,17,36.5,86.0,
ONC-0295,Week 12,2026-07-02,136,79,70,12,37.2,86.1,
ONC-0295,End of Study,2026-07-14,109,70,95,14,36.3,85.5,
ONC-0296,Screening,2026-03-21,148,83,92,19,37.1,90.1,
ONC-0296,Baseline,2026-03-22,129,88,71,19,37.1,88.1,
ONC-0296,Week 2,2026-04-01,108,67,86,15,36.4,93.0,
ONC-0296,Week 4,2026-04-22,108,75,71,18,37.3,92.0,
ONC-0296,Week 8,2026-05-09,141,88,83,20,36.1,92.9,
ONC-0296,Week 12,2026-06-17,144,74,74,18,36.9,88.1,
ONC-0296,End of Study,2026-06-23,124,77,77,19,37.1,89.3,
ONC-0297,Screening,2026-03-01,135,71,65,12,36.4,55.8,
ONC-0297,Baseline,2026-03-02,132,93,92,16,36.5,58.5,
ONC-0297,Week 2,2026-03-18,132,75,58,18,36.7,56.9,
ONC-0297,Week 4,2026-03-28,124,95,94,15,36.4,57.1,
ONC-0297,Week 8,2026-04-26,148,77,80,17,36.8,56.9,
ONC-0297,Week 12,2026-05-29,131,78,57,19,36.7,59.7,
ONC-0297,End of Study,2026-05-31,148,70,62,15,36.3,55.5,
ONC-0298,Screening,2026-03-24,149,91,73,19,36.5,102.7,
ONC-0298,Baseline,2026-03-25,122,93,65,16,36.9,97.6,
ONC-0298,Week 2,2026-04-08,138,86,61,13,37.0,98.3,
ONC-0298,Week 8,2026-05-17,126,77,78,12,36.6,98.0,
ONC-0298,Week 12,2026-06-18,127,74,91,13,37.4,100.3,
ONC-0298,End of Study,2026-06-25,136,70,92,15,36.6,101.8,
ONC-0299,Screening,2026-05-08,145,71,76,16,36.3,61.3,
ONC-0299,Baseline,2026-05-09,111,92,68,12,36.5,58.5,
ONC-0299,Week 2,2026-05-25,120,67,86,18,36.5,61.0,
ONC-0299,Week 4,2026-06-10,144,87,65,14,36.2,56.4,
ONC-0299,Week 8,2026-07-07,139,65,86,16,37.1,60.0,
ONC-0299,Week 12,2026-08-03,110,90,94,19,36.9,57.9,
ONC-0299,End of Study,2026-08-07,143,69,95,15,36.4,59.4,
ONC-0300,Screening,2026-03-23,105,91,80,15,36.2,97.2,
ONC-0300,Baseline,2026-03-24,113,86,80,20,36.8,101.6,
ONC-0300,Week 2,2026-04-04,121,69,68,14,36.6,98.6,
ONC-0300,Week 4,2026-04-18,130,87,58,14,36.7,99.1,
ONC-0300,Week 8,2026-05-15,106,79,93,15,37.1,99.7,
ONC-0300,Week 12,2026-06-17,109,71,93,19,36.8,101.6,
ONC-0300,End of Study,2026-06-28,147,77,95,13,36.9,98.6,
ONC-0301,Screening,2026-01-24,122,73,82,19,36.6,78.9,
ONC-0301,Baseline,2026-01-25,113,65,83,12,36.5,78.6,
ONC-0301,Week 2,2026-02-08,147,69,94,14,36.5,79.1,
ONC-0301,Week 4,2026-02-16,121,78,81,15,36.8,77.8,
ONC-0301,Week 8,2026-03-21,137,65,80,20,36.3,78.7,
ONC-0301,Week 12,2026-04-14,111,84,60,18,36.4,78.4,
ONC-0301,End of Study,2026-04-26,128,74,88,16,37.0,80.9,
ONC-0302,Screening,2026-01-30,110,90,79,19,36.7,110.9,
ONC-0302,Baseline,2026-01-31,111,91,72,20,36.2,114.1,
ONC-0302,Week 2,2026-02-15,149,93,91,16,36.8,115.5,
ONC-0302,Week 4,2026-02-26,107,77,86,20,36.3,111.4,
ONC-0302,Week 8,2026-03-20,140,73,72,19,37.0,116.5,
ONC-0302,Week 12,2026-04-19,150,89,93,12,36.5,112.6,
ONC-0302,End of Study,2026-05-06,109,90,92,20,36.4,112.4,
ONC-0303,Screening,2026-02-24,130,78,59,17,37.0,108.9,
ONC-0303,Baseline,2026-02-25,123,84,94,12,37.1,105.8,
ONC-0303,Week 2,2026-03-10,117,91,89,16,37.4,104.6,
ONC-0303,Week 4,2026-03-27,111,65,77,19,37.1,106.2,
ONC-0303,Week 8,2026-04-25,145,66,92,18,36.6,107.2,
ONC-0303,Week 12,2026-05-17,142,82,66,15,36.7,105.6,
ONC-0304,Screening,2026-05-27,136,71,90,14,36.3,69.3,
ONC-0304,Baseline,2026-05-28,143,68,73,12,36.3,72.2,
ONC-0304,Week 2,2026-06-07,109,75,64,20,37.2,70.4,
ONC-0304,Week 4,2026-06-24,132,88,74,20,37.1,70.0,
ONC-0304,Week 8,2026-07-22,143,77,81,17,37.2,71.5,
ONC-0304,Week 12,2026-08-26,106,66,55,13,37.2,72.1,
ONC-0304,End of Study,2026-08-22,137,78,78,18,36.5,69.2,
ONC-0305,Screening,2026-05-08,133,67,82,13,36.6,75.9,
ONC-0305,Baseline,2026-05-09,120,65,76,19,36.6,75.1,
ONC-0305,Week 2,2026-05-19,149,90,55,20,36.8,73.3,
ONC-0305,Week 4,2026-06-06,145,65,64,15,37.3,72.9,
ONC-0305,Week 8,2026-07-04,142,77,81,14,36.8,77.8,
ONC-0305,Week 12,2026-07-28,128,94,70,20,37.2,74.2,
ONC-0305,End of Study,2026-08-10,106,87,91,16,36.4,76.3,
ONC-0306,Screening,2026-01-09,137,86,57,16,37.2,91.9,
ONC-0306,Baseline,2026-01-10,115,69,73,19,37.1,89.9,
ONC-0306,Week 2,2026-01-22,130,85,59,12,37.2,89.7,
ONC-0306,Week 4,2026-02-03,139,76,75,13,36.7,87.4,
ONC-0306,Week 8,2026-03-10,129,84,70,19,36.1,91.3,
ONC-0306,Week 12,2026-03-28,142,94,76,20,36.6,87.8,
ONC-0306,End of Study,2026-04-03,120,80,58,13,37.0,87.9,
ONC-0307,Screening,2026-03-29,149,91,66,17,36.3,105.3,
ONC-0307,Baseline,2026-03-30,120,91,60,15,37.1,103.2,
ONC-0307,Week 2,2026-04-10,135,75,70,12,36.4,104.4,
ONC-0307,Week 4,2026-04-30,140,78,64,20,36.7,104.6,
ONC-0307,Week 8,2026-05-24,148,89,58,18,36.2,103.0,
ONC-0307,Week 12,2026-06-18,136,86,92,20,36.5,104.9,
ONC-0307,End of Study,2026-07-03,147,77,85,19,37.4,104.6,
ONC-0308,Screening,2026-05-12,147,70,64,19,36.2,54.7,
ONC-0308,Baseline,2026-05-13,119,88,56,17,36.1,54.5,
ONC-0308,Week 2,2026-05-27,134,71,77,14,37.1,53.0,
ONC-0308,Week 4,2026-06-05,150,67,72,16,36.1,49.7,
ONC-0308,Week 12,2026-08-05,146,65,77,12,36.8,52.2,
ONC-0308,End of Study,2026-08-03,119,91,73,14,36.6,50.4,
ONC-0309,Screening,2026-05-01,129,82,71,13,36.5,99.6,
ONC-0309,Baseline,2026-05-02,128,71,66,12,36.6,99.0,
ONC-0309,Week 2,2026-05-13,129,76,81,18,36.8,98.8,
ONC-0309,Week 4,2026-06-03,120,91,94,19,37.1,102.6,
ONC-0309,Week 8,2026-06-25,126,87,88,18,36.6,103.0,
ONC-0309,Week 12,2026-07-30,140,66,89,13,36.6,101.4,
ONC-0309,End of Study,2026-07-26,105,90,56,14,36.4,102.3,
ONC-0310,Screening,2026-01-16,139,89,70,15,36.1,104.9,
ONC-0310,Baseline,2026-01-17,121,86,94,20,37.1,107.8,
ONC-0310,Week 2,2026-01-30,107,92,73,13,37.2,108.9,
ONC-0310,Week 4,2026-02-13,136,79,66,18,36.8,105.9,
ONC-0310,Week 8,2026-03-19,113,84,94,19,37.0,109.9,
ONC-0310,Week 12,2026-04-07,136,92,76,13,36.4,106.0,
ONC-0310,End of Study,2026-04-23,124,92,64,16,36.3,104.9,
ONC-0311,Screening,2026-06-18,116,66,57,18,37.0,80.4,
ONC-0311,Baseline,2026-06-19,121,69,75,15,36.2,79.1,
ONC-0311,Week 2,2026-06-30,149,89,60,18,36.3,81.3,
ONC-0311,Week 4,2026-07-13,134,85,68,15,37.2,81.6,
ONC-0311,Week 8,2026-08-13,134,84,72,20,37.4,81.9,
ONC-0311,Week 12,2026-09-12,118,91,84,17,36.7,82.1,
ONC-0311,End of Study,2026-09-12,139,77,57,12,36.9,80.6,
ONC-0312,Screening,2026-04-28,145,75,73,20,37.1,111.8,
ONC-0312,Baseline,2026-04-29,132,75,82,13,36.6,116.2,
ONC-0312,Week 2,2026-05-12,108,74,87,16,36.5,114.3,
ONC-0312,Week 4,2026-05-27,135,85,67,17,36.3,115.6,
ONC-0312,Week 8,2026-06-20,142,87,89,18,36.8,113.2,
ONC-0312,Week 12,2026-07-15,135,87,93,19,36.4,115.6,
ONC-0312,End of Study,2026-07-23,148,77,82,20,36.2,116.5,
ONC-0313,Screening,2026-03-03,112,77,59,17,37.3,74.0,
ONC-0313,Baseline,2026-03-04,119,73,72,13,37.3,74.5,
ONC-0313,Week 2,2026-03-20,111,80,56,18,36.9,72.0,
ONC-0313,Week 4,2026-04-01,117,87,72,15,36.5,74.3,
ONC-0313,Week 12,2026-05-28,145,72,77,14,36.8,71.7,
ONC-0313,End of Study,2026-06-04,116,72,58,12,36.5,71.1,
ONC-0314,Screening,2026-05-14,119,67,72,20,37.3,75.9,
ONC-0314,Baseline,2026-05-15,108,88,56,17,37.3,76.0,
ONC-0314,Week 2,2026-05-28,136,90,80,12,36.2,72.7,
ONC-0314,Week 4,2026-06-10,136,85,63,15,36.2,76.1,
ONC-0314,Week 8,2026-07-03,145,75,94,14,36.5,71.0,
ONC-0314,Week 12,2026-07-31,130,77,94,12,37.3,76.2,
ONC-0314,End of Study,2026-08-10,136,92,92,14,36.6,76.2,
ONC-0315,Screening,2026-03-06,126,88,68,19,36.9,57.9,
ONC-0315,Baseline,2026-03-07,146,93,61,14,37.0,63.1,
ONC-0315,Week 2,2026-03-22,139,84,85,13,36.6,59.9,
ONC-0315,Week 4,2026-03-29,114,83,71,18,36.5,58.0,
ONC-0315,Week 8,2026-05-04,131,81,85,17,37.0,59.1,
ONC-0315,Week 12,2026-05-31,124,69,74,13,36.7,63.2,
ONC-0315,End of Study,2026-06-02,136,68,69,13,36.3,62.1,
ONC-0316,Screening,2026-03-02,150,72,55,17,36.7,51.6,
ONC-0316,Baseline,2026-03-03,120,78,56,13,37.0,52.1,
ONC-0316,Week 2,2026-03-18,141,92,92,19,36.8,56.2,
ONC-0316,Week 4,2026-04-04,112,76,87,20,36.4,55.7,
ONC-0316,Week 12,2026-05-20,133,81,69,14,37.3,54.8,
ONC-0316,End of Study,2026-05-26,121,95,82,18,37.3,53.8,
ONC-0317,Screening,2026-01-31,127,75,60,15,36.6,61.4,
ONC-0317,Baseline,2026-02-01,109,86,73,16,36.8,60.2,
ONC-0317,Week 2,2026-02-11,113,81,80,12,37.3,60.9,
ONC-0317,Week 4,2026-02-25,120,66,63,17,37.0,60.8,
ONC-0317,Week 8,2026-03-30,150,81,83,16,36.4,64.6,
ONC-0317,Week 12,2026-05-02,149,71,83,20,37.2,64.9,
ONC-0317,End of Study,2026-04-26,124,71,64,15,36.4,60.3,
ONC-0318,Screening,2026-05-16,115,95,85,19,37.0,63.8,
ONC-0318,Baseline,2026-05-17,127,74,63,15,37.2,66.7,
ONC-0318,Week 2,2026-05-29,123,86,70,17,37.2,66.5,
ONC-0318,Week 4,2026-06-11,143,83,79,19,37.1,63.9,
ONC-0318,Week 8,2026-07-04,130,87,64,19,36.7,63.7,
ONC-0318,Week 12,2026-08-13,119,90,79,13,36.8,62.4,
ONC-0318,End of Study,2026-08-15,123,74,92,20,37.1,63.7,
ONC-0319,Screening,2026-06-09,144,69,64,13,37.4,57.1,
ONC-0320,Screening,2026-04-27,148,80,94,13,37.1,56.6,
ONC-0320,Baseline,2026-04-28,132,95,66,18,36.5,53.6,
ONC-0320,Week 2,2026-05-14,128,76,78,20,37.3,56.7,
ONC-0320,Week 4,2026-05-24,124,93,83,15,36.7,54.5,
ONC-0320,Week 8,2026-06-18,142,78,76,17,37.3,54.4,
ONC-0320,Week 12,2026-07-27,148,76,59,19,37.0,56.3,
ONC-0320,End of Study,2026-07-23,150,69,85,14,36.7,58.8,
ONC-0321,Screening,2026-03-01,118,77,69,20,37.3,121.2,
ONC-0321,Baseline,2026-03-02,119,70,72,16,36.5,121.3,
ONC-0321,Week 2,2026-03-17,122,91,91,20,36.5,119.7,
ONC-0321,Week 4,2026-03-26,135,77,88,20,36.5,118.5,
ONC-0321,Week 8,2026-04-19,136,75,93,12,36.8,116.2,
ONC-0321,Week 12,2026-05-26,112,75,68,12,36.8,119.4,
ONC-0321,End of Study,2026-06-02,114,93,69,17,36.2,121.0,
ONC-0322,Screening,2026-04-03,134,79,69,20,37.3,92.1,
ONC-0322,Baseline,2026-04-04,142,95,70,19,36.3,96.0,
ONC-0322,Week 2,2026-04-18,113,65,76,18,36.5,96.4,
ONC-0322,Week 4,2026-05-01,150,65,75,16,36.6,95.1,
ONC-0322,Week 8,2026-05-29,118,89,78,15,37.0,95.0,
ONC-0322,Week 12,2026-06-19,134,75,83,16,37.2,94.7,
ONC-0322,End of Study,2026-07-08,129,86,75,19,37.4,91.7,
ONC-0323,Screening,2026-04-10,132,87,84,20,36.4,100.2,
ONC-0323,Baseline,2026-04-11,134,69,75,12,36.9,103.4,
ONC-0323,Week 2,2026-04-27,141,85,69,15,36.3,98.9,
ONC-0323,Week 4,2026-05-09,130,67,92,12,36.8,103.3,
ONC-0323,Week 8,2026-06-05,133,67,79,14,37.1,103.3,
ONC-0323,Week 12,2026-07-08,115,86,82,20,37.1,98.2,
ONC-0323,End of Study,2026-07-08,113,74,71,18,37.3,102.2,
ONC-0324,Screening,2026-01-03,122,76,75,12,36.4,86.6,
ONC-0324,Baseline,2026-01-04,128,83,87,13,36.9,87.3,
ONC-0324,Week 2,2026-01-17,134,72,79,16,36.1,87.9,
ONC-0324,Week 4,2026-01-30,123,80,77,16,36.3,91.5,
ONC-0324,Week 8,2026-02-25,147,95,84,14,36.8,89.2,
ONC-0324,Week 12,2026-04-02,127,95,93,12,36.9,88.6,
ONC-0324,End of Study,2026-04-05,119,95,78,13,37.3,86.7,
ONC-0325,Screening,2026-04-14,121,75,82,16,36.6,55.6,
ONC-0325,Baseline,2026-04-15,107,84,58,12,36.1,52.9,
ONC-0325,Week 2,2026-04-27,121,76,72,20,37.2,56.4,
ONC-0325,Week 4,2026-05-10,147,86,63,17,36.3,51.2,
ONC-0325,Week 8,2026-06-08,123,83,62,15,37.0,54.2,
ONC-0325,Week 12,2026-07-02,108,68,72,16,37.3,54.4,
ONC-0325,End of Study,2026-07-12,128,69,89,12,36.7,52.4,
ONC-0326,Screening,2026-06-14,107,86,90,19,37.3,107.2,
ONC-0326,Baseline,2026-06-15,149,65,77,12,37.2,111.7,
ONC-0326,Week 2,2026-06-29,118,69,92,18,36.1,110.7,
ONC-0326,Week 4,2026-07-08,138,92,76,18,36.3,109.3,
ONC-0326,Week 8,2026-08-09,147,73,62,20,36.1,109.5,
ONC-0326,Week 12,2026-08-31,136,68,72,12,37.0,107.0,
ONC-0326,End of Study,2026-09-12,134,93,95,15,37.3,106.8,
ONC-0327,Screening,2026-05-22,126,85,76,14,37.0,94.0,
ONC-0327,Baseline,2026-05-23,147,87,84,12,36.5,94.2,
ONC-0327,Week 2,2026-06-02,147,70,58,12,36.6,92.6,
ONC-0327,Week 4,2026-06-14,141,85,57,14,36.3,94.6,
ONC-0327,Week 8,2026-07-23,130,93,82,15,36.7,90.6,
ONC-0327,Week 12,2026-08-08,119,80,84,16,36.7,92.9,
ONC-0328,Screening,2026-01-07,119,72,77,13,36.8,51.4,
ONC-0328,Baseline,2026-01-08,107,72,88,18,37.2,50.4,
ONC-0328,Week 2,2026-01-21,115,79,61,12,37.2,52.4,
ONC-0328,Week 4,2026-02-09,134,71,76,12,36.5,54.5,
ONC-0328,Week 8,2026-03-01,127,69,86,20,36.9,51.3,
ONC-0328,Week 12,2026-04-01,109,77,79,19,37.2,54.5,
ONC-0328,End of Study,2026-04-05,150,65,84,19,36.9,55.8,
ONC-0329,Screening,2026-02-09,122,76,84,18,36.2,53.0,
ONC-0329,Baseline,2026-02-10,147,73,60,14,36.7,48.7,
ONC-0329,Week 2,2026-02-26,118,75,65,15,36.4,50.4,
ONC-0329,Week 4,2026-03-09,133,68,95,20,37.0,49.0,
ONC-0329,Week 8,2026-04-08,105,87,82,16,36.7,52.0,
ONC-0329,Week 12,2026-05-02,116,81,59,19,37.3,50.5,
ONC-0329,End of Study,2026-05-15,108,77,74,20,36.5,48.2,
ONC-0330,Screening,2026-03-17,127,71,65,13,36.1,56.5,
ONC-0330,Baseline,2026-03-18,145,89,65,13,36.7,57.4,
ONC-0330,Week 2,2026-04-02,117,81,58,15,36.6,55.1,
ONC-0330,Week 4,2026-04-09,121,74,87,15,36.8,53.7,
ONC-0330,Week 8,2026-05-19,144,95,81,20,37.3,52.5,
ONC-0330,Week 12,2026-06-14,125,73,72,13,37.2,53.3,
ONC-0330,End of Study,2026-06-13,143,75,77,15,36.2,58.2,
ONC-0331,Screening,2026-04-27,127,73,77,18,36.3,77.4,
ONC-0331,Baseline,2026-04-28,146,88,68,14,36.4,73.2,
ONC-0331,Week 4,2026-05-22,147,93,65,17,37.1,77.5,
ONC-0331,Week 8,2026-06-26,142,83,66,17,36.9,75.9,
ONC-0331,Week 12,2026-07-18,147,86,71,19,36.2,73.2,
ONC-0331,End of Study,2026-08-02,128,80,62,16,36.6,77.9,
ONC-0332,Screening,2026-03-11,129,76,78,18,36.7,91.0,
ONC-0332,Baseline,2026-03-12,149,69,80,16,37.0,93.7,
ONC-0332,Week 4,2026-04-12,134,79,65,17,37.2,93.5,
ONC-0332,Week 8,2026-05-10,149,77,62,20,36.7,91.5,
ONC-0332,Week 12,2026-05-27,124,70,79,16,37.2,94.3,
ONC-0332,End of Study,2026-06-16,121,77,56,18,37.3,93.9,
ONC-0333,Screening,2026-06-12,149,69,88,14,36.8,90.5,
ONC-0333,Baseline,2026-06-13,119,87,73,16,37.4,93.2,
ONC-0333,Week 2,2026-06-26,109,71,64,14,36.5,90.0,
ONC-0333,Week 4,2026-07-15,125,65,63,20,36.8,90.3,
ONC-0333,Week 8,2026-08-13,131,92,66,16,37.0,93.1,
ONC-0333,Week 12,2026-08-28,148,67,72,19,37.1,90.2,
ONC-0333,End of Study,2026-09-10,135,72,95,17,36.7,88.6,
ONC-0334,Screening,2026-03-11,109,71,58,13,36.7,69.8,
ONC-0334,Baseline,2026-03-12,126,81,90,16,36.6,72.7,
ONC-0334,Week 2,2026-03-22,136,79,86,13,37.2,72.5,
ONC-0334,Week 4,2026-04-09,111,85,89,18,37.4,70.1,
ONC-0334,Week 8,2026-05-04,111,93,88,16,36.5,70.2,
ONC-0334,Week 12,2026-06-05,114,90,66,20,36.1,73.9,
ONC-0334,End of Study,2026-06-03,141,79,90,18,37.0,74.6,
ONC-0335,Screening,2026-05-17,120,93,74,13,36.9,51.4,
ONC-0335,Baseline,2026-05-18,117,86,61,19,37.0,51.0,
ONC-0335,Week 2,2026-05-28,117,65,94,12,36.3,50.9,
ONC-0335,Week 4,2026-06-17,119,70,80,19,36.8,51.2,
ONC-0335,Week 8,2026-07-11,125,93,77,15,36.9,55.8,
ONC-0335,Week 12,2026-08-04,124,81,59,15,36.3,51.6,
ONC-0335,End of Study,2026-08-14,116,89,55,18,37.1,54.0,
ONC-0336,Screening,2026-04-17,121,86,88,12,37.0,91.4,
ONC-0336,Baseline,2026-04-18,136,93,76,17,37.3,88.0,
ONC-0336,Week 2,2026-04-29,138,69,94,13,37.3,89.9,
ONC-0336,Week 4,2026-05-13,140,66,94,14,36.8,88.8,
ONC-0336,Week 8,2026-06-12,107,86,78,12,36.1,90.4,
ONC-0336,Week 12,2026-07-09,105,67,61,17,36.6,93.8,
ONC-0336,End of Study,2026-07-20,112,89,73,20,37.0,88.8,
ONC-0337,Screening,2026-04-30,147,67,72,15,36.8,54.6,
ONC-0337,Baseline,2026-05-01,105,83,91,16,36.6,53.9,
ONC-0337,Week 2,2026-05-11,138,95,72,18,36.4,56.7,
ONC-0337,Week 4,2026-05-24,137,78,90,20,37.1,54.2,
ONC-0337,Week 8,2026-06-21,122,88,60,17,36.4,58.0,
ONC-0337,Week 12,2026-07-21,133,92,69,15,36.6,57.0,
ONC-0337,End of Study,2026-07-31,123,81,56,12,36.5,54.4,
ONC-0338,Screening,2026-04-16,121,79,66,19,36.6,94.2,
ONC-0338,Baseline,2026-04-17,138,66,94,19,36.4,94.4,
ONC-0338,Week 2,2026-04-30,142,89,85,15,36.5,98.0,
ONC-0338,Week 4,2026-05-10,114,91,63,20,36.4,98.7,
ONC-0338,Week 8,2026-06-09,115,65,66,14,37.2,97.5,
ONC-0338,Week 12,2026-07-13,136,83,72,16,37.1,97.4,
ONC-0338,End of Study,2026-07-13,145,85,59,16,37.1,94.5,
ONC-0339,Screening,2026-05-08,134,90,84,16,36.4,120.8,
ONC-0339,Baseline,2026-05-09,135,94,55,19,36.7,121.2,
ONC-0339,Week 2,2026-05-23,130,90,76,15,36.6,120.6,
ONC-0339,Week 4,2026-06-04,118,71,64,13,37.3,117.8,
ONC-0339,Week 8,2026-06-27,108,88,95,19,36.2,119.2,
ONC-0339,Week 12,2026-08-06,130,72,78,19,36.7,117.9,
ONC-0339,End of Study,2026-08-03,132,70,93,14,36.2,119.4,
ONC-0340,Screening,2026-06-07,118,70,83,20,36.7,75.3,
ONC-0340,Baseline,2026-06-08,123,68,86,15,36.5,78.6,
ONC-0340,Week 2,2026-06-18,139,93,78,19,36.1,77.4,
ONC-0340,Week 4,2026-07-03,124,68,79,17,37.3,76.2,
ONC-0340,Week 8,2026-07-29,125,75,72,17,36.2,77.9,
ONC-0340,End of Study,2026-08-31,145,69,57,17,37.1,74.4,
ONC-0341,Screening,2026-03-08,126,71,63,14,36.1,109.6,
ONC-0341,Baseline,2026-03-09,142,77,76,14,37.4,106.9,
ONC-0341,Week 2,2026-03-19,111,89,70,12,36.6,105.1,
ONC-0341,Week 4,2026-04-02,119,84,61,16,37.2,106.9,
ONC-0341,Week 8,2026-04-30,127,78,64,18,37.1,108.1,
ONC-0341,Week 12,2026-05-27,150,70,59,12,37.0,108.1,
ONC-0341,End of Study,2026-06-01,115,72,56,16,36.3,105.8,
ONC-0342,Screening,2026-03-11,138,87,65,18,36.6,82.2,
ONC-0342,Baseline,2026-03-12,116,95,57,17,36.1,85.6,
ONC-0342,Week 2,2026-03-25,129,94,62,13,36.7,86.6,
ONC-0342,Week 4,2026-04-06,134,84,77,19,36.4,83.0,
ONC-0342,Week 8,2026-05-05,137,82,75,18,37.3,87.6,
ONC-0342,Week 12,2026-05-30,141,81,87,15,36.2,84.5,
ONC-0342,End of Study,2026-06-05,123,70,94,19,36.4,87.4,
ONC-0343,Screening,2026-03-10,124,73,57,12,36.6,58.1,
ONC-0343,Baseline,2026-03-11,127,94,67,19,37.3,56.4,
ONC-0343,Week 2,2026-03-24,133,69,66,17,37.1,57.3,
ONC-0343,Week 4,2026-04-09,105,86,89,13,36.7,53.7,
ONC-0343,Week 8,2026-05-01,119,70,88,13,36.4,53.0,
ONC-0343,Week 12,2026-06-05,143,81,89,12,36.9,57.5,
ONC-0343,End of Study,2026-06-15,105,90,69,17,36.5,58.3,
ONC-0344,Screening,2026-03-01,109,72,90,20,36.6,77.3,
ONC-0344,Baseline,2026-03-02,128,82,56,18,36.6,76.5,
ONC-0344,Week 2,2026-03-13,111,66,70,20,36.5,80.5,
ONC-0344,Week 4,2026-04-02,145,87,84,15,36.6,81.5,
ONC-0344,Week 8,2026-05-03,117,92,80,16,36.9,81.6,
ONC-0344,Week 12,2026-05-17,110,79,60,18,36.6,76.8,
ONC-0344,End of Study,2026-05-25,105,76,59,16,36.6,78.7,
ONC-0345,Screening,2026-03-09,106,91,73,16,36.3,74.3,
ONC-0345,Baseline,2026-03-10,126,67,93,13,37.1,73.3,
ONC-0345,Week 4,2026-04-08,109,72,81,20,36.3,70.8,
ONC-0345,Week 8,2026-05-05,147,74,93,20,36.5,72.6,
ONC-0345,Week 12,2026-05-25,106,79,87,18,37.4,73.5,
ONC-0346,Screening,2026-06-27,108,90,70,20,36.9,116.4,
ONC-0346,Baseline,2026-06-28,139,65,69,20,36.3,117.1,
ONC-0346,Week 2,2026-07-10,112,92,61,18,37.1,116.0,
ONC-0346,Week 4,2026-07-20,148,71,84,17,37.2,117.1,
ONC-0346,Week 8,2026-08-19,126,72,70,20,36.8,114.5,
ONC-0346,Week 12,2026-09-18,134,72,62,17,37.1,113.6,
ONC-0346,End of Study,2026-09-28,111,94,84,13,36.2,117.5,
ONC-0347,Screening,2026-02-22,133,67,61,15,37.0,101.4,
ONC-0347,Baseline,2026-02-23,135,92,86,13,36.5,101.5,
ONC-0347,Week 2,2026-03-09,112,69,60,14,36.3,100.9,
ONC-0347,Week 4,2026-03-25,105,91,62,12,36.7,98.7,
ONC-0347,Week 8,2026-04-20,142,85,56,19,37.0,102.2,
ONC-0347,Week 12,2026-05-22,121,90,78,17,37.0,99.7,
ONC-0347,End of Study,2026-05-16,123,76,66,15,37.0,100.1,
ONC-0348,Screening,2026-06-14,120,66,65,15,36.4,57.4,
ONC-0348,Baseline,2026-06-15,136,77,68,19,36.5,56.7,
ONC-0348,Week 2,2026-07-01,135,73,77,15,36.9,60.1,
ONC-0348,Week 4,2026-07-08,135,80,87,17,37.1,58.3,
ONC-0348,Week 8,2026-08-12,124,84,73,13,36.3,60.0,
ONC-0348,Week 12,2026-09-05,122,66,84,20,36.3,56.5,
ONC-0348,End of Study,2026-09-12,112,68,93,20,36.7,55.8,
ONC-0349,Screening,2026-03-30,123,85,93,17,36.8,64.8,
ONC-0349,Baseline,2026-03-31,114,83,94,19,36.4,66.9,
ONC-0349,Week 2,2026-04-12,145,70,72,16,36.5,65.9,
ONC-0349,Week 4,2026-04-24,141,82,72,13,36.1,65.9,
ONC-0349,Week 8,2026-05-24,149,83,92,16,37.1,62.5,
ONC-0349,Week 12,2026-06-24,121,71,91,17,36.7,67.1,
ONC-0349,End of Study,2026-07-04,107,86,62,16,36.8,62.6,
ONC-0350,Screening,2026-03-19,132,67,85,18,36.4,114.1,
ONC-0350,Baseline,2026-03-20,112,81,58,13,36.8,117.6,
ONC-0350,Week 2,2026-04-04,143,68,73,15,37.0,117.8,
ONC-0350,Week 4,2026-04-15,135,66,79,18,36.3,115.2,
ONC-0350,Week 8,2026-05-11,135,73,79,19,36.6,114.9,
ONC-0350,Week 12,2026-06-11,143,94,71,13,36.3,114.5,
ONC-0350,End of Study,2026-06-22,147,75,82,13,37.3,116.1,
ONC-0351,Screening,2026-02-13,133,85,94,12,36.4,85.6,
ONC-0351,Baseline,2026-02-14,118,66,80,14,36.9,81.3,
ONC-0351,Week 2,2026-02-25,138,91,90,19,37.3,83.2,
ONC-0351,Week 4,2026-03-16,131,75,94,18,37.2,85.2,
ONC-0351,Week 8,2026-04-14,136,90,95,14,37.0,82.1,
ONC-0351,Week 12,2026-05-08,134,85,59,13,36.2,83.7,
ONC-0351,End of Study,2026-05-13,149,89,61,13,36.7,83.5,
ONC-0352,Screening,2026-06-27,109,70,81,20,36.9,101.8,
ONC-0352,Baseline,2026-06-28,145,71,63,15,36.5,98.0,
ONC-0352,Week 2,2026-07-11,137,68,68,13,37.2,101.0,
ONC-0352,Week 4,2026-07-22,124,95,86,14,37.2,100.3,
ONC-0352,Week 8,2026-08-19,110,77,68,18,36.2,96.2,
ONC-0352,End of Study,2026-09-28,131,87,73,19,36.8,101.5,
ONC-0353,Screening,2026-06-09,120,94,70,18,36.7,82.2,
ONC-0354,Screening,2026-03-08,119,70,95,17,36.4,94.1,
ONC-0354,Baseline,2026-03-09,150,68,92,15,36.1,98.4,
ONC-0354,Week 2,2026-03-25,122,95,69,16,37.0,95.2,
ONC-0354,Week 4,2026-04-03,114,84,84,15,36.9,95.3,
ONC-0354,Week 8,2026-05-04,134,89,65,12,37.3,98.3,
ONC-0354,Week 12,2026-05-29,142,92,55,20,37.0,97.5,
ONC-0354,End of Study,2026-06-08,135,85,77,16,37.2,97.1,
ONC-0355,Screening,2026-06-15,119,67,89,13,36.9,49.8,
ONC-0355,Baseline,2026-06-16,134,72,56,16,36.5,52.7,
ONC-0355,Week 2,2026-06-28,137,84,88,12,37.3,48.9,
ONC-0355,Week 4,2026-07-09,125,83,68,20,36.5,52.1,
ONC-0355,Week 8,2026-08-12,125,82,63,17,37.1,50.1,
ONC-0355,Week 12,2026-09-04,145,87,64,18,36.2,51.0,
ONC-0355,End of Study,2026-09-19,124,90,89,14,36.6,51.5,
ONC-0356,Screening,2026-03-20,128,76,75,15,36.3,115.3,
ONC-0356,Baseline,2026-03-21,107,70,69,14,36.9,115.7,
ONC-0356,Week 2,2026-04-01,120,95,91,17,36.3,119.9,
ONC-0356,Week 4,2026-04-21,109,75,91,20,37.4,120.8,
ONC-0356,Week 12,2026-06-13,125,90,72,13,36.4,118.8,
ONC-0356,End of Study,2026-06-19,120,73,71,12,36.6,119.0,
ONC-0357,Screening,2026-02-06,147,82,59,17,37.2,70.1,
ONC-0357,Baseline,2026-02-07,144,76,61,20,37.0,69.5,
ONC-0357,Week 2,2026-02-22,141,81,63,14,36.7,69.5,
ONC-0357,Week 4,2026-03-10,117,70,56,17,37.4,70.6,
ONC-0357,Week 8,2026-03-31,105,81,81,16,36.9,71.5,
ONC-0357,Week 12,2026-05-07,126,83,84,15,36.3,66.6,
ONC-0357,End of Study,2026-05-02,130,95,92,13,36.1,70.3,
ONC-0358,Screening,2026-06-30,128,69,82,17,36.5,69.6,
ONC-0358,Baseline,2026-07-01,139,65,67,18,36.3,71.6,
ONC-0358,Week 2,2026-07-11,139,77,61,20,36.6,71.6,
ONC-0358,Week 4,2026-07-25,133,70,71,13,37.2,68.8,
ONC-0358,Week 8,2026-08-20,130,65,72,13,36.4,73.9,
ONC-0358,Week 12,2026-09-23,144,87,83,17,36.8,71.4,
ONC-0358,End of Study,2026-09-28,114,90,90,19,36.4,73.0,
ONC-0359,Screening,2026-02-14,138,88,61,17,37.2,91.0,
ONC-0359,Baseline,2026-02-15,129,92,79,14,36.2,91.5,
ONC-0359,Week 2,2026-02-25,141,94,94,17,36.3,91.2,
ONC-0359,Week 4,2026-03-15,134,82,86,13,36.9,91.3,
ONC-0359,Week 8,2026-04-10,110,95,86,12,37.1,88.4,
ONC-0359,Week 12,2026-05-04,122,69,70,17,37.3,87.2,
ONC-0359,End of Study,2026-05-10,138,90,60,12,37.2,86.0,
ONC-0360,Screening,2026-01-05,142,74,68,14,36.1,104.6,
ONC-0360,Baseline,2026-01-06,111,93,74,19,36.5,100.9,
ONC-0360,Week 2,2026-01-17,137,95,86,15,36.6,102.3,
ONC-0360,Week 4,2026-01-28,139,67,77,18,37.2,100.1,
ONC-0360,Week 12,2026-03-27,147,73,87,14,37.1,101.6,
ONC-0360,End of Study,2026-04-03,148,78,66,16,36.8,102.9,
ONC-0361,Screening,2026-03-29,116,77,58,18,37.0,74.4,
ONC-0361,Baseline,2026-03-30,123,80,89,19,36.8,72.9,
ONC-0361,Week 2,2026-04-11,146,90,68,13,36.7,72.6,
ONC-0361,Week 4,2026-04-30,119,74,67,12,37.0,68.7,
ONC-0361,Week 8,2026-05-28,133,90,91,12,37.0,70.2,
ONC-0361,Week 12,2026-06-23,126,78,72,18,37.2,74.0,
ONC-0361,End of Study,2026-06-29,126,79,75,13,36.9,73.6,
ONC-0362,Screening,2026-06-10,116,78,62,19,36.7,81.7,
ONC-0362,Baseline,2026-06-11,134,84,70,14,36.5,78.7,
ONC-0362,Week 2,2026-06-25,113,68,73,17,37.3,80.2,
ONC-0362,Week 4,2026-07-05,129,77,80,16,37.1,80.2,
ONC-0362,Week 8,2026-08-02,149,87,60,19,36.2,79.1,
ONC-0362,Week 12,2026-08-27,107,70,56,15,37.2,82.5,
ONC-0362,End of Study,2026-09-12,124,72,72,12,36.8,79.3,
ONC-0363,Screening,2026-02-15,146,83,71,13,36.3,79.0,
ONC-0363,Baseline,2026-02-16,147,79,55,12,36.9,76.3,
ONC-0363,Week 2,2026-02-26,113,81,95,14,36.8,77.7,
ONC-0363,Week 8,2026-04-13,108,66,92,12,36.5,74.9,
ONC-0363,Week 12,2026-05-04,116,66,70,20,37.2,74.5,
ONC-0363,End of Study,2026-05-14,114,80,92,19,36.6,76.3,
ONC-0364,Screening,2026-06-28,116,95,66,14,36.2,95.7,
ONC-0364,Baseline,2026-06-29,143,67,88,17,36.6,90.3,
ONC-0364,Week 2,2026-07-11,116,94,76,20,36.3,90.7,
ONC-0364,Week 8,2026-08-17,105,79,56,14,36.2,95.4,
ONC-0364,Week 12,2026-09-17,123,79,83,16,36.1,95.1,
ONC-0364,End of Study,2026-09-25,128,66,85,15,36.8,94.2,
ONC-0365,Screening,2026-04-05,140,72,70,16,36.4,68.0,
ONC-0365,Baseline,2026-04-06,148,77,90,17,37.0,67.1,
ONC-0365,Week 2,2026-04-19,131,65,72,12,36.4,67.7,
ONC-0365,Week 4,2026-05-08,128,90,68,16,36.1,66.3,
ONC-0365,Week 8,2026-06-06,112,71,56,15,36.5,67.2,
ONC-0365,Week 12,2026-06-27,118,86,57,19,36.7,64.1,
ONC-0365,End of Study,2026-07-11,120,95,59,17,37.0,66.6,
ONC-0366,Screening,2026-03-24,106,84,90,20,36.2,50.7,
ONC-0366,Baseline,2026-03-25,141,76,86,18,36.7,52.4,
ONC-0366,Week 2,2026-04-09,140,90,64,13,37.2,50.0,
ONC-0366,Week 4,2026-04-17,142,83,91,13,37.2,54.5,
ONC-0366,Week 12,2026-06-15,127,75,62,20,37.3,50.4,
ONC-0367,Screening,2026-01-26,116,66,58,18,37.0,101.0,
ONC-0367,Baseline,2026-01-27,138,82,61,19,36.7,101.1,
ONC-0367,Week 4,2026-02-28,144,82,63,13,36.6,102.9,
ONC-0367,Week 12,2026-04-17,135,89,79,13,36.3,105.3,
ONC-0367,End of Study,2026-04-25,124,90,67,14,37.3,105.6,
ONC-0368,Screening,2026-06-22,115,87,57,18,36.5,63.2,
ONC-0368,Baseline,2026-06-23,132,71,76,18,36.4,63.8,
ONC-0368,Week 2,2026-07-05,132,67,65,16,36.3,64.1,
ONC-0368,Week 4,2026-07-15,129,76,84,13,36.7,66.6,
ONC-0368,Week 8,2026-08-14,129,72,82,17,36.4,65.1,
ONC-0368,Week 12,2026-09-10,147,80,56,16,36.7,61.9,
ONC-0368,End of Study,2026-09-27,148,80,86,18,36.9,65.8,
ONC-0369,Screening,2026-06-06,148,66,73,18,37.2,93.8,
ONC-0369,Baseline,2026-06-07,118,93,92,14,36.3,91.7,
ONC-0369,Week 2,2026-06-18,105,94,63,15,37.2,96.1,
ONC-0369,Week 4,2026-07-08,133,92,65,20,37.2,95.7,
ONC-0369,Week 8,2026-07-26,112,69,72,19,36.4,93.3,
ONC-0369,Week 12,2026-08-29,130,67,95,16,37.2,95.6,
ONC-0369,End of Study,2026-09-08,128,75,94,19,36.7,95.6,
ONC-0370,Screening,2026-01-03,149,73,91,16,36.8,107.0,
ONC-0370,Baseline,2026-01-04,117,74,95,19,36.5,110.7,
ONC-0370,Week 2,2026-01-19,150,87,84,19,36.4,108.9,
ONC-0370,Week 4,2026-01-26,105,77,88,20,37.0,110.5,
ONC-0370,Week 8,2026-03-05,150,67,93,20,36.9,110.7,
ONC-0370,Week 12,2026-04-04,149,88,58,18,36.6,108.5,
ONC-0370,End of Study,2026-04-07,147,70,86,17,36.6,106.1,
ONC-0371,Screening,2026-02-09,121,85,63,20,37.0,116.6,
ONC-0371,Baseline,2026-02-10,128,65,85,19,36.2,117.3,
ONC-0371,Week 2,2026-02-21,132,83,93,12,37.2,118.3,
ONC-0371,Week 4,2026-03-11,147,71,93,16,36.4,119.9,
ONC-0371,Week 8,2026-04-09,131,68,90,17,37.1,115.9,
ONC-0371,Week 12,2026-05-07,146,85,84,13,36.4,116.1,
ONC-0371,End of Study,2026-05-16,118,71,93,15,37.2,118.4,
ONC-0372,Screening,2026-04-09,140,68,84,20,36.7,106.4,
ONC-0372,Baseline,2026-04-10,143,76,57,15,37.0,104.6,
ONC-0372,Week 2,2026-04-25,122,88,59,15,36.2,107.0,
ONC-0372,Week 4,2026-05-07,145,95,57,13,36.9,105.5,
ONC-0372,Week 8,2026-06-09,147,67,69,18,36.5,105.4,
ONC-0372,Week 12,2026-06-25,145,84,79,16,36.6,108.6,
ONC-0372,End of Study,2026-07-07,146,76,60,15,37.4,110.3,
ONC-0373,Screening,2026-05-19,115,82,90,12,36.5,109.5,
ONC-0373,Baseline,2026-05-20,119,71,79,15,36.4,113.1,
ONC-0373,Week 2,2026-06-02,114,66,71,14,37.3,109.7,
ONC-0373,Week 4,2026-06-21,144,83,56,20,36.2,112.4,
ONC-0373,Week 8,2026-07-17,133,84,84,15,37.3,109.8,
ONC-0373,Week 12,2026-08-12,144,84,71,18,36.7,114.5,
ONC-0373,End of Study,2026-08-11,111,85,86,20,36.3,108.5,
ONC-0374,Screening,2026-06-18,143,85,88,20,37.1,87.0,
ONC-0374,Baseline,2026-06-19,111,93,56,16,37.1,85.6,
ONC-0374,Week 2,2026-06-29,150,75,72,16,36.1,86.2,
ONC-0374,Week 4,2026-07-18,143,86,56,17,36.9,84.8,
ONC-0374,Week 8,2026-08-13,135,67,74,14,36.7,83.6,
ONC-0374,Week 12,2026-09-14,142,93,91,18,36.6,87.3,
ONC-0374,End of Study,2026-09-22,110,84,60,20,37.3,84.5,
ONC-0375,Screening,2026-06-15,131,81,63,14,37.0,59.2,
ONC-0375,Baseline,2026-06-16,108,70,89,18,36.2,60.1,
ONC-0375,Week 2,2026-06-27,134,71,93,17,37.2,58.1,
ONC-0375,Week 4,2026-07-09,135,73,64,19,37.2,59.6,
ONC-0375,Week 8,2026-08-04,129,88,72,16,36.3,59.1,
ONC-0375,Week 12,2026-09-06,112,92,91,17,36.2,57.6,
ONC-0375,End of Study,2026-09-16,112,84,84,20,37.3,59.9,
ONC-0376,Screening,2026-02-26,112,71,64,13,36.6,80.1,
ONC-0376,Baseline,2026-02-27,133,82,75,14,37.1,78.4,
ONC-0376,Week 2,2026-03-14,125,68,60,18,36.4,77.2,
ONC-0376,Week 4,2026-03-27,110,72,83,18,36.9,79.2,
ONC-0376,Week 8,2026-04-18,147,82,74,14,37.3,80.7,
ONC-0376,Week 12,2026-05-15,121,84,89,12,36.1,78.5,
ONC-0376,End of Study,2026-06-02,110,95,82,20,36.1,78.6,
ONC-0377,Screening,2026-04-19,117,77,60,19,36.6,97.9,
ONC-0377,Baseline,2026-04-20,133,92,90,13,36.2,99.4,
ONC-0377,Week 2,2026-05-02,148,71,68,19,36.2,100.3,
ONC-0377,Week 4,2026-05-20,148,85,58,20,36.8,99.3,
ONC-0377,Week 8,2026-06-14,107,92,69,20,37.2,100.5,
ONC-0377,Week 12,2026-07-19,140,72,72,17,37.1,98.6,
ONC-0377,End of Study,2026-07-11,148,84,95,13,36.8,102.1,
ONC-0378,Screening,2026-03-08,111,74,83,19,37.3,110.2,
ONC-0378,Baseline,2026-03-09,122,65,68,17,36.1,109.0,
ONC-0378,Week 2,2026-03-23,144,92,87,13,36.8,110.5,
ONC-0378,Week 4,2026-03-31,140,77,87,15,36.7,110.0,
ONC-0378,Week 8,2026-04-27,141,80,91,12,36.3,110.6,
ONC-0378,Week 12,2026-05-27,113,76,58,12,36.4,110.1,
ONC-0378,End of Study,2026-06-12,146,73,74,19,36.4,108.6,
ONC-0379,Screening,2026-01-04,133,77,83,15,36.9,114.7,
ONC-0379,Baseline,2026-01-05,112,79,68,16,36.4,112.9,
ONC-0379,Week 2,2026-01-20,132,74,77,20,36.2,113.9,
ONC-0379,Week 4,2026-01-30,144,66,71,13,37.1,115.9,
ONC-0379,Week 8,2026-03-03,124,77,84,18,37.0,115.7,
ONC-0379,Week 12,2026-03-25,116,92,94,16,37.4,116.4,
ONC-0379,End of Study,2026-04-03,148,87,86,14,36.5,116.8,
ONC-0380,Screening,2026-01-10,110,90,64,18,36.2,77.8,
ONC-0380,Baseline,2026-01-11,129,75,73,20,36.4,82.1,
ONC-0380,Week 2,2026-01-21,130,70,84,15,36.4,81.7,
ONC-0380,Week 4,2026-02-03,146,70,93,13,36.2,81.6,
ONC-0380,Week 8,2026-03-13,135,81,76,18,37.3,82.1,
ONC-0380,Week 12,2026-04-03,147,84,61,13,37.0,79.6,
ONC-0380,End of Study,2026-04-04,130,73,65,20,36.5,81.7,
ONC-0381,Screening,2026-02-20,109,65,64,16,36.4,72.1,
ONC-0381,Baseline,2026-02-21,146,69,92,12,37.2,68.7,
ONC-0381,Week 2,2026-03-03,114,93,83,12,36.4,73.9,
ONC-0381,Week 4,2026-03-20,134,83,66,20,36.4,71.2,
ONC-0381,Week 8,2026-04-22,146,73,84,12,36.6,71.7,
ONC-0381,Week 12,2026-05-14,135,66,88,19,36.7,74.0,
ONC-0381,End of Study,2026-05-16,125,70,71,13,36.6,72.5,
ONC-0382,Screening,2026-05-14,128,65,84,20,36.4,85.0,
ONC-0382,Baseline,2026-05-15,123,89,94,15,37.3,85.3,
ONC-0382,Week 2,2026-05-25,150,91,64,12,37.1,80.6,
ONC-0382,Week 4,2026-06-14,134,87,59,15,36.8,81.2,
ONC-0382,Week 8,2026-07-07,132,80,93,14,36.6,81.7,
ONC-0382,Week 12,2026-08-06,127,88,86,15,36.6,81.8,
ONC-0382,End of Study,2026-08-11,106,70,61,13,36.6,82.7,
ONC-0383,Screening,2026-06-13,143,84,75,13,36.2,60.2,
ONC-0383,Baseline,2026-06-14,108,77,82,19,36.5,60.3,
ONC-0383,Week 2,2026-06-26,135,90,79,20,37.0,58.3,
ONC-0383,Week 4,2026-07-16,132,67,89,14,36.8,55.2,
ONC-0383,Week 8,2026-08-03,106,78,71,17,36.2,57.8,
ONC-0383,End of Study,2026-09-07,119,91,75,14,36.7,58.5,
ONC-0384,Screening,2026-05-12,119,71,81,19,37.0,62.3,
ONC-0384,Baseline,2026-05-13,107,84,74,14,36.7,61.9,
ONC-0384,Week 2,2026-05-27,149,93,70,20,36.3,58.8,
ONC-0384,Week 4,2026-06-12,146,76,62,14,36.5,61.7,
ONC-0384,Week 8,2026-07-08,109,85,92,13,37.4,62.2,
ONC-0384,Week 12,2026-08-03,138,81,93,16,36.3,57.7,
ONC-0384,End of Study,2026-08-12,108,91,92,17,36.7,56.9,
ONC-0385,Screening,2026-05-27,114,65,67,15,36.7,59.9,
ONC-0385,Baseline,2026-05-28,131,72,90,19,36.6,58.7,
ONC-0385,Week 2,2026-06-08,116,77,95,12,36.7,55.4,
ONC-0385,Week 4,2026-06-19,136,87,76,17,37.3,60.8,
ONC-0385,Week 8,2026-07-29,107,85,85,17,37.3,56.2,
ONC-0385,Week 12,2026-08-13,138,69,74,20,37.3,55.7,
ONC-0386,Screening,2026-03-26,146,89,87,13,36.5,68.2,
ONC-0386,Baseline,2026-03-27,150,90,55,13,37.1,65.4,
ONC-0386,Week 2,2026-04-12,131,92,69,19,37.2,62.6,
ONC-0386,Week 4,2026-04-20,141,91,56,18,36.9,67.0,
ONC-0386,Week 8,2026-05-25,144,94,55,20,37.1,65.3,
ONC-0386,Week 12,2026-06-22,147,76,82,12,36.3,65.2,
ONC-0386,End of Study,2026-06-22,125,74,81,18,37.0,62.9,
ONC-0387,Screening,2026-06-28,138,76,62,17,36.9,71.9,
ONC-0387,Baseline,2026-06-29,142,82,62,15,36.5,71.8,
ONC-0387,Week 2,2026-07-10,109,66,93,12,36.7,73.2,
ONC-0387,Week 4,2026-07-28,147,75,63,14,37.4,72.4,
ONC-0387,Week 8,2026-08-25,148,65,56,14,37.4,75.6,
ONC-0387,Week 12,2026-09-15,113,81,75,19,36.6,74.3,
ONC-0387,End of Study,2026-09-20,110,92,85,20,37.0,73.7,
ONC-0388,Screening,2026-06-26,121,67,92,12,36.6,80.3,
ONC-0388,Baseline,2026-06-27,139,90,68,20,36.2,79.2,
ONC-0388,Week 2,2026-07-07,123,83,64,20,36.5,76.6,
ONC-0388,Week 4,2026-07-19,137,85,92,14,36.3,77.4,
ONC-0388,Week 8,2026-08-20,134,88,58,20,36.2,75.6,
ONC-0388,Week 12,2026-09-14,142,66,61,18,36.6,80.7,
ONC-0388,End of Study,2026-09-24,128,77,63,20,36.1,79.9,
ONC-0389,Screening,2026-01-30,109,74,63,17,36.7,66.8,
ONC-0389,Baseline,2026-01-31,149,79,81,17,37.4,65.1,
ONC-0389,Week 2,2026-02-13,121,85,84,15,37.1,65.3,
ONC-0389,Week 4,2026-03-01,139,84,92,20,37.0,64.8,
ONC-0389,Week 8,2026-04-01,150,91,70,14,37.0,65.6,
ONC-0389,Week 12,2026-04-23,135,78,63,19,36.3,70.2,
ONC-0389,End of Study,2026-04-26,135,87,65,14,36.8,70.3,
ONC-0390,Screening,2026-03-08,138,78,70,19,36.7,115.8,
ONC-0390,Baseline,2026-03-09,137,90,86,17,36.2,113.5,
ONC-0390,Week 2,2026-03-20,113,80,71,19,36.4,115.9,
ONC-0390,Week 4,2026-04-05,146,85,85,18,36.3,117.5,
ONC-0390,Week 8,2026-05-02,134,92,83,14,37.0,118.0,
ONC-0390,Week 12,2026-05-30,145,76,79,16,36.7,114.8,
ONC-0390,End of Study,2026-06-10,129,78,70,12,37.0,116.3,
ONC-0391,Screening,2026-04-24,150,78,73,17,36.5,112.3,
ONC-0392,Screening,2026-02-20,138,72,75,17,37.2,98.6,
ONC-0392,Baseline,2026-02-21,109,95,68,12,36.4,95.4,
ONC-0392,Week 2,2026-03-04,107,89,77,15,37.2,96.5,
ONC-0392,Week 4,2026-03-21,110,85,73,16,36.3,97.1,
ONC-0392,Week 8,2026-04-10,128,94,90,19,36.3,98.3,
ONC-0392,End of Study,2026-05-20,149,82,84,19,37.4,97.6,
ONC-0393,Screening,2026-03-21,142,75,56,15,37.3,90.3,
ONC-0393,Baseline,2026-03-22,107,80,70,14,37.2,88.0,
ONC-0393,Week 2,2026-04-07,121,66,82,20,36.6,89.2,
ONC-0393,Week 4,2026-04-22,139,68,69,13,37.2,89.9,
ONC-0393,Week 8,2026-05-20,116,95,67,13,36.4,86.5,
ONC-0393,Week 12,2026-06-07,123,82,82,15,36.6,87.9,
ONC-0393,End of Study,2026-06-20,125,67,75,18,36.1,87.4,
ONC-0394,Screening,2026-03-05,108,95,64,20,37.2,52.2,
ONC-0394,Baseline,2026-03-06,130,83,55,14,37.2,53.7,
ONC-0394,Week 2,2026-03-22,134,90,91,20,36.7,52.0,
ONC-0394,Week 4,2026-03-29,128,68,76,20,37.3,53.2,
ONC-0394,Week 8,2026-04-26,128,94,81,20,36.9,50.3,
ONC-0394,Week 12,2026-05-23,116,85,93,18,36.7,51.9,
ONC-0394,End of Study,2026-06-08,110,92,86,13,36.8,49.3,
ONC-0395,Screening,2026-01-09,109,77,65,16,37.1,83.5,
ONC-0395,Baseline,2026-01-10,147,78,67,12,36.8,82.6,
ONC-0395,Week 2,2026-01-24,114,75,73,12,36.1,84.0,
ONC-0395,Week 4,2026-02-09,111,66,74,17,36.2,82.9,
ONC-0395,Week 8,2026-03-02,123,67,75,12,37.0,83.3,
ONC-0395,Week 12,2026-04-05,129,90,61,13,37.3,83.2,
ONC-0395,End of Study,2026-04-13,121,67,65,16,36.4,82.8,
ONC-0396,Screening,2026-02-12,123,76,81,12,36.8,92.6,
ONC-0396,Baseline,2026-02-13,121,88,75,15,36.2,89.6,
ONC-0396,Week 2,2026-02-26,129,92,94,19,37.4,90.7,
ONC-0396,Week 4,2026-03-13,118,79,72,14,37.2,88.2,
ONC-0396,Week 8,2026-04-10,128,88,87,12,36.6,91.4,
ONC-0396,Week 12,2026-05-04,138,89,57,17,37.3,91.5,
ONC-0396,End of Study,2026-05-10,109,77,55,20,36.5,91.4,
ONC-0397,Screening,2026-04-29,129,68,71,17,36.2,58.1,
ONC-0397,Baseline,2026-04-30,108,75,90,15,37.2,56.6,
ONC-0397,Week 2,2026-05-15,117,80,83,17,36.3,58.9,
ONC-0397,Week 4,2026-05-31,120,93,73,15,36.5,60.9,
ONC-0397,Week 8,2026-06-24,136,88,94,19,37.0,57.4,
ONC-0397,Week 12,2026-07-26,133,67,93,15,37.2,58.1,
ONC-0397,End of Study,2026-07-28,135,92,67,12,36.5,58.1,
ONC-0398,Screening,2026-06-22,112,75,72,12,36.2,55.7,
ONC-0398,Baseline,2026-06-23,144,76,83,18,36.3,55.4,
ONC-0398,Week 2,2026-07-06,125,67,80,19,36.3,51.6,
ONC-0398,Week 4,2026-07-19,138,75,89,19,36.5,50.3,
ONC-0398,Week 8,2026-08-16,147,67,81,16,36.1,50.2,
ONC-0398,Week 12,2026-09-11,148,81,67,18,36.5,55.6,
ONC-0399,Screening,2026-05-16,140,87,55,14,37.0,86.5,
ONC-0399,Baseline,2026-05-17,135,77,88,17,37.1,87.7,
ONC-0399,Week 2,2026-05-29,141,90,90,16,36.9,85.5,
ONC-0399,Week 4,2026-06-15,139,69,74,14,36.6,88.8,
ONC-0399,Week 8,2026-07-07,120,75,80,13,37.4,87.5,
ONC-0399,Week 12,2026-08-12,126,87,81,17,36.9,85.0,
ONC-0399,End of Study,2026-08-21,114,83,88,14,36.1,86.8,
ONC-0400,Screening,2026-05-07,111,73,71,20,37.2,49.4,
ONC-0400,Baseline,2026-05-08,130,72,63,16,36.3,52.9,
ONC-0400,Week 2,2026-05-24,146,69,93,15,36.5,52.4,
ONC-0400,Week 4,2026-06-08,127,78,92,20,37.3,53.8,
ONC-0400,Week 8,2026-07-05,127,75,70,18,37.2,50.2,
ONC-0400,Week 12,2026-07-31,134,72,82,13,36.2,50.5,
ONC-0400,End of Study,2026-08-07,106,80,64,14,37.2,50.2,
ONC-0401,Screening,2026-02-19,145,74,59,20,36.5,112.8,
ONC-0401,Baseline,2026-02-20,145,65,61,16,36.1,110.4,
ONC-0401,Week 2,2026-03-05,118,94,80,20,36.7,109.8,
ONC-0401,Week 8,2026-04-17,148,76,83,16,37.2,112.6,
ONC-0401,Week 12,2026-05-16,125,65,94,12,37.4,108.1,
ONC-0401,End of Study,2026-05-21,141,72,87,17,36.4,111.7,
ONC-0402,Screening,2026-02-05,148,65,58,14,36.7,103.2,
ONC-0402,Baseline,2026-02-06,139,70,76,15,37.1,100.2,
ONC-0402,Week 2,2026-02-22,126,76,89,16,37.2,101.2,
ONC-0402,Week 4,2026-03-08,113,83,59,18,36.8,102.0,
ONC-0402,Week 8,2026-03-29,148,87,94,15,37.0,103.2,
ONC-0402,Week 12,2026-04-23,143,95,63,12,37.2,99.8,
ONC-0402,End of Study,2026-04-30,138,79,86,19,36.7,102.8,
ONC-0403,Screening,2026-02-19,115,82,69,20,37.0,60.8,
ONC-0403,Baseline,2026-02-20,111,66,87,13,36.2,59.2,
ONC-0403,Week 2,2026-03-08,129,72,94,16,37.0,58.3,
ONC-0403,Week 4,2026-03-24,146,95,74,19,37.0,57.8,
ONC-0403,Week 8,2026-04-21,130,75,95,13,36.5,58.7,
ONC-0403,Week 12,2026-05-20,139,68,86,14,36.7,61.9,
ONC-0403,End of Study,2026-05-15,128,81,80,12,37.1,60.8,
ONC-0404,Screening,2026-03-12,144,82,89,14,36.1,110.0,
ONC-0405,Screening,2026-05-14,146,66,73,19,36.3,66.3,
ONC-0405,Baseline,2026-05-15,113,73,64,20,37.4,70.6,
ONC-0405,Week 2,2026-05-30,128,90,92,14,36.2,70.0,
ONC-0405,Week 4,2026-06-16,109,82,85,16,37.4,71.1,
ONC-0405,Week 8,2026-07-09,115,71,80,14,36.2,69.2,
ONC-0405,Week 12,2026-08-02,119,80,90,12,36.6,71.5,
ONC-0405,End of Study,2026-08-06,116,88,93,20,36.6,68.8,
ONC-0406,Screening,2026-05-10,147,74,60,12,37.2,83.0,
ONC-0406,Baseline,2026-05-11,122,88,83,17,37.0,83.4,
ONC-0406,Week 2,2026-05-24,146,78,90,15,36.4,81.5,
ONC-0406,Week 4,2026-06-09,132,80,85,14,36.3,81.3,
ONC-0406,Week 8,2026-07-06,133,68,94,16,36.2,78.4,
ONC-0406,Week 12,2026-08-08,135,79,72,15,36.4,80.1,
ONC-0406,End of Study,2026-08-04,148,80,86,19,37.3,78.8,
ONC-0407,Screening,2026-01-06,134,76,57,14,37.3,105.4,
ONC-0407,Baseline,2026-01-07,112,80,95,17,36.7,106.1,
ONC-0407,Week 2,2026-01-22,148,89,75,13,37.2,105.3,
ONC-0407,Week 4,2026-02-07,124,68,64,15,37.3,105.2,
ONC-0407,Week 8,2026-02-28,145,87,95,14,36.5,101.8,
ONC-0407,Week 12,2026-03-29,134,94,92,12,36.2,103.4,
ONC-0407,End of Study,2026-04-11,138,70,84,18,36.3,103.2,
ONC-0408,Screening,2026-06-30,140,72,59,13,36.5,113.4,
ONC-0408,Baseline,2026-07-01,121,84,59,15,37.3,115.0,
ONC-0408,Week 2,2026-07-11,146,73,67,15,36.4,114.5,
ONC-0408,Week 4,2026-08-01,117,73,67,18,36.5,117.3,
ONC-0408,Week 8,2026-08-26,109,81,95,12,37.1,114.9,
ONC-0408,Week 12,2026-09-15,117,77,90,20,36.7,114.2,
ONC-0408,End of Study,2026-09-21,132,87,58,12,36.6,118.3,
ONC-0409,Screening,2026-06-13,134,83,91,18,36.5,101.0,
ONC-0409,Baseline,2026-06-14,109,73,63,19,37.3,100.1,
ONC-0409,Week 2,2026-06-25,141,94,57,15,36.7,102.3,
ONC-0409,Week 4,2026-07-11,127,73,58,18,37.3,103.3,
ONC-0409,Week 8,2026-08-05,106,91,80,19,36.7,98.0,
ONC-0409,Week 12,2026-09-08,128,65,93,16,37.2,102.1,
ONC-0409,End of Study,2026-09-06,150,90,55,18,36.2,100.4,
ONC-0410,Screening,2026-01-10,132,83,72,15,36.4,93.7,
ONC-0410,Baseline,2026-01-11,116,71,58,14,36.8,95.1,
ONC-0410,Week 2,2026-01-25,149,93,89,13,37.2,94.9,
ONC-0410,Week 4,2026-02-09,126,74,85,18,36.4,96.0,
ONC-0410,Week 8,2026-03-12,135,82,83,12,36.8,95.7,
ONC-0410,Week 12,2026-04-08,115,66,93,14,36.6,94.0,
ONC-0410,End of Study,2026-04-15,141,83,59,14,37.1,94.3,
ONC-0411,Screening,2026-03-08,146,84,57,13,36.9,100.9,
ONC-0411,Baseline,2026-03-09,114,94,69,13,36.8,104.4,
ONC-0411,Week 2,2026-03-23,119,84,85,19,36.2,100.1,
ONC-0411,Week 4,2026-04-09,150,79,70,14,36.2,99.7,
ONC-0411,Week 8,2026-04-27,109,73,56,16,37.1,104.1,
ONC-0411,Week 12,2026-05-31,146,65,71,17,36.6,102.9,
ONC-0411,End of Study,2026-06-02,147,88,67,12,37.2,104.8,
ONC-0412,Screening,2026-03-18,136,65,79,19,36.5,113.5,
ONC-0413,Screening,2026-05-29,115,65,95,16,37.3,117.1,
ONC-0413,Baseline,2026-05-30,111,95,56,14,37.3,115.8,
ONC-0413,Week 2,2026-06-11,131,76,89,14,36.5,118.8,
ONC-0413,Week 4,2026-06-22,105,89,69,17,37.4,113.6,
ONC-0413,Week 8,2026-07-18,138,82,77,17,36.9,118.0,
ONC-0413,Week 12,2026-08-20,115,75,63,12,36.3,117.3,
ONC-0413,End of Study,2026-09-01,134,94,61,17,37.4,114.4,
ONC-0414,Screening,2026-02-03,133,77,80,12,37.4,78.7,
ONC-0415,Screening,2026-03-06,134,82,55,13,37.3,73.5,
ONC-0415,Baseline,2026-03-07,118,74,63,19,37.3,74.5,
ONC-0415,Week 4,2026-04-03,145,84,79,13,36.7,75.6,
ONC-0415,Week 8,2026-04-25,122,91,95,20,36.2,71.9,
ONC-0415,Week 12,2026-05-23,113,81,83,19,37.4,72.7,
ONC-0415,End of Study,2026-05-30,130,94,60,18,37.2,76.2,
ONC-0416,Screening,2026-06-27,132,85,91,15,36.3,107.3,
ONC-0417,Screening,2026-02-08,147,78,58,15,36.1,103.2,
ONC-0417,Baseline,2026-02-09,128,66,87,15,36.3,104.6,
ONC-0417,Week 2,2026-02-21,129,94,72,20,37.4,106.6,
ONC-0417,Week 4,2026-03-13,134,73,73,20,36.8,104.9,
ONC-0417,Week 8,2026-04-01,139,90,65,14,37.2,106.0,
ONC-0417,End of Study,2026-05-07,146,83,78,15,37.3,104.3,
ONC-0418,Screening,2026-05-01,133,88,69,15,36.4,63.0,
ONC-0418,Baseline,2026-05-02,135,66,67,13,36.8,61.3,
ONC-0418,Week 2,2026-05-15,146,95,75,12,37.2,60.9,
ONC-0418,Week 4,2026-05-31,115,67,82,12,36.7,65.8,
ONC-0418,Week 8,2026-06-24,108,66,83,18,37.1,61.7,
ONC-0418,Week 12,2026-07-17,109,79,83,18,36.8,60.3,
ONC-0418,End of Study,2026-07-24,127,65,91,14,36.7,62.0,
ONC-0419,Screening,2026-02-28,150,78,90,16,36.5,110.7,
ONC-0419,Baseline,2026-03-01,110,71,83,19,37.3,107.1,
ONC-0419,Week 2,2026-03-16,123,69,80,15,36.3,107.7,
ONC-0419,Week 4,2026-03-23,142,84,90,13,36.5,107.9,
ONC-0419,Week 8,2026-04-28,134,74,90,13,36.3,111.9,
ONC-0419,Week 12,2026-05-29,121,89,87,16,36.2,107.1,
ONC-0419,End of Study,2026-06-03,135,65,93,12,37.1,109.3,
ONC-0420,Screening,2026-02-03,116,91,59,16,36.7,79.0,
ONC-0420,Baseline,2026-02-04,116,94,69,13,36.8,79.7,
ONC-0420,Week 2,2026-02-18,145,88,71,20,37.1,75.8,
ONC-0420,Week 4,2026-03-08,150,82,64,15,36.2,79.9,
ONC-0420,Week 8,2026-03-27,149,66,74,17,36.1,77.3,
ONC-0420,Week 12,2026-05-02,120,87,91,13,36.4,78.7,
ONC-0420,End of Study,2026-05-11,129,72,85,16,36.7,79.5,
ONC-0421,Screening,2026-04-28,122,88,95,15,36.3,56.2,
ONC-0421,Baseline,2026-04-29,120,82,84,20,36.9,54.7,
ONC-0421,Week 2,2026-05-09,148,83,60,17,36.4,55.5,
ONC-0421,Week 4,2026-05-31,122,82,56,12,36.2,56.2,
ONC-0421,Week 8,2026-06-19,144,70,61,12,36.3,53.5,
ONC-0421,Week 12,2026-07-26,133,81,86,18,36.4,57.4,
ONC-0421,End of Study,2026-07-29,117,80,95,12,37.3,53.2,
ONC-0422,Screening,2026-01-06,130,80,78,19,36.8,106.9,
ONC-0422,Baseline,2026-01-07,142,82,64,15,36.7,109.4,
ONC-0422,Week 2,2026-01-17,117,70,72,12,36.8,109.0,
ONC-0422,Week 4,2026-02-03,145,85,79,19,37.1,111.3,
ONC-0422,Week 8,2026-03-07,136,77,65,19,37.0,107.1,
ONC-0422,End of Study,2026-03-30,105,72,62,14,37.1,110.1,
ONC-0423,Screening,2026-03-23,107,90,80,13,37.1,99.7,
ONC-0423,Baseline,2026-03-24,121,83,92,13,36.4,101.5,
ONC-0423,Week 2,2026-04-07,110,67,57,16,36.6,97.2,
ONC-0423,Week 4,2026-04-16,148,88,76,12,36.9,101.1,
ONC-0423,Week 8,2026-05-20,111,73,80,18,36.8,98.1,
ONC-0423,Week 12,2026-06-19,129,84,56,17,37.1,98.3,
ONC-0423,End of Study,2026-06-18,107,88,84,18,36.8,98.1,
ONC-0424,Screening,2026-01-13,137,80,94,18,36.7,101.7,
ONC-0424,Baseline,2026-01-14,124,85,57,19,36.3,102.5,
ONC-0424,Week 2,2026-01-30,126,77,57,17,37.3,104.1,
ONC-0424,Week 4,2026-02-05,133,82,75,12,36.2,99.4,
ONC-0424,Week 8,2026-03-11,122,65,83,18,36.7,99.8,
ONC-0424,Week 12,2026-04-07,132,73,66,13,36.3,99.0,
ONC-0424,End of Study,2026-04-08,109,91,68,15,36.9,103.6,
ONC-0425,Screening,2026-05-26,123,67,94,18,36.8,56.0,
ONC-0425,Baseline,2026-05-27,112,74,72,15,36.8,59.3,
ONC-0425,Week 2,2026-06-11,136,89,56,14,36.8,55.8,
ONC-0425,Week 4,2026-06-24,109,90,59,13,37.1,55.0,
ONC-0425,Week 8,2026-07-15,108,95,73,15,37.2,55.5,
ONC-0425,Week 12,2026-08-24,125,91,80,17,36.2,53.9,
ONC-0425,End of Study,2026-08-26,115,78,87,15,37.1,57.6,
ONC-0426,Screening,2026-02-24,115,73,80,16,36.1,73.3,
ONC-0426,Baseline,2026-02-25,124,86,72,12,37.1,73.6,
ONC-0426,Week 2,2026-03-12,141,80,84,19,36.7,77.7,
ONC-0426,Week 4,2026-03-24,109,66,71,14,37.0,74.5,
ONC-0426,Week 8,2026-04-28,118,76,57,20,36.3,76.1,
ONC-0426,Week 12,2026-05-23,118,84,65,14,36.7,78.1,
ONC-0426,End of Study,2026-05-18,112,88,63,19,37.2,76.0,
ONC-0427,Screening,2026-01-13,137,81,94,14,36.5,68.5,
ONC-0427,Baseline,2026-01-14,116,73,89,17,36.1,69.0,
ONC-0427,Week 2,2026-01-27,141,71,66,12,37.0,67.8,
ONC-0427,Week 4,2026-02-12,146,89,95,20,36.9,67.6,
ONC-0427,Week 8,2026-03-16,129,94,58,16,36.6,67.1,
ONC-0427,Week 12,2026-04-04,117,71,78,18,36.9,67.2,
ONC-0427,End of Study,2026-04-15,122,70,65,13,36.2,71.8,
ONC-0428,Screening,2026-06-25,140,66,82,20,37.1,74.1,
ONC-0428,Baseline,2026-06-26,148,85,93,17,36.8,71.3,
ONC-0428,Week 2,2026-07-09,116,85,78,18,36.3,74.3,
ONC-0428,Week 4,2026-07-25,121,91,94,16,36.5,71.0,
ONC-0428,Week 8,2026-08-13,114,78,86,17,36.3,71.6,
ONC-0428,Week 12,2026-09-19,147,93,70,17,36.4,74.3,
ONC-0428,End of Study,2026-09-30,147,72,62,12,36.1,72.0,
ONC-0429,Screening,2026-03-15,110,76,80,15,36.4,84.1,
ONC-0429,Baseline,2026-03-16,141,90,78,13,36.5,83.2,
ONC-0429,Week 2,2026-03-27,124,91,73,20,36.9,82.1,
ONC-0429,Week 4,2026-04-15,148,86,94,19,36.4,81.7,
ONC-0429,Week 8,2026-05-13,116,70,82,12,37.2,83.3,
ONC-0429,Week 12,2026-06-01,107,90,89,15,37.3,85.3,
ONC-0429,End of Study,2026-06-18,127,71,81,20,37.0,83.3,
ONC-0430,Screening,2026-03-23,119,80,80,15,36.1,54.2,
ONC-0431,Screening,2026-03-11,115,73,58,12,36.2,88.5,
ONC-0431,Baseline,2026-03-12,122,94,71,13,36.2,83.4,
ONC-0431,Week 2,2026-03-26,108,93,94,15,36.8,85.6,
ONC-0431,Week 4,2026-04-08,118,70,64,18,36.5,86.7,
ONC-0431,Week 8,2026-05-01,120,89,95,15,36.3,86.1,
ONC-0431,Week 12,2026-06-03,148,66,67,16,36.7,83.2,
ONC-0431,End of Study,2026-06-03,144,75,85,12,37.1,82.9,
ONC-0432,Screening,2026-01-16,112,83,90,12,36.2,75.7,
ONC-0432,Baseline,2026-01-17,131,74,61,17,37.1,79.6,
ONC-0432,Week 2,2026-02-02,108,76,83,12,36.7,80.2,
ONC-0432,Week 4,2026-02-08,116,81,56,16,36.4,78.7,
ONC-0432,Week 8,2026-03-18,139,94,58,18,36.9,76.6,
ONC-0432,Week 12,2026-04-14,120,73,62,12,37.0,78.8,
ONC-0432,End of Study,2026-04-13,106,80,82,15,37.2,79.7,
ONC-0433,Screening,2026-01-13,112,71,59,18,37.4,76.0,
ONC-0433,Baseline,2026-01-14,116,66,79,15,36.7,74.7,
ONC-0433,Week 2,2026-01-25,150,85,89,18,37.2,74.5,
ONC-0433,Week 4,2026-02-10,123,75,78,18,36.8,78.0,
ONC-0433,Week 8,2026-03-05,118,69,64,17,36.7,76.3,
ONC-0433,Week 12,2026-04-02,116,89,62,13,36.5,73.4,
ONC-0433,End of Study,2026-04-19,141,86,91,13,36.5,73.6,
ONC-0434,Screening,2026-03-30,148,90,61,13,36.2,80.3,
ONC-0434,Baseline,2026-03-31,130,83,93,16,36.9,83.6,
ONC-0434,Week 4,2026-04-26,110,85,80,18,37.4,81.1,
ONC-0434,Week 8,2026-05-25,125,83,77,15,36.4,80.6,
ONC-0434,Week 12,2026-06-21,127,81,60,16,37.0,79.1,
ONC-0434,End of Study,2026-06-29,109,90,69,16,36.9,81.3,
ONC-0435,Screening,2026-03-16,144,94,61,12,36.5,81.7,
ONC-0435,Baseline,2026-03-17,106,85,80,19,36.8,83.5,
ONC-0435,Week 2,2026-03-31,127,69,78,13,36.5,81.4,
ONC-0435,Week 8,2026-05-08,122,90,67,20,36.5,84.9,
ONC-0435,Week 12,2026-06-13,129,65,66,12,36.7,81.3,
ONC-0435,End of Study,2026-06-08,138,71,70,17,37.2,81.0,
ONC-0436,Screening,2026-02-14,139,69,91,13,36.3,78.2,
ONC-0436,Baseline,2026-02-15,122,88,82,12,36.1,79.4,
ONC-0436,Week 2,2026-03-02,144,79,63,12,37.3,82.3,
ONC-0436,Week 4,2026-03-09,110,83,75,12,36.5,78.8,
ONC-0436,Week 8,2026-04-17,130,76,84,20,37.3,78.7,
ONC-0436,Week 12,2026-05-13,147,65,85,15,37.2,80.0,
ONC-0436,End of Study,2026-05-18,136,75,58,12,36.4,82.0,
ONC-0437,Screening,2026-05-28,128,76,82,17,37.3,77.4,
ONC-0437,Baseline,2026-05-29,147,66,76,16,37.3,76.5,
ONC-0437,Week 2,2026-06-09,109,65,64,17,37.1,74.0,
ONC-0437,Week 4,2026-06-26,111,91,89,14,37.2,78.0,
ONC-0437,Week 8,2026-07-16,148,65,67,13,36.9,78.1,
ONC-0437,Week 12,2026-08-14,137,67,64,12,37.3,79.6,
ONC-0437,End of Study,2026-08-20,129,73,79,15,36.9,78.0,
ONC-0438,Screening,2026-03-02,134,76,76,12,36.3,64.7,
ONC-0438,Baseline,2026-03-03,139,67,73,19,36.6,60.8,
ONC-0438,Week 2,2026-03-15,140,66,66,16,37.0,60.7,
ONC-0438,Week 4,2026-04-04,149,78,62,12,36.4,60.6,
ONC-0438,Week 8,2026-05-02,132,69,87,19,37.0,58.9,
ONC-0438,Week 12,2026-05-22,114,89,72,19,36.1,59.3,
ONC-0438,End of Study,2026-05-31,127,73,55,19,36.9,60.4,
ONC-0439,Screening,2026-06-12,119,79,76,12,36.7,50.4,
ONC-0439,Baseline,2026-06-13,127,90,88,19,36.8,50.0,
ONC-0439,Week 2,2026-06-23,130,74,86,18,36.7,50.5,
ONC-0439,Week 4,2026-07-06,149,80,76,19,36.7,49.4,
ONC-0439,Week 8,2026-08-08,122,72,62,20,37.1,51.7,
ONC-0439,Week 12,2026-09-11,125,86,91,20,36.3,52.2,
ONC-0439,End of Study,2026-09-04,130,93,87,18,37.1,50.8,
ONC-0440,Screening,2026-06-21,140,75,93,19,37.1,88.5,
ONC-0440,Baseline,2026-06-22,116,74,94,15,37.0,85.9,
ONC-0440,Week 2,2026-07-02,129,66,75,15,37.3,88.4,
ONC-0440,Week 4,2026-07-21,124,93,70,19,36.4,85.3,
ONC-0440,Week 8,2026-08-09,130,78,70,13,36.4,87.7,
ONC-0440,Week 12,2026-09-12,134,85,56,16,37.3,88.4,
ONC-0440,End of Study,2026-09-21,141,74,60,13,36.7,83.9,
ONC-0441,Screening,2026-01-19,113,80,72,15,36.2,81.5,
ONC-0441,Baseline,2026-01-20,106,94,72,17,36.7,80.2,
ONC-0441,Week 2,2026-02-02,128,85,80,16,37.0,79.6,
ONC-0441,Week 4,2026-02-21,142,75,76,15,36.4,81.0,
ONC-0441,Week 8,2026-03-15,143,90,81,14,37.3,83.0,
ONC-0441,Week 12,2026-04-16,114,92,78,15,36.4,81.9,
ONC-0441,End of Study,2026-04-16,130,77,92,19,36.3,78.1,
ONC-0442,Screening,2026-05-24,119,94,64,20,37.3,120.0,
ONC-0443,Screening,2026-02-13,148,91,87,16,37.2,69.9,
ONC-0443,Baseline,2026-02-14,107,93,78,15,36.4,68.7,
ONC-0443,Week 2,2026-02-24,109,68,83,15,36.4,69.1,
ONC-0443,Week 4,2026-03-18,110,66,62,20,36.5,66.5,
ONC-0443,Week 8,2026-04-12,132,85,61,16,37.3,71.6,
ONC-0443,Week 12,2026-05-12,114,65,85,14,36.6,68.4,
ONC-0443,End of Study,2026-05-21,138,76,78,16,37.4,70.4,
ONC-0444,Screening,2026-03-12,106,65,93,15,37.0,95.1,
ONC-0444,Baseline,2026-03-13,142,75,83,17,36.1,97.7,
ONC-0444,Week 2,2026-03-28,115,85,74,18,37.3,99.8,
ONC-0444,Week 4,2026-04-10,139,79,57,20,36.4,95.2,
ONC-0444,Week 8,2026-05-07,143,66,56,14,36.2,98.4,
ONC-0444,Week 12,2026-05-28,135,69,80,14,37.1,100.5,
ONC-0444,End of Study,2026-06-04,112,79,71,18,36.6,95.7,
ONC-0445,Screening,2026-05-25,131,74,78,18,37.1,57.8,
ONC-0445,Baseline,2026-05-26,115,94,87,17,37.1,52.9,
ONC-0445,Week 2,2026-06-07,120,95,67,17,36.3,52.9,
ONC-0445,Week 4,2026-06-18,106,89,66,13,36.6,54.3,
ONC-0445,Week 8,2026-07-16,122,65,77,17,37.1,57.0,
ONC-0445,Week 12,2026-08-10,107,81,84,17,37.1,56.0,
ONC-0445,End of Study,2026-08-21,149,81,92,19,36.5,57.2,
ONC-0446,Screening,2026-02-28,128,77,76,20,37.2,55.4,
ONC-0446,Baseline,2026-03-01,137,92,65,16,37.1,56.4,
ONC-0446,Week 2,2026-03-13,121,80,63,20,37.2,56.8,
ONC-0446,Week 4,2026-03-29,109,66,68,16,37.3,55.8,
ONC-0446,Week 8,2026-04-27,124,86,80,14,36.3,58.7,
ONC-0446,Week 12,2026-05-30,126,95,75,15,36.6,58.5,
ONC-0446,End of Study,2026-05-27,149,75,93,13,37.0,55.8,
ONC-0447,Screening,2026-03-08,145,67,91,17,36.7,116.0,
ONC-0448,Screening,2026-05-27,133,90,94,13,37.2,89.5,
ONC-0448,Baseline,2026-05-28,134,87,74,20,36.5,86.8,
ONC-0448,Week 2,2026-06-11,129,84,77,20,36.5,91.9,
ONC-0448,Week 8,2026-07-19,132,66,91,15,36.8,86.5,
ONC-0448,Week 12,2026-08-26,143,67,59,17,37.4,90.8,
ONC-0448,End of Study,2026-08-23,150,94,69,18,36.4,87.4,
ONC-0449,Screening,2026-02-13,128,95,60,17,36.4,95.4,
ONC-0449,Baseline,2026-02-14,119,70,64,19,37.0,98.1,
ONC-0449,Week 2,2026-02-25,119,65,88,20,36.3,98.0,
ONC-0449,Week 4,2026-03-08,120,78,71,14,37.4,98.7,
ONC-0449,Week 8,2026-04-11,132,82,85,15,36.4,98.6,
ONC-0449,Week 12,2026-05-14,107,71,57,17,36.1,95.4,
ONC-0449,End of Study,2026-05-08,149,94,56,19,37.1,98.5,
ONC-0450,Screening,2026-04-01,147,79,62,15,37.0,108.5,
ONC-0451,Screening,2026-01-23,131,75,69,14,36.2,102.0,
ONC-0451,Baseline,2026-01-24,132,67,92,18,36.9,101.0,
ONC-0451,Week 2,2026-02-08,114,75,67,17,37.2,101.1,
ONC-0451,Week 4,2026-02-23,129,69,95,20,36.6,102.0,
ONC-0451,Week 8,2026-03-15,144,70,77,14,36.1,100.5,
ONC-0451,End of Study,2026-04-24,110,94,58,20,36.9,100.1,
ONC-0452,Screening,2026-04-07,117,70,85,18,36.5,68.6,
ONC-0453,Screening,2026-05-03,109,75,87,12,37.1,93.4,
ONC-0453,Baseline,2026-05-04,141,82,92,19,36.5,92.6,
ONC-0453,Week 2,2026-05-16,123,90,95,12,37.2,89.5,
ONC-0453,Week 12,2026-07-29,109,71,59,17,36.2,91.0,
ONC-0453,End of Study,2026-07-31,105,90,83,16,37.3,94.8,
ONC-0454,Screening,2026-03-15,148,83,60,20,37.1,96.0,
ONC-0454,Baseline,2026-03-16,123,90,59,18,37.3,92.9,
ONC-0454,Week 4,2026-04-10,148,66,86,20,37.4,94.6,
ONC-0454,Week 8,2026-05-04,148,88,71,17,37.2,94.6,
ONC-0454,Week 12,2026-06-01,136,85,61,17,36.1,91.1,
ONC-0454,End of Study,2026-06-14,137,94,66,16,36.6,91.6,
ONC-0455,Screening,2026-04-28,143,81,78,18,36.8,54.3,
ONC-0455,Baseline,2026-04-29,143,89,57,12,37.4,56.7,
ONC-0455,Week 2,2026-05-09,119,86,63,19,37.2,55.8,
ONC-0455,Week 4,2026-05-22,146,76,86,15,36.9,55.4,
ONC-0455,Week 8,2026-06-28,108,85,55,12,36.8,55.4,
ONC-0455,Week 12,2026-07-28,121,94,65,15,36.3,54.1,
ONC-0455,End of Study,2026-07-24,111,89,58,20,36.1,53.0,
ONC-0456,Screening,2026-06-19,144,66,90,18,36.4,95.2,
ONC-0456,Baseline,2026-06-20,128,78,87,20,37.4,93.0,
ONC-0456,Week 2,2026-07-03,144,95,77,12,36.4,92.6,
ONC-0456,Week 4,2026-07-13,113,89,84,18,36.3,93.4,
ONC-0456,Week 8,2026-08-13,144,71,57,17,36.7,91.4,
ONC-0456,Week 12,2026-09-11,147,73,80,18,36.3,90.4,
ONC-0456,End of Study,2026-09-12,118,82,82,14,37.2,93.9,
ONC-0457,Screening,2026-01-05,117,89,91,14,36.4,101.5,
ONC-0457,Baseline,2026-01-06,120,86,90,16,36.3,101.5,
ONC-0457,Week 2,2026-01-18,110,93,56,20,36.7,98.3,
ONC-0457,Week 4,2026-01-28,125,67,92,17,36.7,98.2,
ONC-0457,Week 8,2026-02-25,120,84,80,16,37.0,99.1,
ONC-0457,Week 12,2026-04-06,141,65,72,20,36.3,100.9,
ONC-0457,End of Study,2026-04-09,136,88,67,16,36.3,98.7,
ONC-0458,Screening,2026-02-23,114,74,95,16,36.3,82.2,
ONC-0458,Baseline,2026-02-24,118,85,64,15,36.3,84.3,
ONC-0458,Week 2,2026-03-06,145,87,65,16,36.4,83.3,
ONC-0458,Week 4,2026-03-27,134,67,56,14,36.8,83.6,
ONC-0458,Week 12,2026-05-20,139,89,92,20,36.4,84.4,
ONC-0458,End of Study,2026-05-20,108,89,75,12,36.7,84.1,
ONC-0459,Screening,2026-03-02,109,66,67,16,36.8,77.4,
ONC-0459,Baseline,2026-03-03,108,87,60,13,37.4,78.8,
ONC-0459,Week 2,2026-03-17,121,87,58,16,36.5,79.3,
ONC-0459,Week 4,2026-03-29,124,94,58,19,36.4,80.1,
ONC-0459,Week 8,2026-04-27,115,73,80,18,37.3,78.3,
ONC-0459,Week 12,2026-05-26,123,74,67,17,37.1,81.8,
ONC-0459,End of Study,2026-05-28,110,90,68,17,36.6,78.2,
ONC-0460,Screening,2026-02-14,106,69,90,18,37.0,77.6,
ONC-0461,Screening,2026-06-10,147,65,69,18,37.4,109.4,
ONC-0461,Baseline,2026-06-11,122,84,64,18,36.8,112.4,
ONC-0461,Week 4,2026-07-07,129,93,87,15,37.3,114.6,
ONC-0461,Week 8,2026-08-02,135,84,75,14,36.4,111.4,
ONC-0461,Week 12,2026-09-01,110,87,70,19,37.1,109.1,
ONC-0461,End of Study,2026-09-10,120,85,93,18,37.1,110.2,
ONC-0462,Screening,2026-05-01,122,78,74,20,36.5,76.8,
ONC-0462,Baseline,2026-05-02,112,84,69,16,36.8,78.3,
ONC-0462,Week 2,2026-05-13,140,94,75,17,36.3,73.9,
ONC-0462,Week 4,2026-06-03,129,68,73,19,36.6,75.9,
ONC-0462,Week 8,2026-06-28,118,84,60,20,36.8,76.2,
ONC-0462,Week 12,2026-07-18,133,80,81,14,36.9,78.7,
ONC-0462,End of Study,2026-08-02,149,72,94,12,37.2,77.8,
ONC-0463,Screening,2026-06-07,115,73,73,14,36.6,102.1,
ONC-0463,Baseline,2026-06-08,107,79,60,18,36.4,100.6,
ONC-0463,Week 2,2026-06-20,144,83,86,12,37.0,99.3,
ONC-0463,Week 4,2026-07-02,122,83,68,15,37.2,98.2,
ONC-0463,Week 8,2026-08-04,105,87,60,18,37.2,100.3,
ONC-0463,Week 12,2026-09-02,106,85,70,19,36.1,98.8,
ONC-0463,End of Study,2026-09-04,106,65,64,12,37.2,98.7,
ONC-0464,Screening,2026-01-07,123,76,91,16,37.0,107.2,
ONC-0464,Baseline,2026-01-08,114,86,63,18,36.4,107.9,
ONC-0464,Week 2,2026-01-22,121,85,67,14,37.0,105.7,
ONC-0464,Week 4,2026-02-09,112,88,91,16,36.1,103.8,
ONC-0464,Week 8,2026-03-10,143,89,57,16,36.4,104.3,
ONC-0464,Week 12,2026-04-06,142,80,60,16,37.0,106.2,
ONC-0464,End of Study,2026-04-07,127,69,82,16,36.5,106.3,
ONC-0465,Screening,2026-04-15,134,79,65,12,37.2,55.1,
ONC-0465,Baseline,2026-04-16,107,85,57,15,37.2,52.4,
ONC-0465,Week 2,2026-05-02,110,86,62,20,37.1,55.6,
ONC-0465,Week 4,2026-05-18,110,77,87,15,36.7,55.6,
ONC-0465,Week 8,2026-06-04,119,94,58,13,37.3,55.5,
ONC-0465,End of Study,2026-07-11,135,91,55,15,37.0,50.4,
ONC-0466,Screening,2026-03-07,150,72,57,17,36.6,51.9,
ONC-0466,Baseline,2026-03-08,143,91,80,19,36.6,49.9,
ONC-0466,Week 2,2026-03-24,146,85,83,14,36.4,50.9,
ONC-0466,Week 4,2026-04-09,143,70,60,13,37.2,53.2,
ONC-0466,Week 8,2026-05-01,106,78,95,12,37.0,51.4,
ONC-0466,Week 12,2026-05-31,144,72,55,16,36.4,50.1,
ONC-0466,End of Study,2026-06-10,106,70,86,18,37.2,48.3,
ONC-0467,Screening,2026-02-25,123,89,67,16,36.8,104.6,
ONC-0468,Screening,2026-04-22,106,81,93,14,37.1,92.2,
ONC-0468,Baseline,2026-04-23,112,69,95,18,36.9,92.7,
ONC-0468,Week 2,2026-05-08,138,84,89,18,36.6,95.9,
ONC-0468,Week 4,2026-05-20,124,66,75,19,36.5,93.3,
ONC-0468,Week 8,2026-06-21,139,71,69,17,36.4,94.6,
ONC-0468,Week 12,2026-07-16,113,87,59,19,36.6,94.6,
ONC-0468,End of Study,2026-07-24,126,80,63,13,36.4,91.9,
ONC-0469,Screening,2026-01-30,126,94,61,13,36.6,110.1,
ONC-0469,Baseline,2026-01-31,136,74,78,19,36.4,108.8,
ONC-0469,Week 2,2026-02-15,137,76,93,15,36.2,109.5,
ONC-0469,Week 4,2026-02-22,149,77,79,16,37.3,107.5,
ONC-0469,Week 8,2026-03-26,116,86,84,14,37.1,110.0,
ONC-0469,Week 12,2026-04-28,147,86,62,16,36.4,110.7,
ONC-0470,Screening,2026-06-12,143,73,57,20,37.1,94.3,
ONC-0470,Baseline,2026-06-13,109,89,55,18,37.3,92.8,
ONC-0470,Week 2,2026-06-23,119,75,85,15,37.2,93.7,
ONC-0470,Week 4,2026-07-11,140,80,75,15,36.4,95.7,
ONC-0470,Week 8,2026-08-08,129,92,59,20,36.5,97.1,
ONC-0470,Week 12,2026-09-08,145,66,58,14,37.2,93.1,
ONC-0470,End of Study,2026-09-12,137,65,93,17,37.0,96.8,
ONC-0471,Screening,2026-05-23,140,84,90,13,36.6,100.7,
ONC-0471,Baseline,2026-05-24,141,89,55,14,37.2,98.0,
ONC-0471,Week 2,2026-06-07,144,77,59,17,37.3,98.4,
ONC-0471,Week 4,2026-06-16,144,68,60,16,36.5,102.6,
ONC-0471,Week 8,2026-07-19,148,69,66,19,36.8,100.7,
ONC-0471,Week 12,2026-08-15,119,89,67,13,36.5,97.6,
ONC-0471,End of Study,2026-08-17,130,79,62,12,37.0,97.1,
ONC-0472,Screening,2026-03-13,111,93,66,15,36.3,88.1,
ONC-0472,Baseline,2026-03-14,111,94,81,15,37.2,88.0,
ONC-0472,Week 2,2026-03-28,149,87,85,15,36.1,85.5,
ONC-0472,Week 4,2026-04-14,129,94,81,12,36.6,91.1,
ONC-0472,Week 8,2026-05-06,120,90,56,17,36.2,89.8,
ONC-0472,Week 12,2026-06-03,137,82,80,20,36.5,89.0,
ONC-0472,End of Study,2026-06-15,136,80,87,12,37.1,90.9,
ONC-0473,Screening,2026-03-14,126,72,63,17,36.5,98.5,
ONC-0473,Baseline,2026-03-15,130,86,77,18,37.1,100.2,
ONC-0473,Week 2,2026-03-25,145,70,61,17,36.5,100.4,
ONC-0473,Week 4,2026-04-15,120,77,73,12,36.5,100.0,
ONC-0473,Week 8,2026-05-06,123,93,75,20,36.2,98.9,
ONC-0473,Week 12,2026-06-05,143,76,71,16,37.3,98.4,
ONC-0473,End of Study,2026-06-14,144,77,82,14,36.6,96.9,
ONC-0474,Screening,2026-06-29,110,79,74,18,36.9,64.6,
ONC-0474,Baseline,2026-06-30,112,66,77,17,36.5,62.0,
ONC-0474,Week 2,2026-07-10,150,89,61,12,36.3,66.9,
ONC-0474,Week 4,2026-07-24,146,86,74,15,36.5,65.6,
ONC-0474,Week 8,2026-08-23,146,89,85,20,37.0,65.7,
ONC-0474,Week 12,2026-09-24,106,86,79,15,36.9,65.2,
ONC-0474,End of Study,2026-09-23,114,66,89,20,37.2,62.6,
ONC-0475,Screening,2026-05-28,123,77,89,14,36.8,80.7,
ONC-0475,Baseline,2026-05-29,140,71,78,16,36.7,79.8,
ONC-0475,Week 2,2026-06-12,144,87,84,16,36.8,80.6,
ONC-0475,Week 4,2026-06-22,150,92,83,13,36.7,79.3,
ONC-0475,Week 8,2026-07-23,129,79,63,15,37.3,82.9,
ONC-0475,Week 12,2026-08-24,137,90,87,13,36.9,82.0,
ONC-0475,End of Study,2026-08-27,125,78,93,19,37.4,79.8,
ONC-0476,Screening,2026-04-13,130,83,93,14,37.3,96.5,
ONC-0477,Screening,2026-04-15,107,93,77,17,36.4,72.2,
ONC-0477,Baseline,2026-04-16,111,79,61,20,36.8,71.0,
ONC-0477,Week 2,2026-05-01,131,94,85,13,36.7,72.8,
ONC-0477,Week 4,2026-05-14,148,70,57,17,36.6,72.1,
ONC-0477,Week 8,2026-06-07,133,83,62,18,37.2,68.4,
ONC-0477,Week 12,2026-07-07,145,69,78,19,36.9,71.2,
ONC-0477,End of Study,2026-07-21,113,78,81,17,36.3,72.8,
ONC-0478,Screening,2026-03-15,130,83,94,13,37.2,63.7,
ONC-0478,Baseline,2026-03-16,131,71,73,16,36.5,62.6,
ONC-0478,Week 2,2026-03-29,144,74,74,13,36.8,60.2,
ONC-0478,Week 4,2026-04-16,135,72,66,15,36.6,61.8,
ONC-0478,Week 8,2026-05-10,146,76,56,18,36.3,63.8,
ONC-0478,Week 12,2026-06-05,141,74,75,16,37.4,61.0,
ONC-0478,End of Study,2026-06-12,140,92,94,15,36.6,64.6,
ONC-0479,Screening,2026-05-21,121,72,91,15,36.3,110.2,
ONC-0479,Baseline,2026-05-22,118,84,56,18,36.2,113.3,
ONC-0479,Week 4,2026-06-20,143,93,92,16,37.3,112.7,
ONC-0479,Week 8,2026-07-23,123,65,89,20,36.3,111.3,
ONC-0479,Week 12,2026-08-08,142,65,89,19,36.7,108.4,
ONC-0479,End of Study,2026-08-24,120,74,61,18,36.5,111.3,
ONC-0480,Screening,2026-03-24,127,67,91,12,37.3,60.8,
ONC-0480,Baseline,2026-03-25,133,81,94,20,36.5,60.0,
ONC-0480,Week 2,2026-04-04,143,71,93,16,36.9,59.6,
ONC-0480,Week 4,2026-04-16,150,83,56,17,36.4,62.0,
ONC-0480,Week 8,2026-05-24,126,87,61,15,37.3,60.4,
ONC-0480,Week 12,2026-06-14,118,77,78,12,37.3,63.6,
ONC-0480,End of Study,2026-06-20,135,94,85,19,37.3,60.9,
ONC-0481,Screening,2026-06-28,112,73,70,14,37.2,56.3,
ONC-0481,Baseline,2026-06-29,115,86,85,13,37.3,56.1,
ONC-0481,Week 2,2026-07-12,106,66,85,13,36.8,55.6,
ONC-0481,Week 4,2026-07-31,146,91,80,17,36.7,54.9,
ONC-0481,Week 8,2026-08-27,135,69,95,20,36.1,54.3,
ONC-0481,Week 12,2026-09-26,120,72,63,14,37.1,54.6,
ONC-0481,End of Study,2026-09-24,139,87,76,12,36.3,52.5,
ONC-0482,Screening,2026-06-09,145,68,75,19,37.1,77.7,
ONC-0482,Baseline,2026-06-10,149,65,55,16,36.8,75.3,
ONC-0482,Week 2,2026-06-20,110,68,85,12,37.4,76.0,
ONC-0482,Week 4,2026-07-11,138,95,61,18,36.6,78.3,
ONC-0482,Week 8,2026-08-08,133,80,71,16,36.2,79.3,
ONC-0482,Week 12,2026-08-26,119,82,63,15,37.1,78.6,
ONC-0482,End of Study,2026-09-13,141,81,77,17,37.0,78.4,
ONC-0483,Screening,2026-03-21,132,84,73,14,36.2,82.9,
ONC-0483,Baseline,2026-03-22,150,80,82,19,36.4,84.6,
ONC-0483,Week 2,2026-04-05,122,89,83,13,37.1,83.3,
ONC-0483,Week 4,2026-04-19,136,68,76,16,37.4,88.5,
ONC-0483,Week 8,2026-05-21,141,86,82,18,37.2,84.8,
ONC-0483,Week 12,2026-06-07,128,69,72,19,36.4,88.3,
ONC-0483,End of Study,2026-06-24,137,89,61,14,36.4,86.0,
ONC-0484,Screening,2026-02-07,145,83,83,19,36.4,82.3,
ONC-0484,Baseline,2026-02-08,147,84,89,19,36.6,83.5,
ONC-0484,Week 2,2026-02-20,131,71,58,20,37.3,86.5,
ONC-0484,Week 4,2026-03-11,130,72,69,15,36.7,84.7,
ONC-0484,Week 8,2026-04-05,133,95,79,16,36.4,84.5,
ONC-0484,End of Study,2026-05-09,136,87,78,13,36.9,85.8,
ONC-0485,Screening,2026-03-02,128,82,95,20,37.3,108.5,
ONC-0485,Baseline,2026-03-03,124,88,87,14,37.1,110.7,
ONC-0485,Week 2,2026-03-17,124,73,90,13,36.5,111.8,
ONC-0485,Week 4,2026-04-01,119,65,61,15,36.6,110.8,
ONC-0485,Week 8,2026-04-24,118,66,56,20,36.2,111.2,
ONC-0485,Week 12,2026-05-23,133,69,64,16,36.5,109.7,
ONC-0485,End of Study,2026-05-24,113,84,56,14,37.3,110.3,
ONC-0486,Screening,2026-02-01,110,74,82,18,37.3,95.4,
ONC-0486,Baseline,2026-02-02,130,89,55,17,37.0,95.6,
ONC-0486,Week 2,2026-02-13,116,85,68,12,36.3,99.1,
ONC-0486,Week 4,2026-03-01,138,71,72,19,37.3,97.7,
ONC-0486,Week 8,2026-03-31,149,66,85,15,37.1,97.2,
ONC-0486,Week 12,2026-04-25,150,93,68,19,37.2,100.0,
ONC-0486,End of Study,2026-05-02,140,95,65,15,36.2,100.3,
ONC-0487,Screening,2026-03-15,147,71,94,19,37.4,115.1,
ONC-0487,Baseline,2026-03-16,135,66,81,17,37.3,115.4,
ONC-0487,Week 2,2026-03-26,133,73,83,15,37.1,117.9,
ONC-0487,Week 8,2026-05-04,108,72,56,14,36.2,117.3,
ONC-0487,Week 12,2026-06-13,145,69,91,20,36.5,115.6,
ONC-0487,End of Study,2026-06-19,130,82,77,20,36.2,113.6,
ONC-0488,Screening,2026-05-26,116,85,85,19,36.2,53.3,
ONC-0488,Baseline,2026-05-27,148,65,89,14,36.7,49.2,
ONC-0488,Week 2,2026-06-06,119,67,69,18,36.2,51.4,
ONC-0488,Week 4,2026-06-25,131,92,64,17,36.8,50.7,
ONC-0488,Week 8,2026-07-19,145,92,63,13,37.2,47.7,
ONC-0488,Week 12,2026-08-11,144,85,90,16,36.2,52.5,
ONC-0488,End of Study,2026-08-20,141,79,58,15,37.3,52.0,
ONC-0489,Screening,2026-03-23,146,95,60,15,37.4,66.5,
ONC-0489,Baseline,2026-03-24,123,94,76,14,36.8,65.7,
ONC-0489,Week 4,2026-04-22,137,71,90,20,36.4,65.6,
ONC-0489,Week 8,2026-05-23,141,74,67,14,36.6,66.9,
ONC-0489,Week 12,2026-06-13,119,94,70,17,36.1,66.4,
ONC-0489,End of Study,2026-06-17,107,76,92,12,36.1,65.7,
ONC-0490,Screening,2026-03-03,132,85,75,14,36.5,53.2,
ONC-0490,Baseline,2026-03-04,107,82,85,15,36.1,54.7,
ONC-0490,Week 2,2026-03-20,150,79,73,19,37.0,51.7,
ONC-0490,Week 4,2026-03-26,135,71,76,14,36.1,49.9,
ONC-0490,Week 8,2026-04-26,130,71,82,19,36.3,54.7,
ONC-0490,End of Study,2026-05-27,106,82,68,17,36.9,52.3,
ONC-0491,Screening,2026-02-13,141,79,93,12,36.5,58.2,
ONC-0491,Baseline,2026-02-14,128,69,69,18,36.5,57.6,
ONC-0491,Week 2,2026-02-26,123,70,86,12,37.3,58.4,
ONC-0491,Week 4,2026-03-09,124,78,84,20,37.0,54.3,
ONC-0491,Week 8,2026-04-12,131,87,91,18,37.1,58.1,
ONC-0491,Week 12,2026-05-01,136,66,76,14,36.5,55.6,
ONC-0492,Screening,2026-01-22,114,75,71,18,36.5,113.7,
ONC-0492,Baseline,2026-01-23,143,71,77,20,36.6,114.7,
ONC-0492,Week 2,2026-02-08,115,76,89,16,36.9,116.7,
ONC-0492,Week 4,2026-02-22,117,95,89,16,36.8,112.5,
ONC-0492,Week 8,2026-03-20,106,95,82,13,36.5,112.8,
ONC-0492,Week 12,2026-04-21,109,73,89,20,36.4,112.1,
ONC-0492,End of Study,2026-04-21,140,75,71,13,37.2,112.1,
ONC-0493,Screening,2026-04-26,106,71,86,16,36.2,77.6,
ONC-0493,Baseline,2026-04-27,144,80,94,18,36.5,76.8,
ONC-0493,Week 2,2026-05-09,139,93,92,16,36.8,74.6,
ONC-0493,Week 4,2026-05-21,139,70,76,14,36.8,77.0,
ONC-0493,Week 8,2026-06-19,128,92,90,14,36.6,77.5,
ONC-0493,Week 12,2026-07-14,109,73,67,14,36.4,74.2,
ONC-0493,End of Study,2026-07-29,127,73,65,15,36.9,77.6,
ONC-0494,Screening,2026-06-21,113,84,73,12,36.2,73.2,
ONC-0494,Baseline,2026-06-22,138,67,83,15,36.1,74.4,
ONC-0494,Week 2,2026-07-06,141,77,61,18,37.1,77.2,
ONC-0494,Week 4,2026-07-15,146,78,57,14,36.8,73.3,
ONC-0494,Week 8,2026-08-12,137,83,83,13,36.2,75.0,
ONC-0494,Week 12,2026-09-06,108,92,56,12,36.2,75.0,
ONC-0494,End of Study,2026-09-26,137,79,89,15,37.3,72.9,
ONC-0495,Screening,2026-03-30,139,82,91,14,37.1,84.2,
ONC-0495,Baseline,2026-03-31,135,72,74,20,37.3,81.6,
ONC-0495,Week 2,2026-04-14,122,85,93,14,36.5,81.2,
ONC-0495,Week 4,2026-05-02,108,95,81,18,36.9,81.9,
ONC-0495,Week 8,2026-05-31,136,83,93,13,37.3,82.5,
ONC-0495,Week 12,2026-06-24,112,93,81,17,37.2,86.2,
ONC-0496,Screening,2026-01-21,129,82,70,15,36.3,102.7,
ONC-0496,Baseline,2026-01-22,147,95,95,16,36.6,104.2,
ONC-0496,Week 2,2026-02-02,118,83,69,17,36.5,106.9,
ONC-0496,Week 4,2026-02-18,147,81,81,19,36.3,106.8,
ONC-0496,Week 8,2026-03-15,123,67,60,20,36.5,104.2,
ONC-0496,Week 12,2026-04-11,129,75,65,17,36.4,106.2,
ONC-0496,End of Study,2026-04-18,113,66,64,20,36.6,102.1,
ONC-0497,Screening,2026-02-24,123,90,67,15,36.6,70.6,
ONC-0497,Baseline,2026-02-25,129,65,72,19,36.3,70.2,
ONC-0497,Week 2,2026-03-13,113,68,94,20,36.7,71.0,
ONC-0497,Week 4,2026-03-21,125,75,61,14,36.4,73.8,
ONC-0497,Week 8,2026-04-22,117,82,64,14,37.3,69.4,
ONC-0497,Week 12,2026-05-25,137,95,81,12,36.9,74.0,
ONC-0497,End of Study,2026-05-28,141,82,77,18,36.8,73.4,
ONC-0498,Screening,2026-02-10,112,83,87,15,36.8,118.0,
ONC-0498,Baseline,2026-02-11,143,86,73,17,36.3,121.3,
ONC-0498,Week 2,2026-02-24,133,76,60,17,37.0,120.8,
ONC-0498,Week 4,2026-03-14,118,73,62,13,36.5,119.4,
ONC-0498,Week 8,2026-04-10,142,70,90,12,37.2,116.5,
ONC-0498,Week 12,2026-05-07,138,81,82,13,37.4,116.7,
ONC-0498,End of Study,2026-05-14,141,66,85,18,36.9,118.1,
ONC-0499,Screening,2026-05-30,122,87,87,12,36.2,114.1,
ONC-0499,Baseline,2026-05-31,121,90,95,15,36.6,114.7,
ONC-0499,Week 2,2026-06-10,143,80,58,14,37.1,115.6,
ONC-0499,Week 4,2026-06-22,138,93,77,16,36.3,112.5,
ONC-0499,Week 8,2026-07-31,146,90,86,15,36.2,114.4,
ONC-0499,Week 12,2026-08-23,146,80,91,19,36.9,113.8,
ONC-0499,End of Study,2026-08-25,138,89,77,14,36.3,115.9,
ONC-0500,Screening,2026-02-25,124,76,56,14,36.4,53.6,
ONC-0500,Baseline,2026-02-26,133,89,60,16,36.4,53.6,
ONC-0500,Week 2,2026-03-10,132,87,82,12,36.3,52.5,
ONC-0500,Week 4,2026-03-27,113,92,72,15,36.4,51.1,
ONC-0500,Week 8,2026-04-22,128,78,88,17,37.2,52.5,
ONC-0500,Week 12,2026-05-26,117,70,81,14,36.7,49.8,
ONC-0500,End of Study,2026-06-02,119,85,76,14,36.4,53.7,
